transaction_id,user_id,merchant_id,merchant_category,amount,txn_timestamp,is_fraud
T103961,U10037,M1045,pharmacy,25.0,2026-04-01 01:03:59,0
T103554,U10075,M1040,electronics,117.94,2026-04-01 01:19:00,0
T103163,U10144,M1057,electronics,9.41,2026-04-01 01:58:09,0
T102681,U10025,M1022,electronics,648.15,2026-04-01 07:10:16,0
T107553,U10180,M1005,fashion,56.37,2026-04-01 07:44:06,0
T103489,U10265,M1028,gambling,130.27,2026-04-01 09:45:16,0
T104320,U10147,M1053,crypto,26.56,2026-04-01 10:03:51,0
T107753,U10095,M1006,grocery,64.42,2026-04-01 10:37:12,0
T102322,U10229,M1002,restaurant,41.26,2026-04-01 11:53:05,0
T102543,U10051,M1034,fashion,15.96,2026-04-01 12:10:55,0
T103312,U10028,M1004,crypto,120.34,2026-04-01 12:25:31,0
T103027,U10266,M1012,utilities,30.04,2026-04-01 12:28:49,0
T107688,U10001,M1005,fashion,49.59,2026-04-01 12:40:27,0
T104037,U10161,M1042,utilities,45.69,2026-04-01 14:10:30,0
T102498,U10144,M1013,utilities,16.43,2026-04-01 14:38:05,0
T101927,U10244,M1050,utilities,64.13,2026-04-01 15:22:30,0
T107777,U10054,M1058,utilities,18.8,2026-04-01 15:24:35,0
T106417,U10176,M1040,electronics,31.46,2026-04-01 17:18:04,0
T106606,U10046,M1046,crypto,21.31,2026-04-01 18:04:50,0
T104351,U10289,M1035,grocery,5.98,2026-04-01 19:03:53,0
T102368,U10287,M1004,crypto,26.91,2026-04-01 19:35:20,0
T102671,U10038,M1034,fashion,69.52,2026-04-01 20:22:03,0
T101344,U10127,M1055,grocery,30.69,2026-04-01 20:30:44,0
T106845,U10254,M1056,gambling,11.89,2026-04-01 21:25:44,0
T105794,U10106,M1015,utilities,29.41,2026-04-01 21:26:24,0
T101392,U10297,M1015,utilities,164.83,2026-04-01 21:32:00,0
T107440,U10038,M1021,gaming,68.86,2026-04-01 21:40:45,0
T102051,U10173,M1009,grocery,51.06,2026-04-01 21:46:20,0
T101704,U10012,M1037,fashion,74.68,2026-04-01 22:49:55,0
T103086,U10114,M1040,electronics,59.55,2026-04-01 22:57:42,0
T107555,U10215,M1026,crypto,13.3,2026-04-01 23:02:58,0
T103491,U10207,M1019,crypto,11.86,2026-04-01 23:30:15,0
T103595,U10131,M1052,gaming,37.72,2026-04-01 23:58:19,0
T103679,U10149,M1001,utilities,39.67,2026-04-02 00:32:04,0
T102708,U10102,M1051,electronics,22.62,2026-04-02 00:51:32,0
T104226,U10050,M1059,restaurant,29.86,2026-04-02 01:14:23,0
T103572,U10110,M1058,utilities,29.74,2026-04-02 01:22:28,0
T100683,U10291,M1031,travel,26.33,2026-04-02 01:24:41,0
T102213,U10059,M1013,utilities,52.8,2026-04-02 01:25:47,0
T100179,U10173,M1022,electronics,21.11,2026-04-02 02:06:31,0
T107472,U10135,M1026,crypto,25.24,2026-04-02 02:21:06,0
T100903,U10086,M1035,grocery,20.64,2026-04-02 02:38:45,0
T103728,U10079,M1035,grocery,33.36,2026-04-02 03:08:56,0
T104695,U10279,M1027,fashion,104.6,2026-04-02 03:44:27,0
T105751,U10122,M1042,utilities,4.85,2026-04-02 03:56:01,0
T102664,U10089,M1037,fashion,28.63,2026-04-02 04:30:24,0
T103599,U10269,M1030,crypto,60.22,2026-04-02 04:42:52,0
T104358,U10231,M1052,gaming,22.98,2026-04-02 05:11:05,0
T102328,U10224,M1059,restaurant,19.77,2026-04-02 05:20:32,0
T107442,U10298,M1027,fashion,19.78,2026-04-02 05:30:09,0
T107261,U10008,M1008,travel,29.19,2026-04-02 06:51:07,0
T104003,U10238,M1053,crypto,23.85,2026-04-02 07:05:19,0
T101576,U10240,M1053,crypto,21.31,2026-04-02 07:07:48,0
T107520,U10056,M1029,crypto,59.43,2026-04-02 07:17:50,1
T103589,U10078,M1032,grocery,18.54,2026-04-02 07:54:24,0
T102685,U10268,M1042,utilities,20.45,2026-04-02 07:57:37,0
T107557,U10257,M1022,electronics,27.51,2026-04-02 08:18:51,0
T102425,U10030,M1036,fashion,14.78,2026-04-02 08:35:52,0
T105362,U10053,M1042,utilities,29.7,2026-04-02 09:03:14,0
T100941,U10171,M1031,travel,54.16,2026-04-02 09:04:44,0
T106359,U10293,M1017,electronics,73.81,2026-04-02 09:37:02,0
T100821,U10062,M1005,fashion,45.2,2026-04-02 09:43:13,0
T100137,U10045,M1051,electronics,15.44,2026-04-02 10:38:31,0
T107192,U10049,M1023,pharmacy,62.74,2026-04-02 10:49:57,0
T100652,U10019,M1029,crypto,15.06,2026-04-02 11:29:55,0
T104304,U10198,M1058,utilities,30.98,2026-04-02 11:40:25,0
T100026,U10043,M1042,utilities,39.26,2026-04-02 11:54:46,0
T102178,U10138,M1030,crypto,36.26,2026-04-02 13:22:02,0
T104836,U10283,M1027,fashion,53.32,2026-04-02 13:31:24,0
T100953,U10185,M1028,gambling,140.3,2026-04-02 13:39:13,0
T103935,U10082,M1022,electronics,119.76,2026-04-02 14:18:20,0
T107237,U10172,M1054,crypto,51.58,2026-04-02 14:19:08,0
T101615,U10286,M1034,fashion,27.62,2026-04-02 14:36:22,0
T107941,U10056,M1040,electronics,31.68,2026-04-02 15:08:57,0
T103473,U10288,M1005,fashion,236.56,2026-04-02 15:09:16,0
T105351,U10272,M1054,crypto,47.21,2026-04-02 15:13:05,0
T103393,U10269,M1038,travel,52.1,2026-04-02 15:28:31,0
T100717,U10294,M1023,pharmacy,218.64,2026-04-02 15:55:09,0
T104140,U10276,M1046,crypto,107.45,2026-04-02 15:55:14,0
T105746,U10053,M1048,restaurant,48.62,2026-04-02 16:07:53,0
T102934,U10130,M1018,fashion,14.77,2026-04-02 16:44:39,0
T104215,U10072,M1032,grocery,45.26,2026-04-02 16:51:44,0
T104867,U10193,M1035,grocery,15.94,2026-04-02 17:16:49,0
T101121,U10294,M1044,grocery,136.81,2026-04-02 17:17:52,0
T105277,U10258,M1037,fashion,18.48,2026-04-02 17:30:23,0
T106832,U10282,M1013,utilities,126.54,2026-04-02 17:47:25,0
T103147,U10124,M1034,fashion,36.52,2026-04-02 17:53:32,0
T107848,U10245,M1055,grocery,102.72,2026-04-02 18:17:46,0
T101382,U10131,M1040,electronics,134.0,2026-04-02 18:27:35,0
T101874,U10054,M1007,restaurant,38.47,2026-04-02 18:34:55,0
T100515,U10215,M1004,crypto,28.61,2026-04-02 18:58:12,0
T104982,U10092,M1027,fashion,46.32,2026-04-02 18:59:02,0
T103562,U10072,M1046,crypto,31.29,2026-04-02 19:00:52,1
T106900,U10164,M1045,pharmacy,15.05,2026-04-02 19:38:18,0
T103695,U10280,M1052,gaming,47.87,2026-04-02 19:59:57,0
T107836,U10248,M1056,gambling,823.03,2026-04-02 20:01:37,1
T105446,U10255,M1042,utilities,23.57,2026-04-02 20:08:27,0
T107881,U10089,M1027,fashion,59.17,2026-04-02 20:11:05,0
T100289,U10254,M1035,grocery,18.74,2026-04-02 21:46:35,0
T100868,U10099,M1050,utilities,26.59,2026-04-02 21:52:29,0
T105144,U10161,M1053,crypto,83.79,2026-04-02 21:57:49,0
T100884,U10182,M1051,electronics,87.09,2026-04-02 22:16:19,0
T105318,U10174,M1005,fashion,54.75,2026-04-02 23:53:53,0
T105117,U10272,M1036,fashion,60.6,2026-04-03 00:59:22,0
T101370,U10243,M1024,utilities,47.17,2026-04-03 01:08:07,0
T103553,U10151,M1001,utilities,20.78,2026-04-03 01:50:41,0
T107080,U10274,M1032,grocery,50.76,2026-04-03 03:16:25,0
T105052,U10134,M1012,utilities,132.94,2026-04-03 03:29:14,0
T101347,U10006,M1054,crypto,72.74,2026-04-03 04:01:46,0
T107220,U10103,M1006,grocery,62.92,2026-04-03 04:03:44,0
T104233,U10204,M1007,restaurant,37.95,2026-04-03 05:00:10,0
T105691,U10136,M1059,restaurant,34.93,2026-04-03 05:05:42,0
T101977,U10043,M1023,pharmacy,55.37,2026-04-03 05:17:21,0
T104658,U10076,M1018,fashion,19.31,2026-04-03 06:23:55,0
T101380,U10014,M1007,restaurant,45.98,2026-04-03 06:31:53,0
T104309,U10060,M1045,pharmacy,14.53,2026-04-03 06:49:38,0
T100904,U10026,M1031,travel,9.9,2026-04-03 06:57:46,0
T101368,U10281,M1037,fashion,36.21,2026-04-03 07:00:20,0
T100366,U10221,M1019,crypto,22.8,2026-04-03 07:53:48,0
T102903,U10105,M1029,crypto,10.21,2026-04-03 08:06:53,0
T107346,U10233,M1019,crypto,56.38,2026-04-03 08:27:50,1
T105915,U10043,M1050,utilities,98.51,2026-04-03 08:40:30,0
T100902,U10063,M1047,fashion,70.96,2026-04-03 08:47:48,0
T107339,U10104,M1052,gaming,10.03,2026-04-03 08:48:03,0
T100172,U10151,M1047,fashion,78.02,2026-04-03 08:58:22,0
T106656,U10038,M1019,crypto,59.36,2026-04-03 09:04:26,0
T101549,U10263,M1006,grocery,22.1,2026-04-03 09:05:36,0
T105765,U10250,M1026,crypto,129.83,2026-04-03 09:46:15,0
T100886,U10174,M1048,restaurant,118.93,2026-04-03 09:56:11,0
T102581,U10087,M1048,restaurant,59.64,2026-04-03 10:06:44,0
T101012,U10014,M1052,gaming,31.16,2026-04-03 10:08:22,0
T107968,U10193,M1008,travel,27.28,2026-04-03 10:21:04,0
T106501,U10099,M1026,crypto,23.49,2026-04-03 11:01:37,0
T104741,U10275,M1051,electronics,22.6,2026-04-03 11:20:57,0
T106538,U10129,M1051,electronics,30.84,2026-04-03 12:51:11,0
T101661,U10021,M1041,utilities,106.41,2026-04-03 12:52:23,0
T103495,U10105,M1052,gaming,20.78,2026-04-03 13:28:43,0
T100996,U10050,M1019,crypto,41.21,2026-04-03 14:25:12,0
T107792,U10099,M1052,gaming,23.19,2026-04-03 14:50:00,0
T102994,U10108,M1002,restaurant,37.93,2026-04-03 15:03:13,0
T103048,U10286,M1048,restaurant,23.51,2026-04-03 15:24:21,0
T106076,U10066,M1059,restaurant,31.78,2026-04-03 15:25:36,0
T101427,U10229,M1037,fashion,6.11,2026-04-03 15:33:44,0
T102363,U10108,M1010,gambling,46.54,2026-04-03 16:02:46,0
T107255,U10185,M1009,grocery,37.38,2026-04-03 16:12:55,0
T103976,U10084,M1014,utilities,88.49,2026-04-03 16:14:44,0
T105034,U10128,M1041,utilities,51.42,2026-04-03 16:15:59,0
T106786,U10154,M1002,restaurant,38.93,2026-04-03 16:31:41,0
T105349,U10190,M1021,gaming,15.4,2026-04-03 18:07:18,0
T103350,U10044,M1001,utilities,71.74,2026-04-03 18:15:01,0
T104302,U10259,M1010,gambling,47.07,2026-04-03 18:35:37,0
T106746,U10263,M1021,gaming,24.91,2026-04-03 19:24:32,0
T106246,U10190,M1037,fashion,40.76,2026-04-03 19:45:41,0
T101797,U10266,M1008,travel,55.84,2026-04-03 20:11:12,0
T104162,U10245,M1050,utilities,54.94,2026-04-03 21:34:03,0
T104527,U10214,M1049,utilities,115.32,2026-04-03 21:46:25,0
T104427,U10251,M1001,utilities,47.35,2026-04-03 21:57:04,0
T102180,U10070,M1059,restaurant,21.91,2026-04-03 22:16:23,0
T100535,U10015,M1025,restaurant,36.78,2026-04-03 22:44:03,0
T104353,U10275,M1048,restaurant,27.43,2026-04-03 22:45:15,0
T105387,U10285,M1020,gambling,39.56,2026-04-03 23:11:53,0
T102416,U10093,M1034,fashion,147.48,2026-04-03 23:24:18,0
T106633,U10012,M1058,utilities,11.69,2026-04-03 23:27:15,0
T104789,U10203,M1056,gambling,94.17,2026-04-04 00:25:22,0
T103776,U10123,M1049,utilities,78.51,2026-04-04 00:30:50,0
T105533,U10078,M1046,crypto,67.95,2026-04-04 00:53:44,0
T106116,U10108,M1011,pharmacy,66.34,2026-04-04 00:55:49,0
T102404,U10160,M1046,crypto,73.93,2026-04-04 01:39:38,0
T107856,U10123,M1016,gambling,36.92,2026-04-04 01:49:20,0
T106180,U10163,M1051,electronics,103.2,2026-04-04 01:55:57,0
T100725,U10029,M1027,fashion,107.66,2026-04-04 02:40:30,0
T100963,U10102,M1043,gaming,36.63,2026-04-04 02:53:15,0
T105192,U10017,M1054,crypto,18.79,2026-04-04 02:56:13,0
T101410,U10080,M1042,utilities,40.07,2026-04-04 03:12:07,0
T101774,U10080,M1045,pharmacy,20.27,2026-04-04 04:05:48,0
T104145,U10174,M1028,gambling,6.0,2026-04-04 04:15:11,0
T107234,U10250,M1032,grocery,63.97,2026-04-04 04:26:40,0
T102227,U10050,M1031,travel,62.91,2026-04-04 05:10:28,0
T103260,U10187,M1057,electronics,39.23,2026-04-04 05:12:27,0
T100439,U10190,M1046,crypto,18.34,2026-04-04 05:52:48,0
T100976,U10226,M1053,crypto,76.92,2026-04-04 06:01:33,0
T106763,U10088,M1051,electronics,136.47,2026-04-04 06:03:07,0
T106276,U10285,M1033,gambling,109.46,2026-04-04 06:11:00,0
T107154,U10269,M1029,crypto,84.27,2026-04-04 06:56:57,0
T107043,U10098,M1027,fashion,31.85,2026-04-04 08:09:44,0
T102355,U10243,M1058,utilities,202.35,2026-04-04 08:20:50,0
T106990,U10292,M1052,gaming,60.96,2026-04-04 08:44:33,0
T100473,U10297,M1025,restaurant,22.36,2026-04-04 09:40:51,0
T103157,U10003,M1042,utilities,34.99,2026-04-04 10:03:31,0
T100867,U10220,M1053,crypto,32.38,2026-04-04 10:57:01,0
T103806,U10093,M1037,fashion,82.02,2026-04-04 10:57:17,0
T101832,U10128,M1045,pharmacy,43.74,2026-04-04 10:57:30,0
T106532,U10220,M1033,gambling,37.01,2026-04-04 12:06:51,0
T102491,U10120,M1045,pharmacy,29.3,2026-04-04 12:29:17,0
T102028,U10153,M1035,grocery,60.79,2026-04-04 12:30:28,0
T102673,U10003,M1057,electronics,38.35,2026-04-04 12:43:45,0
T102237,U10006,M1044,grocery,18.0,2026-04-04 12:51:06,0
T101008,U10118,M1015,utilities,60.71,2026-04-04 13:05:23,0
T107645,U10086,M1009,grocery,23.61,2026-04-04 13:25:03,0
T103169,U10191,M1040,electronics,342.4,2026-04-04 13:55:08,0
T106204,U10102,M1052,gaming,63.97,2026-04-04 15:48:42,1
T105924,U10209,M1016,gambling,51.09,2026-04-04 16:03:33,0
T104521,U10167,M1008,travel,25.41,2026-04-04 16:28:51,0
T105755,U10091,M1007,restaurant,53.3,2026-04-04 16:32:46,0
T104063,U10155,M1047,fashion,79.43,2026-04-04 16:41:47,0
T103334,U10136,M1006,grocery,133.71,2026-04-04 17:00:40,0
T102412,U10042,M1033,gambling,24.69,2026-04-04 17:18:22,0
T105057,U10298,M1019,crypto,11.56,2026-04-04 17:42:13,0
T102518,U10180,M1055,grocery,76.31,2026-04-04 18:05:51,0
T103425,U10114,M1059,restaurant,19.76,2026-04-04 18:39:18,0
T101839,U10093,M1018,fashion,49.24,2026-04-04 19:01:09,0
T101053,U10156,M1046,crypto,91.43,2026-04-04 19:20:57,0
T102155,U10112,M1016,gambling,5.37,2026-04-04 19:26:50,0
T102714,U10136,M1000,grocery,56.28,2026-04-04 19:28:21,1
T105257,U10039,M1055,grocery,15.92,2026-04-04 19:33:49,0
T106195,U10024,M1003,crypto,13.56,2026-04-04 19:50:21,0
T103520,U10194,M1026,crypto,44.71,2026-04-04 19:57:24,0
T102598,U10050,M1019,crypto,77.08,2026-04-04 21:03:00,0
T105937,U10138,M1001,utilities,52.03,2026-04-04 21:11:49,0
T105063,U10170,M1011,pharmacy,43.97,2026-04-04 21:37:20,0
T105528,U10187,M1019,crypto,102.01,2026-04-04 21:51:38,0
T104847,U10267,M1015,utilities,52.2,2026-04-04 22:39:59,0
T103059,U10088,M1029,crypto,21.6,2026-04-04 22:47:28,0
T104681,U10235,M1010,gambling,398.29,2026-04-05 00:14:39,1
T106403,U10282,M1005,fashion,60.58,2026-04-05 00:43:29,0
T104970,U10206,M1053,crypto,6.02,2026-04-05 01:15:05,0
T100496,U10201,M1042,utilities,20.93,2026-04-05 01:29:38,0
T107680,U10069,M1011,pharmacy,20.59,2026-04-05 02:15:42,0
T100552,U10137,M1031,travel,99.03,2026-04-05 02:56:56,0
T101467,U10199,M1022,electronics,15.83,2026-04-05 03:16:06,0
T106976,U10192,M1044,grocery,16.33,2026-04-05 03:18:31,0
T105638,U10232,M1019,crypto,87.33,2026-04-05 03:22:27,0
T101705,U10125,M1017,electronics,384.97,2026-04-05 03:28:54,0
T105038,U10028,M1004,crypto,58.28,2026-04-05 04:41:41,0
T104008,U10129,M1004,crypto,20.5,2026-04-05 04:48:31,0
T105959,U10179,M1046,crypto,41.1,2026-04-05 05:31:48,0
T107712,U10222,M1029,crypto,64.59,2026-04-05 05:44:08,0
T101995,U10259,M1056,gambling,251.42,2026-04-05 06:19:22,0
T105475,U10073,M1007,restaurant,40.7,2026-04-05 06:27:04,0
T101318,U10138,M1024,utilities,26.26,2026-04-05 07:00:25,0
T101471,U10153,M1025,restaurant,69.72,2026-04-05 07:22:42,0
T105997,U10030,M1056,gambling,10.83,2026-04-05 08:11:53,0
T105095,U10055,M1037,fashion,16.15,2026-04-05 09:04:04,0
T105159,U10006,M1034,fashion,39.26,2026-04-05 09:22:24,0
T100536,U10051,M1047,fashion,23.8,2026-04-05 09:37:28,0
T103088,U10033,M1047,fashion,79.47,2026-04-05 09:58:25,0
T106109,U10272,M1024,utilities,110.32,2026-04-05 10:55:30,0
T100236,U10207,M1024,utilities,29.29,2026-04-05 11:01:50,0
T101440,U10203,M1055,grocery,51.68,2026-04-05 12:43:23,0
T100810,U10266,M1004,crypto,21.65,2026-04-05 12:57:19,0
T104936,U10175,M1035,grocery,36.2,2026-04-05 13:06:30,0
T106211,U10207,M1005,fashion,48.41,2026-04-05 13:13:23,0
T104990,U10155,M1056,gambling,68.09,2026-04-05 13:33:55,0
T106705,U10226,M1053,crypto,103.24,2026-04-05 13:38:57,0
T106385,U10005,M1046,crypto,148.64,2026-04-05 14:21:45,0
T102154,U10091,M1028,gambling,34.66,2026-04-05 14:24:40,0
T101180,U10041,M1025,restaurant,21.21,2026-04-05 14:31:31,0
T100828,U10253,M1040,electronics,39.92,2026-04-05 14:42:47,0
T105299,U10068,M1051,electronics,49.93,2026-04-05 14:50:50,0
T106999,U10261,M1030,crypto,20.58,2026-04-05 15:11:17,0
T107241,U10083,M1038,travel,83.75,2026-04-05 15:21:17,0
T104486,U10021,M1029,crypto,48.75,2026-04-05 16:19:27,0
T101281,U10191,M1031,travel,121.92,2026-04-05 16:23:22,0
T105106,U10007,M1009,grocery,30.51,2026-04-05 16:35:47,0
T104077,U10088,M1030,crypto,59.81,2026-04-05 16:37:49,0
T103835,U10236,M1028,gambling,25.77,2026-04-05 16:38:51,0
T104228,U10244,M1026,crypto,76.05,2026-04-05 16:55:17,0
T102837,U10276,M1047,fashion,140.37,2026-04-05 16:56:34,0
T100716,U10178,M1011,pharmacy,41.15,2026-04-05 17:07:01,0
T101218,U10253,M1003,crypto,106.83,2026-04-05 17:12:18,0
T107961,U10198,M1055,grocery,42.01,2026-04-05 17:51:00,0
T103669,U10248,M1014,utilities,52.21,2026-04-05 18:31:12,0
T104742,U10237,M1055,grocery,32.5,2026-04-05 18:49:29,0
T100763,U10280,M1057,electronics,157.47,2026-04-05 19:09:39,0
T101352,U10029,M1005,fashion,41.73,2026-04-05 19:43:42,0
T103709,U10184,M1055,grocery,84.97,2026-04-05 19:50:06,0
T105791,U10125,M1024,utilities,116.67,2026-04-05 19:59:30,0
T100688,U10095,M1024,utilities,19.58,2026-04-05 20:04:57,0
T102224,U10194,M1015,utilities,16.76,2026-04-05 20:11:50,0
T104214,U10025,M1033,gambling,10.72,2026-04-05 20:16:46,0
T100363,U10099,M1009,grocery,54.34,2026-04-05 20:17:20,1
T100250,U10104,M1000,grocery,24.12,2026-04-05 20:31:52,0
T105516,U10001,M1030,crypto,32.58,2026-04-05 20:38:36,0
T106094,U10095,M1017,electronics,8.99,2026-04-05 21:41:29,0
T106084,U10190,M1008,travel,152.8,2026-04-05 21:52:41,0
T106792,U10287,M1057,electronics,13.83,2026-04-05 22:01:57,0
T105569,U10166,M1004,crypto,34.66,2026-04-05 22:16:50,0
T103634,U10084,M1044,grocery,63.81,2026-04-05 22:17:30,0
T100824,U10177,M1021,gaming,47.21,2026-04-05 22:23:55,0
T102521,U10029,M1023,pharmacy,50.01,2026-04-05 22:51:41,0
T105506,U10102,M1015,utilities,40.8,2026-04-05 23:18:01,0
T100424,U10098,M1023,pharmacy,21.2,2026-04-05 23:24:56,0
T101554,U10093,M1058,utilities,54.89,2026-04-05 23:51:59,0
T107109,U10280,M1017,electronics,40.63,2026-04-05 23:53:26,0
T107432,U10088,M1045,pharmacy,77.44,2026-04-06 00:06:56,1
T103586,U10177,M1014,utilities,9.01,2026-04-06 00:10:06,0
T107585,U10020,M1012,utilities,29.35,2026-04-06 00:21:08,0
T103095,U10283,M1051,electronics,18.2,2026-04-06 00:56:52,0
T102286,U10280,M1011,pharmacy,28.65,2026-04-06 01:00:00,0
T107778,U10024,M1028,gambling,27.23,2026-04-06 01:30:41,0
T106623,U10203,M1035,grocery,93.94,2026-04-06 01:44:57,0
T101031,U10207,M1049,utilities,12.97,2026-04-06 02:05:39,0
T102158,U10061,M1024,utilities,30.7,2026-04-06 02:34:59,0
T102576,U10068,M1025,restaurant,76.4,2026-04-06 02:40:45,0
T102130,U10239,M1023,pharmacy,35.04,2026-04-06 02:42:34,0
T105890,U10013,M1013,utilities,25.34,2026-04-06 03:15:33,0
T107307,U10262,M1002,restaurant,119.32,2026-04-06 03:32:13,0
T100247,U10079,M1012,utilities,16.41,2026-04-06 04:07:51,0
T103372,U10211,M1017,electronics,7.95,2026-04-06 04:18:22,0
T107843,U10288,M1004,crypto,53.17,2026-04-06 04:31:45,1
T102336,U10281,M1018,fashion,130.52,2026-04-06 04:48:56,0
T102091,U10118,M1057,electronics,39.8,2026-04-06 04:50:29,0
T106881,U10181,M1040,electronics,22.23,2026-04-06 05:12:37,0
T106912,U10154,M1004,crypto,43.93,2026-04-06 05:48:32,0
T102260,U10039,M1019,crypto,31.58,2026-04-06 05:51:43,0
T107018,U10225,M1044,grocery,45.08,2026-04-06 05:59:33,0
T104667,U10119,M1059,restaurant,27.18,2026-04-06 06:58:09,0
T107106,U10002,M1012,utilities,46.81,2026-04-06 07:04:55,0
T104965,U10235,M1027,fashion,27.47,2026-04-06 07:10:58,0
T100782,U10148,M1047,fashion,11.58,2026-04-06 07:18:06,0
T103856,U10141,M1005,fashion,68.57,2026-04-06 07:38:02,0
T105194,U10219,M1003,crypto,22.36,2026-04-06 08:24:55,0
T103090,U10169,M1020,gambling,47.91,2026-04-06 09:19:56,0
T103240,U10136,M1045,pharmacy,51.52,2026-04-06 09:21:36,0
T106066,U10177,M1056,gambling,18.35,2026-04-06 10:07:46,0
T106888,U10048,M1003,crypto,74.87,2026-04-06 10:49:46,0
T107439,U10218,M1015,utilities,103.08,2026-04-06 10:57:03,0
T107436,U10125,M1047,fashion,74.43,2026-04-06 11:31:14,0
T105545,U10027,M1031,travel,53.84,2026-04-06 12:56:31,0
T107100,U10202,M1000,grocery,186.73,2026-04-06 13:00:44,0
T100256,U10104,M1005,fashion,19.91,2026-04-06 13:02:09,0
T100146,U10061,M1032,grocery,18.75,2026-04-06 13:17:20,0
T106479,U10178,M1018,fashion,23.3,2026-04-06 13:42:20,0
T102293,U10087,M1003,crypto,55.24,2026-04-06 13:51:26,1
T102103,U10220,M1053,crypto,31.0,2026-04-06 14:11:23,0
T103113,U10235,M1028,gambling,26.62,2026-04-06 14:12:15,0
T100038,U10291,M1044,grocery,25.8,2026-04-06 16:35:00,0
T104931,U10115,M1015,utilities,26.24,2026-04-06 16:52:07,0
T101870,U10065,M1047,fashion,21.08,2026-04-06 17:00:49,0
T100826,U10064,M1008,travel,26.64,2026-04-06 17:06:44,0
T105204,U10032,M1009,grocery,74.49,2026-04-06 17:55:30,0
T104088,U10014,M1009,grocery,56.39,2026-04-06 18:04:53,0
T106745,U10034,M1010,gambling,99.77,2026-04-06 18:10:35,0
T105776,U10287,M1020,gambling,29.7,2026-04-06 18:13:29,0
T104119,U10240,M1027,fashion,6.55,2026-04-06 18:18:59,0
T106572,U10121,M1050,utilities,29.61,2026-04-06 18:27:01,0
T101075,U10203,M1030,crypto,34.39,2026-04-06 18:38:17,0
T104699,U10191,M1031,travel,72.78,2026-04-06 18:44:09,0
T103506,U10045,M1008,travel,16.83,2026-04-06 18:58:32,0
T105550,U10271,M1013,utilities,14.96,2026-04-06 19:05:02,0
T101014,U10209,M1006,grocery,60.78,2026-04-06 19:10:10,0
T101504,U10000,M1032,grocery,124.27,2026-04-06 19:10:13,0
T101685,U10205,M1039,restaurant,31.27,2026-04-06 19:14:27,0
T105621,U10126,M1030,crypto,27.27,2026-04-06 19:35:38,0
T106860,U10019,M1055,grocery,53.52,2026-04-06 20:14:28,0
T104039,U10109,M1014,utilities,229.25,2026-04-06 20:45:49,0
T100592,U10006,M1039,restaurant,43.37,2026-04-06 20:52:24,0
T107842,U10215,M1020,gambling,13.94,2026-04-06 21:14:06,0
T101425,U10208,M1002,restaurant,5.06,2026-04-06 21:52:37,0
T107837,U10178,M1041,utilities,30.68,2026-04-06 22:08:46,0
T102527,U10193,M1038,travel,82.82,2026-04-06 22:10:35,0
T101388,U10177,M1052,gaming,15.81,2026-04-06 22:40:02,0
T104672,U10128,M1033,gambling,20.33,2026-04-06 22:50:28,0
T102544,U10082,M1007,restaurant,77.51,2026-04-06 23:11:53,0
T101935,U10000,M1059,restaurant,67.62,2026-04-06 23:14:49,0
T100235,U10084,M1008,travel,32.93,2026-04-06 23:18:39,0
T102047,U10008,M1035,grocery,54.34,2026-04-06 23:30:33,0
T103254,U10019,M1049,utilities,308.62,2026-04-06 23:41:22,0
T100682,U10212,M1050,utilities,19.54,2026-04-07 00:16:30,0
T100154,U10199,M1056,gambling,13.6,2026-04-07 01:08:42,0
T102902,U10077,M1040,electronics,58.72,2026-04-07 02:13:15,0
T107372,U10151,M1020,gambling,25.56,2026-04-07 02:17:02,0
T105630,U10081,M1018,fashion,34.68,2026-04-07 03:02:20,0
T106254,U10213,M1027,fashion,9.72,2026-04-07 03:08:34,0
T101542,U10107,M1008,travel,32.8,2026-04-07 03:29:48,0
T106477,U10182,M1014,utilities,16.36,2026-04-07 03:44:47,0
T107723,U10280,M1000,grocery,60.45,2026-04-07 04:00:50,0
T106939,U10027,M1035,grocery,62.52,2026-04-07 04:15:32,0
T103919,U10116,M1009,grocery,46.95,2026-04-07 04:30:58,0
T105823,U10147,M1045,pharmacy,31.37,2026-04-07 04:40:14,0
T107268,U10257,M1045,pharmacy,45.1,2026-04-07 06:20:49,0
T100352,U10285,M1038,travel,24.41,2026-04-07 06:23:38,0
T102356,U10157,M1021,gaming,6.26,2026-04-07 06:28:03,0
T106647,U10111,M1049,utilities,14.55,2026-04-07 07:14:01,0
T104670,U10270,M1033,gambling,101.69,2026-04-07 07:49:06,0
T103932,U10237,M1032,grocery,26.37,2026-04-07 07:50:19,0
T106072,U10264,M1025,restaurant,20.06,2026-04-07 08:00:56,0
T101567,U10099,M1019,crypto,20.23,2026-04-07 08:27:38,0
T106801,U10169,M1022,electronics,18.58,2026-04-07 09:05:03,0
T107388,U10174,M1036,fashion,14.49,2026-04-07 10:03:16,0
T103754,U10099,M1050,utilities,25.59,2026-04-07 11:01:32,0
T104195,U10142,M1034,fashion,10.54,2026-04-07 11:45:15,0
T106342,U10197,M1048,restaurant,63.26,2026-04-07 12:39:50,0
T101401,U10091,M1008,travel,84.88,2026-04-07 13:00:44,0
T104001,U10182,M1055,grocery,53.74,2026-04-07 13:01:05,0
T102525,U10176,M1053,crypto,7.67,2026-04-07 13:22:12,0
T103176,U10248,M1001,utilities,83.24,2026-04-07 13:28:00,0
T102811,U10164,M1006,grocery,20.25,2026-04-07 13:37:32,0
T101755,U10071,M1041,utilities,51.66,2026-04-07 14:27:10,0
T104516,U10266,M1010,gambling,53.68,2026-04-07 14:47:28,0
T101605,U10105,M1027,fashion,29.23,2026-04-07 14:49:38,0
T105164,U10002,M1004,crypto,27.17,2026-04-07 14:53:24,0
T105983,U10152,M1006,grocery,33.96,2026-04-07 14:58:02,0
T100066,U10124,M1032,grocery,18.61,2026-04-07 15:45:58,0
T106812,U10253,M1008,travel,37.91,2026-04-07 15:56:26,0
T106573,U10069,M1038,travel,30.45,2026-04-07 15:57:45,0
T101016,U10143,M1033,gambling,14.14,2026-04-07 16:03:07,0
T105461,U10159,M1007,restaurant,156.82,2026-04-07 16:12:06,0
T103009,U10139,M1005,fashion,88.45,2026-04-07 16:35:03,0
T101607,U10165,M1035,grocery,48.5,2026-04-07 16:56:52,0
T103357,U10076,M1012,utilities,113.58,2026-04-07 18:06:09,0
T104028,U10115,M1012,utilities,52.27,2026-04-07 20:08:02,0
T102006,U10155,M1002,restaurant,715.64,2026-04-07 20:16:05,0
T107705,U10016,M1014,utilities,103.57,2026-04-07 20:46:50,0
T105247,U10170,M1000,grocery,21.09,2026-04-07 21:23:48,0
T102799,U10117,M1019,crypto,99.76,2026-04-07 22:20:25,0
T107877,U10230,M1042,utilities,38.71,2026-04-07 22:32:21,0
T100023,U10155,M1050,utilities,117.59,2026-04-07 22:46:12,0
T105976,U10234,M1028,gambling,17.69,2026-04-07 22:54:18,0
T100126,U10195,M1051,electronics,27.37,2026-04-07 23:45:20,0
T104554,U10190,M1021,gaming,7.79,2026-04-07 23:45:22,0
T102089,U10219,M1030,crypto,14.89,2026-04-07 23:45:23,0
T104864,U10118,M1016,gambling,93.67,2026-04-08 00:08:16,0
T107711,U10061,M1044,grocery,68.03,2026-04-08 00:17:25,0
T106409,U10212,M1042,utilities,27.87,2026-04-08 00:22:28,0
T102332,U10114,M1024,utilities,32.13,2026-04-08 00:26:15,0
T102711,U10264,M1051,electronics,24.93,2026-04-08 01:33:02,0
T106461,U10225,M1031,travel,61.47,2026-04-08 03:57:05,0
T103793,U10007,M1010,gambling,25.84,2026-04-08 04:20:17,0
T107156,U10094,M1026,crypto,98.42,2026-04-08 04:24:17,0
T101666,U10277,M1051,electronics,88.69,2026-04-08 04:52:31,0
T105832,U10181,M1032,grocery,12.12,2026-04-08 05:29:46,0
T102769,U10035,M1002,restaurant,83.15,2026-04-08 05:38:35,0
T100135,U10291,M1055,grocery,49.15,2026-04-08 06:06:40,0
T105228,U10021,M1056,gambling,122.85,2026-04-08 06:10:03,0
T101569,U10186,M1044,grocery,41.39,2026-04-08 06:55:02,0
T104357,U10193,M1023,pharmacy,12.84,2026-04-08 06:57:31,0
T106722,U10187,M1044,grocery,114.85,2026-04-08 07:17:43,0
T102135,U10149,M1040,electronics,72.68,2026-04-08 07:39:26,0
T107978,U10058,M1003,crypto,24.26,2026-04-08 07:50:47,0
T100124,U10028,M1028,gambling,43.45,2026-04-08 08:29:09,0
T106200,U10065,M1024,utilities,13.39,2026-04-08 08:32:26,0
T103788,U10149,M1004,crypto,47.39,2026-04-08 08:36:04,0
T101482,U10003,M1012,utilities,34.43,2026-04-08 08:46:34,0
T105635,U10104,M1059,restaurant,13.25,2026-04-08 09:02:54,0
T105723,U10258,M1038,travel,7.72,2026-04-08 10:06:13,0
T103032,U10295,M1032,grocery,27.38,2026-04-08 10:15:22,0
T102055,U10115,M1050,utilities,45.54,2026-04-08 10:49:27,0
T101578,U10124,M1013,utilities,70.18,2026-04-08 10:56:52,0
T106210,U10246,M1051,electronics,7.11,2026-04-08 11:13:47,0
T101835,U10062,M1002,restaurant,58.96,2026-04-08 11:14:19,0
T104928,U10100,M1043,gaming,22.4,2026-04-08 11:18:15,0
T102238,U10225,M1056,gambling,73.92,2026-04-08 11:32:45,0
T102762,U10125,M1049,utilities,125.3,2026-04-08 11:35:10,0
T100757,U10026,M1024,utilities,25.95,2026-04-08 12:44:30,0
T100679,U10043,M1005,fashion,94.23,2026-04-08 12:50:51,0
T106049,U10024,M1046,crypto,25.44,2026-04-08 12:51:58,1
T101488,U10021,M1031,travel,327.45,2026-04-08 12:58:22,0
T105852,U10223,M1048,restaurant,69.21,2026-04-08 13:30:01,0
T101645,U10200,M1021,gaming,18.38,2026-04-08 13:30:31,0
T101027,U10136,M1006,grocery,62.34,2026-04-08 13:47:41,0
T103363,U10098,M1014,utilities,16.76,2026-04-08 14:08:21,0
T102577,U10099,M1018,fashion,19.2,2026-04-08 14:24:08,0
T101728,U10089,M1045,pharmacy,34.9,2026-04-08 14:59:12,0
T105958,U10144,M1014,utilities,13.59,2026-04-08 15:19:17,0
T103307,U10277,M1039,restaurant,19.57,2026-04-08 15:23:14,0
T106913,U10265,M1041,utilities,68.62,2026-04-08 16:14:01,0
T105391,U10027,M1005,fashion,60.56,2026-04-08 17:13:04,0
T107139,U10174,M1017,electronics,11.1,2026-04-08 17:48:44,0
T102222,U10029,M1004,crypto,125.95,2026-04-08 18:11:47,0
T100948,U10092,M1024,utilities,220.87,2026-04-08 19:06:35,0
T100799,U10021,M1007,restaurant,37.91,2026-04-08 19:31:40,0
T107652,U10102,M1041,utilities,52.16,2026-04-08 19:40:32,0
T101011,U10009,M1035,grocery,116.5,2026-04-08 19:43:27,0
T107031,U10035,M1024,utilities,47.4,2026-04-08 20:19:00,0
T100219,U10033,M1010,gambling,56.37,2026-04-08 20:21:54,1
T100924,U10132,M1037,fashion,263.45,2026-04-08 20:38:42,0
T103890,U10168,M1029,crypto,61.15,2026-04-08 20:53:26,0
T100557,U10173,M1059,restaurant,92.19,2026-04-08 21:47:47,0
T106813,U10159,M1024,utilities,55.78,2026-04-08 22:11:48,0
T103812,U10215,M1032,grocery,18.24,2026-04-08 22:30:59,0
T107651,U10134,M1002,restaurant,49.08,2026-04-08 22:55:10,0
T100054,U10014,M1003,crypto,20.9,2026-04-08 23:04:42,0
T105599,U10177,M1014,utilities,38.82,2026-04-08 23:27:28,0
T104953,U10157,M1007,restaurant,7.47,2026-04-08 23:28:55,0
T104415,U10053,M1007,restaurant,22.99,2026-04-08 23:35:28,1
T105120,U10051,M1050,utilities,9.86,2026-04-09 00:03:19,0
T106043,U10296,M1055,grocery,29.5,2026-04-09 00:12:15,0
T102139,U10107,M1021,gaming,68.06,2026-04-09 00:39:01,0
T101030,U10182,M1042,utilities,25.26,2026-04-09 00:55:09,0
T100161,U10005,M1028,gambling,53.55,2026-04-09 01:29:09,0
T103237,U10036,M1025,restaurant,53.03,2026-04-09 02:27:25,0
T107990,U10189,M1043,gaming,49.78,2026-04-09 03:05:31,0
T100887,U10111,M1012,utilities,39.93,2026-04-09 03:16:31,0
T106377,U10253,M1051,electronics,109.0,2026-04-09 03:17:24,0
T104065,U10226,M1009,grocery,42.37,2026-04-09 03:21:45,0
T105357,U10052,M1019,crypto,10.87,2026-04-09 03:21:53,0
T107687,U10095,M1023,pharmacy,62.21,2026-04-09 03:40:58,0
T100784,U10089,M1006,grocery,137.97,2026-04-09 04:03:02,0
T107260,U10047,M1049,utilities,19.75,2026-04-09 05:00:36,0
T100549,U10207,M1001,utilities,77.35,2026-04-09 05:33:13,0
T100464,U10155,M1035,grocery,110.94,2026-04-09 05:44:58,0
T104423,U10013,M1003,crypto,21.69,2026-04-09 06:11:28,0
T100771,U10101,M1043,gaming,25.16,2026-04-09 06:16:04,0
T100722,U10052,M1010,gambling,38.78,2026-04-09 07:25:24,0
T102373,U10299,M1010,gambling,4.31,2026-04-09 07:28:58,0
T101530,U10251,M1001,utilities,8.46,2026-04-09 07:33:01,0
T100053,U10221,M1006,grocery,27.15,2026-04-09 07:39:01,0
T107121,U10298,M1016,gambling,34.01,2026-04-09 07:53:03,0
T106675,U10206,M1013,utilities,7.87,2026-04-09 08:11:19,0
T104686,U10174,M1040,electronics,16.19,2026-04-09 08:14:27,0
T106114,U10247,M1010,gambling,12.99,2026-04-09 08:26:07,0
T107783,U10260,M1048,restaurant,16.91,2026-04-09 08:33:27,0
T107845,U10288,M1059,restaurant,41.46,2026-04-09 08:41:51,0
T107951,U10075,M1058,utilities,52.6,2026-04-09 08:43:33,0
T106445,U10075,M1051,electronics,24.7,2026-04-09 10:02:23,0
T106605,U10057,M1053,crypto,60.34,2026-04-09 10:25:33,0
T103301,U10159,M1037,fashion,59.58,2026-04-09 10:42:42,0
T101612,U10063,M1034,fashion,47.55,2026-04-09 11:04:31,0
T100965,U10252,M1026,crypto,88.94,2026-04-09 11:28:24,0
T103280,U10116,M1001,utilities,26.6,2026-04-09 11:36:17,0
T101833,U10040,M1035,grocery,14.96,2026-04-09 11:39:02,0
T107824,U10130,M1053,crypto,12.77,2026-04-09 12:15:43,0
T104294,U10243,M1006,grocery,86.77,2026-04-09 12:27:17,0
T107641,U10180,M1017,electronics,163.75,2026-04-09 12:42:13,0
T101070,U10064,M1041,utilities,10.99,2026-04-09 13:42:20,0
T101202,U10237,M1023,pharmacy,22.16,2026-04-09 13:54:19,0
T102586,U10274,M1052,gaming,14.06,2026-04-09 13:54:31,0
T107693,U10203,M1052,gaming,12.05,2026-04-09 14:09:50,0
T102495,U10072,M1051,electronics,53.73,2026-04-09 14:28:47,0
T103791,U10162,M1025,restaurant,38.13,2026-04-09 14:47:22,0
T104158,U10270,M1056,gambling,201.62,2026-04-09 14:54:19,0
T103303,U10006,M1035,grocery,28.25,2026-04-09 15:15:45,0
T102556,U10161,M1049,utilities,61.42,2026-04-09 15:34:31,0
T105540,U10002,M1019,crypto,24.93,2026-04-09 16:39:53,0
T101254,U10004,M1046,crypto,39.06,2026-04-09 16:52:39,0
T104887,U10047,M1023,pharmacy,32.38,2026-04-09 17:27:38,0
T103529,U10026,M1008,travel,40.13,2026-04-09 17:37:12,0
T103825,U10294,M1034,fashion,69.53,2026-04-09 17:49:55,0
T102913,U10023,M1036,fashion,19.43,2026-04-09 19:01:30,0
T102922,U10209,M1044,grocery,15.55,2026-04-09 19:05:35,0
T107146,U10295,M1059,restaurant,43.21,2026-04-09 19:23:16,0
T103639,U10113,M1011,pharmacy,21.49,2026-04-09 19:31:19,0
T103538,U10042,M1012,utilities,44.4,2026-04-09 20:21:11,0
T104761,U10046,M1055,grocery,31.27,2026-04-09 21:32:13,0
T102267,U10011,M1054,crypto,14.97,2026-04-09 22:03:06,0
T105697,U10025,M1024,utilities,44.21,2026-04-09 22:04:55,0
T106053,U10067,M1021,gaming,42.64,2026-04-09 22:33:28,0
T105639,U10075,M1047,fashion,14.34,2026-04-09 22:59:52,0
T105689,U10145,M1043,gaming,35.04,2026-04-09 23:27:36,0
T100538,U10141,M1028,gambling,733.39,2026-04-09 23:33:14,0
T101371,U10238,M1053,crypto,16.0,2026-04-10 00:17:10,0
T102246,U10139,M1015,utilities,57.35,2026-04-10 00:18:33,0
T104566,U10215,M1008,travel,25.58,2026-04-10 00:25:33,0
T105069,U10201,M1012,utilities,42.08,2026-04-10 00:34:15,0
T107785,U10123,M1037,fashion,21.11,2026-04-10 01:12:21,0
T100706,U10184,M1052,gaming,52.81,2026-04-10 01:16:53,0
T104293,U10076,M1020,gambling,36.54,2026-04-10 01:33:03,0
T103227,U10037,M1017,electronics,146.02,2026-04-10 02:16:48,0
T106182,U10151,M1031,travel,53.67,2026-04-10 02:37:49,0
T100759,U10292,M1006,grocery,72.27,2026-04-10 02:47:05,0
T103403,U10285,M1008,travel,29.24,2026-04-10 03:06:57,0
T103352,U10200,M1025,restaurant,7.35,2026-04-10 03:36:11,0
T104549,U10231,M1023,pharmacy,29.32,2026-04-10 04:17:11,0
T104954,U10188,M1019,crypto,65.31,2026-04-10 04:35:34,0
T104103,U10143,M1023,pharmacy,9.41,2026-04-10 04:45:56,0
T103107,U10227,M1026,crypto,11.25,2026-04-10 04:47:14,0
T105046,U10206,M1057,electronics,6.5,2026-04-10 04:59:42,0
T105388,U10060,M1059,restaurant,145.78,2026-04-10 05:04:52,0
T102106,U10266,M1052,gaming,150.7,2026-04-10 05:16:38,0
T102651,U10045,M1038,travel,9.67,2026-04-10 05:35:09,0
T107773,U10194,M1044,grocery,87.97,2026-04-10 06:17:14,0
T103057,U10272,M1001,utilities,53.96,2026-04-10 06:26:32,0
T103587,U10274,M1041,utilities,27.98,2026-04-10 06:37:36,0
T103766,U10297,M1024,utilities,32.52,2026-04-10 07:04:54,0
T104878,U10254,M1015,utilities,41.64,2026-04-10 07:33:44,0
T101975,U10289,M1011,pharmacy,8.67,2026-04-10 07:38:16,0
T101528,U10010,M1053,crypto,15.91,2026-04-10 07:51:43,0
T107456,U10077,M1050,utilities,73.67,2026-04-10 07:54:44,0
T106559,U10220,M1041,utilities,253.21,2026-04-10 08:17:12,0
T100512,U10171,M1008,travel,55.18,2026-04-10 08:46:38,0
T101658,U10050,M1046,crypto,46.25,2026-04-10 08:59:55,0
T104666,U10229,M1004,crypto,10.43,2026-04-10 09:25:17,0
T107385,U10017,M1037,fashion,55.09,2026-04-10 10:24:03,0
T102175,U10268,M1032,grocery,14.03,2026-04-10 10:26:57,0
T106671,U10041,M1052,gaming,5.85,2026-04-10 11:03:34,0
T105699,U10263,M1041,utilities,15.59,2026-04-10 12:55:53,0
T100200,U10087,M1012,utilities,69.36,2026-04-10 13:06:46,0
T106218,U10292,M1014,utilities,103.05,2026-04-10 13:08:29,0
T107484,U10159,M1057,electronics,116.28,2026-04-10 13:59:30,0
T101595,U10060,M1054,crypto,29.14,2026-04-10 14:04:30,0
T105313,U10061,M1047,fashion,52.79,2026-04-10 14:31:39,0
T104955,U10233,M1047,fashion,47.37,2026-04-10 14:52:49,0
T105504,U10037,M1057,electronics,10.68,2026-04-10 15:01:04,0
T104538,U10265,M1003,crypto,66.56,2026-04-10 15:05:52,1
T106887,U10277,M1059,restaurant,64.29,2026-04-10 15:58:28,0
T101302,U10298,M1033,gambling,52.87,2026-04-10 17:09:04,0
T105265,U10041,M1008,travel,26.23,2026-04-10 17:47:37,0
T106853,U10174,M1021,gaming,25.24,2026-04-10 17:53:15,0
T107685,U10253,M1025,restaurant,39.15,2026-04-10 18:02:08,0
T105752,U10277,M1051,electronics,62.21,2026-04-10 18:12:14,0
T102857,U10184,M1039,restaurant,23.12,2026-04-10 18:21:45,0
T103215,U10170,M1030,crypto,39.11,2026-04-10 18:47:59,0
T105300,U10233,M1046,crypto,27.18,2026-04-10 18:48:33,0
T106927,U10089,M1044,grocery,26.15,2026-04-10 18:48:56,0
T101091,U10190,M1059,restaurant,22.61,2026-04-10 19:21:16,0
T105521,U10115,M1029,crypto,130.27,2026-04-10 19:37:52,1
T101093,U10262,M1059,restaurant,55.7,2026-04-10 19:45:33,0
T105771,U10047,M1023,pharmacy,37.01,2026-04-10 19:48:27,0
T106947,U10097,M1044,grocery,25.5,2026-04-10 19:49:51,0
T106742,U10188,M1020,gambling,11.17,2026-04-10 19:50:45,0
T103065,U10078,M1017,electronics,52.33,2026-04-10 20:13:01,0
T101065,U10272,M1023,pharmacy,44.07,2026-04-10 20:14:42,0
T107740,U10225,M1004,crypto,48.32,2026-04-10 20:32:49,0
T103546,U10031,M1057,electronics,134.34,2026-04-10 20:36:27,0
T104014,U10253,M1034,fashion,36.12,2026-04-10 20:42:11,0
T105938,U10292,M1028,gambling,117.93,2026-04-10 20:42:31,0
T107318,U10261,M1020,gambling,55.06,2026-04-10 20:46:29,0
T105367,U10095,M1009,grocery,28.05,2026-04-10 20:53:59,0
T105607,U10193,M1011,pharmacy,22.64,2026-04-10 20:56:55,0
T107633,U10260,M1018,fashion,9.67,2026-04-10 21:54:13,0
T102949,U10136,M1009,grocery,93.05,2026-04-10 22:02:50,0
T102814,U10094,M1050,utilities,72.56,2026-04-10 22:12:29,0
T107059,U10076,M1007,restaurant,17.36,2026-04-10 22:47:11,1
T106414,U10018,M1018,fashion,37.34,2026-04-10 22:49:03,0
T102501,U10193,M1001,utilities,7.21,2026-04-10 23:41:43,0
T102622,U10252,M1013,utilities,52.63,2026-04-11 00:10:51,0
T102784,U10057,M1017,electronics,29.63,2026-04-11 01:39:17,0
T106031,U10062,M1053,crypto,66.35,2026-04-11 01:41:50,0
T100152,U10083,M1021,gaming,18.79,2026-04-11 01:43:58,0
T104697,U10258,M1035,grocery,32.94,2026-04-11 02:12:43,0
T105901,U10132,M1059,restaurant,114.27,2026-04-11 02:22:02,0
T104301,U10017,M1011,pharmacy,100.87,2026-04-11 02:44:11,0
T101784,U10261,M1040,electronics,27.93,2026-04-11 03:03:28,0
T107006,U10126,M1036,fashion,30.49,2026-04-11 04:29:39,0
T102747,U10024,M1008,travel,41.9,2026-04-11 05:08:08,0
T106272,U10138,M1022,electronics,28.3,2026-04-11 06:27:13,0
T102053,U10055,M1005,fashion,428.8,2026-04-11 07:07:07,0
T107103,U10088,M1032,grocery,543.09,2026-04-11 07:15:07,1
T103734,U10017,M1014,utilities,62.67,2026-04-11 08:20:49,0
T107021,U10044,M1029,crypto,28.41,2026-04-11 09:03:49,0
T102112,U10204,M1011,pharmacy,82.17,2026-04-11 09:49:14,0
T101144,U10290,M1009,grocery,36.22,2026-04-11 10:11:55,0
T107731,U10249,M1051,electronics,24.53,2026-04-11 10:45:34,0
T105157,U10128,M1024,utilities,33.07,2026-04-11 11:03:24,0
T106835,U10201,M1004,crypto,10.43,2026-04-11 11:04:18,0
T105418,U10236,M1019,crypto,21.03,2026-04-11 11:07:46,0
T105263,U10188,M1043,gaming,47.04,2026-04-11 11:23:06,0
T105769,U10043,M1036,fashion,121.84,2026-04-11 11:49:09,0
T103455,U10106,M1013,utilities,256.75,2026-04-11 12:58:17,0
T106067,U10083,M1042,utilities,21.21,2026-04-11 13:04:28,0
T106821,U10023,M1021,gaming,19.06,2026-04-11 14:08:37,0
T106815,U10125,M1004,crypto,101.6,2026-04-11 14:13:52,0
T107875,U10287,M1022,electronics,11.83,2026-04-11 14:27:34,0
T104033,U10278,M1037,fashion,22.51,2026-04-11 14:29:52,0
T103977,U10203,M1024,utilities,45.24,2026-04-11 15:32:29,0
T104239,U10292,M1025,restaurant,83.05,2026-04-11 15:38:23,0
T103000,U10041,M1048,restaurant,60.81,2026-04-11 16:15:16,0
T105731,U10280,M1000,grocery,72.29,2026-04-11 16:38:34,0
T102858,U10147,M1001,utilities,22.98,2026-04-11 16:43:49,0
T104844,U10175,M1010,gambling,25.82,2026-04-11 17:15:08,1
T106874,U10170,M1038,travel,19.19,2026-04-11 18:07:28,0
T102703,U10004,M1014,utilities,112.0,2026-04-11 18:43:07,0
T107286,U10057,M1029,crypto,21.17,2026-04-11 19:10:58,1
T103472,U10270,M1039,restaurant,162.68,2026-04-11 19:12:52,0
T100615,U10229,M1020,gambling,13.98,2026-04-11 19:14:16,0
T107594,U10297,M1015,utilities,572.16,2026-04-11 20:11:45,0
T106776,U10084,M1026,crypto,14.08,2026-04-11 20:17:48,0
T105464,U10079,M1020,gambling,21.51,2026-04-11 21:27:50,0
T106052,U10073,M1014,utilities,27.73,2026-04-11 21:37:36,0
T103466,U10152,M1027,fashion,15.12,2026-04-11 21:45:19,0
T100375,U10192,M1035,grocery,7.73,2026-04-11 21:53:27,0
T102026,U10031,M1045,pharmacy,60.45,2026-04-11 22:09:19,0
T103614,U10127,M1039,restaurant,70.42,2026-04-11 22:44:56,0
T101522,U10147,M1018,fashion,7.05,2026-04-11 22:48:39,0
T105494,U10264,M1052,gaming,18.39,2026-04-12 00:47:52,0
T103076,U10039,M1034,fashion,36.91,2026-04-12 01:28:06,0
T100180,U10062,M1012,utilities,27.02,2026-04-12 01:55:35,0
T102200,U10261,M1009,grocery,480.69,2026-04-12 02:02:58,0
T107577,U10220,M1047,fashion,29.4,2026-04-12 02:07:04,0
T100156,U10195,M1051,electronics,87.42,2026-04-12 02:17:23,0
T106553,U10189,M1045,pharmacy,21.96,2026-04-12 03:19:26,0
T104874,U10115,M1043,gaming,19.49,2026-04-12 03:21:06,0
T105272,U10067,M1053,crypto,11.31,2026-04-12 03:31:51,0
T106111,U10013,M1006,grocery,28.65,2026-04-12 03:57:31,0
T102337,U10267,M1015,utilities,17.55,2026-04-12 04:10:41,0
T102823,U10159,M1036,fashion,107.46,2026-04-12 04:27:11,0
T100015,U10065,M1053,crypto,5.92,2026-04-12 04:33:40,0
T106113,U10022,M1043,gaming,17.31,2026-04-12 05:09:42,1
T100507,U10134,M1020,gambling,52.61,2026-04-12 06:13:17,0
T105039,U10019,M1006,grocery,52.53,2026-04-12 06:42:17,0
T105260,U10010,M1014,utilities,63.85,2026-04-12 07:10:04,0
T105392,U10037,M1049,utilities,17.57,2026-04-12 07:39:09,0
T106123,U10026,M1053,crypto,22.16,2026-04-12 07:47:23,1
T104785,U10050,M1012,utilities,53.69,2026-04-12 08:06:01,0
T107957,U10290,M1048,restaurant,71.53,2026-04-12 08:50:17,0
T104205,U10197,M1003,crypto,87.18,2026-04-12 09:08:55,0
T106578,U10136,M1055,grocery,131.25,2026-04-12 09:10:37,0
T101387,U10289,M1011,pharmacy,28.57,2026-04-12 09:36:28,0
T102349,U10287,M1045,pharmacy,22.2,2026-04-12 10:04:00,0
T100210,U10153,M1027,fashion,76.25,2026-04-12 10:09:13,0
T105085,U10228,M1009,grocery,21.38,2026-04-12 10:10:41,0
T103358,U10083,M1007,restaurant,26.81,2026-04-12 10:12:07,0
T104277,U10063,M1009,grocery,29.16,2026-04-12 10:21:35,0
T101043,U10159,M1023,pharmacy,131.64,2026-04-12 11:08:58,0
T104999,U10190,M1002,restaurant,36.46,2026-04-12 11:15:55,0
T103904,U10138,M1044,grocery,51.07,2026-04-12 11:23:25,0
T104760,U10016,M1051,electronics,77.99,2026-04-12 11:56:56,0
T103933,U10095,M1056,gambling,32.03,2026-04-12 11:58:35,0
T102691,U10202,M1024,utilities,23.73,2026-04-12 12:46:48,0
T103512,U10200,M1048,restaurant,22.19,2026-04-12 13:21:26,0
T101589,U10282,M1022,electronics,58.97,2026-04-12 13:40:32,0
T101319,U10271,M1000,grocery,48.29,2026-04-12 14:08:12,0
T104276,U10093,M1057,electronics,49.82,2026-04-12 15:06:03,0
T106790,U10049,M1054,crypto,16.38,2026-04-12 15:19:41,0
T102563,U10025,M1054,crypto,29.61,2026-04-12 15:32:21,0
T105977,U10014,M1012,utilities,26.83,2026-04-12 16:02:31,0
T100998,U10133,M1012,utilities,24.88,2026-04-12 16:31:22,0
T106000,U10196,M1024,utilities,31.63,2026-04-12 16:58:22,0
T100756,U10200,M1051,electronics,11.07,2026-04-12 17:29:28,0
T102111,U10282,M1046,crypto,103.83,2026-04-12 17:56:00,0
T102985,U10166,M1044,grocery,51.41,2026-04-12 18:10:36,0
T107635,U10082,M1000,grocery,16.5,2026-04-12 18:21:48,0
T106035,U10264,M1043,gaming,32.97,2026-04-12 19:01:50,0
T100404,U10025,M1000,grocery,18.29,2026-04-12 19:03:31,0
T102636,U10156,M1055,grocery,185.5,2026-04-12 20:10:23,0
T100393,U10219,M1056,gambling,15.63,2026-04-12 20:10:57,0
T104850,U10112,M1007,restaurant,12.27,2026-04-12 21:08:43,0
T103800,U10121,M1036,fashion,10.52,2026-04-12 22:27:16,0
T101886,U10028,M1003,crypto,44.96,2026-04-12 22:55:45,0
T103460,U10184,M1008,travel,53.74,2026-04-12 23:11:40,0
T105507,U10128,M1036,fashion,9.61,2026-04-13 00:17:30,0
T100997,U10156,M1012,utilities,32.74,2026-04-13 00:20:05,0
T106197,U10290,M1005,fashion,95.86,2026-04-13 00:22:23,0
T102978,U10244,M1005,fashion,55.97,2026-04-13 00:54:58,0
T102548,U10095,M1018,fashion,121.01,2026-04-13 01:04:26,0
T106266,U10056,M1006,grocery,22.13,2026-04-13 01:11:58,0
T102431,U10224,M1052,gaming,348.34,2026-04-13 01:14:20,0
T102192,U10036,M1024,utilities,17.23,2026-04-13 01:25:06,0
T100889,U10178,M1012,utilities,13.98,2026-04-13 01:35:50,0
T100127,U10125,M1012,utilities,79.23,2026-04-13 02:05:28,0
T102854,U10049,M1028,gambling,69.18,2026-04-13 02:13:05,0
T102914,U10228,M1022,electronics,146.27,2026-04-13 02:23:08,0
T102522,U10139,M1049,utilities,52.92,2026-04-13 02:28:11,0
T103259,U10284,M1032,grocery,31.41,2026-04-13 04:00:56,0
T102700,U10157,M1055,grocery,10.7,2026-04-13 04:55:47,0
T107359,U10283,M1028,gambling,40.88,2026-04-13 05:10:58,0
T104081,U10172,M1020,gambling,68.85,2026-04-13 05:26:00,0
T101978,U10080,M1000,grocery,45.3,2026-04-13 05:36:44,0
T105200,U10242,M1014,utilities,38.67,2026-04-13 05:41:52,0
T105799,U10275,M1026,crypto,25.0,2026-04-13 05:48:50,0
T106677,U10099,M1023,pharmacy,9.77,2026-04-13 06:36:36,0
T103013,U10036,M1019,crypto,52.47,2026-04-13 06:52:16,0
T100419,U10130,M1017,electronics,38.98,2026-04-13 07:11:49,0
T106428,U10091,M1058,utilities,19.43,2026-04-13 07:13:03,0
T106718,U10121,M1037,fashion,13.38,2026-04-13 07:13:31,0
T107016,U10150,M1004,crypto,185.36,2026-04-13 07:57:14,0
T107586,U10049,M1034,fashion,44.9,2026-04-13 08:13:38,0
T105307,U10265,M1004,crypto,18.17,2026-04-13 08:26:51,0
T104829,U10275,M1030,crypto,14.3,2026-04-13 08:29:49,0
T100341,U10170,M1031,travel,54.86,2026-04-13 09:04:54,0
T101247,U10173,M1046,crypto,42.31,2026-04-13 09:07:35,0
T104891,U10004,M1043,gaming,126.38,2026-04-13 09:14:02,0
T103676,U10187,M1011,pharmacy,35.22,2026-04-13 09:19:38,0
T102695,U10244,M1054,crypto,105.67,2026-04-13 09:42:29,0
T104410,U10086,M1055,grocery,130.92,2026-04-13 10:11:58,0
T107322,U10207,M1045,pharmacy,236.36,2026-04-13 10:17:19,1
T106455,U10023,M1013,utilities,21.4,2026-04-13 10:21:44,0
T104544,U10124,M1012,utilities,67.3,2026-04-13 10:50:06,0
T105808,U10272,M1030,crypto,72.54,2026-04-13 11:12:24,0
T102981,U10233,M1046,crypto,31.15,2026-04-13 11:26:50,0
T102366,U10058,M1005,fashion,61.13,2026-04-13 11:30:12,0
T100544,U10279,M1007,restaurant,96.42,2026-04-13 11:43:28,0
T106232,U10239,M1039,restaurant,12.24,2026-04-13 11:49:53,1
T107512,U10028,M1013,utilities,28.22,2026-04-13 12:14:06,0
T107308,U10115,M1052,gaming,23.2,2026-04-13 12:38:11,0
T103394,U10280,M1042,utilities,91.42,2026-04-13 12:42:06,0
T105594,U10292,M1045,pharmacy,76.78,2026-04-13 13:03:38,0
T101375,U10216,M1009,grocery,7.84,2026-04-13 13:21:42,0
T101092,U10267,M1056,gambling,21.24,2026-04-13 14:01:23,0
T105274,U10028,M1001,utilities,10.69,2026-04-13 14:16:33,1
T107826,U10132,M1028,gambling,219.23,2026-04-13 14:44:16,0
T105304,U10053,M1029,crypto,32.16,2026-04-13 14:46:58,0
T102343,U10280,M1008,travel,84.11,2026-04-13 14:55:20,0
T102193,U10032,M1054,crypto,89.34,2026-04-13 15:44:01,0
T102910,U10143,M1032,grocery,17.34,2026-04-13 15:44:13,0
T100369,U10157,M1000,grocery,13.33,2026-04-13 16:24:19,0
T102116,U10292,M1055,grocery,36.3,2026-04-13 16:45:02,0
T102943,U10055,M1035,grocery,52.93,2026-04-13 17:26:33,0
T107493,U10018,M1045,pharmacy,49.37,2026-04-13 17:50:12,0
T100432,U10123,M1030,crypto,29.03,2026-04-13 18:08:56,0
T104765,U10093,M1024,utilities,66.2,2026-04-13 18:13:10,0
T103914,U10013,M1012,utilities,41.67,2026-04-13 18:23:44,0
T107159,U10020,M1048,restaurant,10.91,2026-04-13 19:14:58,0
T103397,U10112,M1002,restaurant,21.41,2026-04-13 19:15:16,0
T103434,U10038,M1058,utilities,92.58,2026-04-13 21:12:34,0
T105872,U10147,M1017,electronics,13.71,2026-04-13 21:18:06,0
T104927,U10099,M1046,crypto,21.53,2026-04-13 21:20:04,0
T106325,U10149,M1009,grocery,37.37,2026-04-13 21:25:49,0
T105604,U10004,M1039,restaurant,71.77,2026-04-13 21:27:29,0
T102138,U10086,M1012,utilities,15.73,2026-04-13 21:36:03,0
T105645,U10200,M1022,electronics,22.84,2026-04-13 22:14:45,0
T104611,U10145,M1024,utilities,96.06,2026-04-13 22:26:07,0
T106459,U10221,M1016,gambling,21.36,2026-04-13 22:43:06,0
T102616,U10065,M1007,restaurant,15.32,2026-04-13 23:39:25,1
T105065,U10265,M1015,utilities,46.72,2026-04-13 23:46:20,0
T103267,U10024,M1055,grocery,27.13,2026-04-14 00:27:27,0
T101790,U10224,M1026,crypto,18.88,2026-04-14 00:34:35,0
T106245,U10086,M1040,electronics,67.78,2026-04-14 00:46:59,0
T103693,U10048,M1045,pharmacy,477.15,2026-04-14 01:13:07,0
T105356,U10079,M1015,utilities,13.09,2026-04-14 01:41:36,0
T101058,U10120,M1016,gambling,49.43,2026-04-14 03:00:11,0
T105656,U10091,M1036,fashion,28.87,2026-04-14 03:26:48,0
T105394,U10220,M1045,pharmacy,9.58,2026-04-14 03:50:22,0
T107454,U10133,M1029,crypto,40.21,2026-04-14 03:54:52,0
T104044,U10166,M1023,pharmacy,16.78,2026-04-14 04:28:09,0
T107507,U10057,M1002,restaurant,21.84,2026-04-14 04:47:01,0
T102552,U10080,M1015,utilities,71.42,2026-04-14 05:01:53,0
T107115,U10241,M1046,crypto,36.75,2026-04-14 05:31:03,0
T106715,U10220,M1004,crypto,46.79,2026-04-14 05:48:30,0
T102599,U10132,M1054,crypto,86.08,2026-04-14 05:51:23,0
T107243,U10155,M1004,crypto,93.24,2026-04-14 05:53:17,1
T103969,U10098,M1046,crypto,15.78,2026-04-14 05:57:04,0
T104073,U10249,M1030,crypto,19.1,2026-04-14 06:03:46,0
T100173,U10135,M1034,fashion,41.99,2026-04-14 06:20:12,0
T102059,U10265,M1046,crypto,38.33,2026-04-14 06:37:08,0
T101916,U10114,M1040,electronics,28.21,2026-04-14 07:01:03,0
T100414,U10053,M1029,crypto,25.16,2026-04-14 07:05:35,0
T107151,U10050,M1018,fashion,85.73,2026-04-14 07:21:51,0
T101861,U10292,M1015,utilities,122.14,2026-04-14 07:39:04,0
T104121,U10034,M1025,restaurant,16.72,2026-04-14 07:45:21,0
T105881,U10290,M1049,utilities,27.23,2026-04-14 07:52:49,0
T105453,U10097,M1040,electronics,10.57,2026-04-14 08:06:40,0
T103490,U10088,M1021,gaming,204.19,2026-04-14 08:13:04,0
T107392,U10265,M1022,electronics,19.44,2026-04-14 08:31:32,0
T103875,U10115,M1056,gambling,30.72,2026-04-14 08:38:15,0
T102300,U10174,M1041,utilities,10.97,2026-04-14 09:11:23,0
T102281,U10229,M1002,restaurant,41.51,2026-04-14 09:33:06,0
T103725,U10024,M1045,pharmacy,113.55,2026-04-14 10:11:56,0
T103376,U10169,M1050,utilities,57.06,2026-04-14 10:12:21,0
T106150,U10262,M1027,fashion,53.55,2026-04-14 10:15:56,0
T106341,U10221,M1051,electronics,230.9,2026-04-14 10:16:20,0
T103252,U10198,M1027,fashion,32.62,2026-04-14 10:26:26,0
T103647,U10005,M1027,fashion,48.26,2026-04-14 10:43:17,0
T101227,U10098,M1033,gambling,9.12,2026-04-14 10:49:51,0
T104507,U10171,M1001,utilities,84.58,2026-04-14 11:16:56,0
T107573,U10195,M1001,utilities,39.15,2026-04-14 11:41:04,0
T102490,U10119,M1036,fashion,80.72,2026-04-14 11:48:59,0
T107173,U10040,M1051,electronics,40.5,2026-04-14 12:05:17,0
T104768,U10061,M1020,gambling,18.26,2026-04-14 12:05:29,0
T102232,U10295,M1005,fashion,31.1,2026-04-14 13:26:17,0
T105397,U10064,M1001,utilities,7.49,2026-04-14 13:39:13,0
T104743,U10134,M1008,travel,44.47,2026-04-14 15:59:55,0
T105355,U10177,M1029,crypto,28.43,2026-04-14 16:02:58,0
T102968,U10198,M1001,utilities,22.36,2026-04-14 16:08:41,0
T100797,U10121,M1022,electronics,39.95,2026-04-14 16:12:41,0
T107930,U10290,M1026,crypto,82.73,2026-04-14 16:25:51,0
T101555,U10252,M1031,travel,66.53,2026-04-14 16:30:13,0
T102631,U10256,M1026,crypto,33.31,2026-04-14 16:52:26,0
T103721,U10236,M1026,crypto,21.13,2026-04-14 17:07:13,0
T106134,U10049,M1028,gambling,47.23,2026-04-14 17:16:10,0
T103836,U10062,M1044,grocery,29.7,2026-04-14 17:19:51,0
T100604,U10194,M1056,gambling,34.8,2026-04-14 17:38:57,0
T100835,U10088,M1054,crypto,90.53,2026-04-14 18:30:15,0
T105282,U10270,M1003,crypto,42.51,2026-04-14 18:42:19,0
T103498,U10198,M1049,utilities,25.5,2026-04-14 19:55:40,0
T107179,U10157,M1044,grocery,17.18,2026-04-14 20:39:44,0
T105659,U10117,M1042,utilities,28.38,2026-04-14 20:41:16,0
T103526,U10281,M1030,crypto,68.37,2026-04-14 20:42:41,0
T105975,U10119,M1013,utilities,43.57,2026-04-14 20:48:48,0
T105709,U10088,M1040,electronics,30.4,2026-04-14 21:00:21,0
T102078,U10034,M1048,restaurant,112.24,2026-04-14 22:42:55,0
T103014,U10076,M1049,utilities,11.25,2026-04-14 22:53:40,0
T106163,U10228,M1048,restaurant,17.4,2026-04-14 23:29:27,0
T105433,U10142,M1057,electronics,16.0,2026-04-14 23:31:48,0
T103162,U10124,M1056,gambling,125.41,2026-04-14 23:54:00,0
T104053,U10128,M1035,grocery,24.9,2026-04-14 23:58:49,0
T103052,U10240,M1019,crypto,45.49,2026-04-15 00:00:19,0
T105984,U10196,M1005,fashion,259.9,2026-04-15 00:10:11,0
T104354,U10295,M1000,grocery,20.94,2026-04-15 00:12:07,0
T102728,U10256,M1042,utilities,36.75,2026-04-15 00:26:13,0
T106938,U10139,M1003,crypto,55.38,2026-04-15 00:26:17,0
T103918,U10190,M1006,grocery,55.26,2026-04-15 00:35:27,0
T101143,U10232,M1001,utilities,32.11,2026-04-15 01:00:38,0
T103330,U10200,M1026,crypto,20.88,2026-04-15 01:18:53,0
T106983,U10119,M1022,electronics,50.19,2026-04-15 01:21:28,0
T103915,U10277,M1008,travel,29.36,2026-04-15 01:34:33,0
T106665,U10029,M1048,restaurant,57.56,2026-04-15 01:48:17,0
T103219,U10172,M1031,travel,74.76,2026-04-15 02:31:29,0
T101213,U10177,M1026,crypto,29.68,2026-04-15 03:08:57,0
T105027,U10276,M1025,restaurant,6.36,2026-04-15 03:13:14,0
T101844,U10013,M1029,crypto,58.81,2026-04-15 03:26:14,0
T100147,U10116,M1002,restaurant,37.76,2026-04-15 03:50:54,0
T106806,U10137,M1052,gaming,122.07,2026-04-15 04:16:42,0
T104758,U10211,M1018,fashion,50.68,2026-04-15 04:20:53,0
T100546,U10228,M1041,utilities,23.76,2026-04-15 04:27:28,0
T104392,U10228,M1035,grocery,46.78,2026-04-15 04:40:04,0
T107487,U10094,M1055,grocery,25.06,2026-04-15 04:43:22,0
T105863,U10061,M1037,fashion,353.26,2026-04-15 04:49:28,0
T101711,U10190,M1050,utilities,38.27,2026-04-15 05:03:24,0
T107834,U10115,M1001,utilities,77.02,2026-04-15 05:10:56,0
T100008,U10003,M1018,fashion,33.37,2026-04-15 06:25:24,0
T106854,U10105,M1029,crypto,21.48,2026-04-15 06:25:37,0
T101233,U10279,M1020,gambling,207.25,2026-04-15 07:08:13,1
T102411,U10186,M1014,utilities,44.69,2026-04-15 07:37:40,0
T100409,U10283,M1033,gambling,31.43,2026-04-15 08:04:23,0
T105725,U10293,M1049,utilities,57.91,2026-04-15 08:40:58,0
T105158,U10219,M1010,gambling,7.67,2026-04-15 09:16:31,0
T104289,U10144,M1034,fashion,12.41,2026-04-15 09:22:14,0
T102484,U10007,M1058,utilities,61.58,2026-04-15 09:36:16,0
T103514,U10084,M1058,utilities,28.92,2026-04-15 09:52:37,0
T101791,U10060,M1014,utilities,525.41,2026-04-15 10:17:40,0
T105270,U10071,M1032,grocery,127.95,2026-04-15 10:40:18,0
T106190,U10096,M1029,crypto,64.87,2026-04-15 10:45:36,0
T106344,U10275,M1028,gambling,36.73,2026-04-15 11:00:17,0
T107550,U10112,M1000,grocery,26.56,2026-04-15 11:28:13,0
T104677,U10172,M1010,gambling,30.26,2026-04-15 11:42:02,0
T100347,U10002,M1029,crypto,16.98,2026-04-15 12:39:50,0
T105458,U10013,M1007,restaurant,23.92,2026-04-15 13:02:49,0
T101706,U10179,M1026,crypto,33.28,2026-04-15 13:16:41,0
T104764,U10086,M1000,grocery,26.95,2026-04-15 14:24:41,0
T103327,U10042,M1058,utilities,24.59,2026-04-15 14:32:35,0
T103686,U10065,M1010,gambling,5.58,2026-04-15 14:39:47,0
T107282,U10089,M1055,grocery,42.74,2026-04-15 14:43:36,0
T101604,U10190,M1046,crypto,65.23,2026-04-15 14:46:45,0
T103585,U10137,M1018,fashion,66.13,2026-04-15 14:51:01,0
T104196,U10198,M1012,utilities,46.39,2026-04-15 15:24:31,0
T107230,U10065,M1007,restaurant,12.2,2026-04-15 16:08:33,0
T102179,U10192,M1057,electronics,40.18,2026-04-15 16:40:35,0
T106530,U10247,M1054,crypto,15.86,2026-04-15 17:10:37,0
T101654,U10229,M1054,crypto,16.97,2026-04-15 17:12:56,0
T101531,U10160,M1013,utilities,198.57,2026-04-15 17:39:10,0
T101865,U10017,M1003,crypto,57.99,2026-04-15 17:48:47,0
T106598,U10029,M1051,electronics,80.94,2026-04-15 17:52:57,0
T101130,U10157,M1031,travel,10.77,2026-04-15 18:11:38,0
T105684,U10033,M1008,travel,30.63,2026-04-15 18:43:20,0
T101742,U10265,M1018,fashion,25.16,2026-04-15 18:45:58,0
T102564,U10091,M1021,gaming,60.57,2026-04-15 18:55:53,0
T104716,U10207,M1023,pharmacy,12.27,2026-04-15 19:27:10,0
T100950,U10118,M1027,fashion,25.97,2026-04-15 19:48:29,0
T104068,U10193,M1052,gaming,18.72,2026-04-15 19:49:37,0
T105178,U10234,M1001,utilities,16.47,2026-04-15 20:13:27,0
T107088,U10230,M1032,grocery,174.33,2026-04-15 20:49:28,0
T106997,U10246,M1022,electronics,5.94,2026-04-15 20:57:57,0
T106852,U10289,M1047,fashion,71.2,2026-04-15 21:01:49,0
T103081,U10216,M1014,utilities,20.84,2026-04-15 21:18:08,0
T103618,U10066,M1037,fashion,55.98,2026-04-15 22:00:34,0
T101514,U10086,M1025,restaurant,37.71,2026-04-15 22:44:50,0
T100803,U10061,M1010,gambling,57.28,2026-04-15 22:53:22,0
T106077,U10210,M1005,fashion,15.15,2026-04-15 23:24:53,0
T102041,U10135,M1024,utilities,25.25,2026-04-15 23:26:57,0
T107355,U10147,M1051,electronics,51.56,2026-04-16 00:06:32,0
T100396,U10101,M1000,grocery,6.53,2026-04-16 00:58:29,0
T107642,U10151,M1014,utilities,41.41,2026-04-16 00:59:32,0
T100006,U10195,M1059,restaurant,68.59,2026-04-16 01:37:51,0
T106333,U10052,M1038,travel,39.37,2026-04-16 02:14:30,0
T107170,U10257,M1017,electronics,15.02,2026-04-16 02:17:40,0
T101245,U10117,M1029,crypto,46.29,2026-04-16 02:46:09,0
T107259,U10201,M1050,utilities,27.99,2026-04-16 02:46:12,0
T100636,U10010,M1012,utilities,13.84,2026-04-16 03:01:14,0
T104015,U10202,M1027,fashion,42.9,2026-04-16 03:08:23,0
T107271,U10246,M1044,grocery,40.41,2026-04-16 03:44:05,0
T102898,U10122,M1047,fashion,42.11,2026-04-16 04:21:21,1
T102250,U10014,M1004,crypto,54.95,2026-04-16 05:14:06,0
T100317,U10256,M1046,crypto,45.57,2026-04-16 05:23:28,0
T104273,U10034,M1017,electronics,62.1,2026-04-16 05:23:47,0
T100681,U10092,M1044,grocery,11.4,2026-04-16 05:30:55,0
T105075,U10086,M1048,restaurant,148.46,2026-04-16 05:39:35,0
T106446,U10029,M1014,utilities,81.62,2026-04-16 06:09:35,0
T107983,U10237,M1059,restaurant,39.47,2026-04-16 06:17:24,0
T106425,U10258,M1054,crypto,26.8,2026-04-16 06:17:54,0
T100608,U10254,M1027,fashion,11.76,2026-04-16 06:33:43,0
T105978,U10087,M1029,crypto,25.63,2026-04-16 07:01:49,0
T107953,U10122,M1050,utilities,15.17,2026-04-16 07:07:33,0
T102353,U10181,M1012,utilities,27.74,2026-04-16 07:26:49,0
T103349,U10099,M1015,utilities,10.54,2026-04-16 07:45:54,0
T107430,U10267,M1040,electronics,10.77,2026-04-16 07:45:57,0
T103122,U10278,M1013,utilities,35.24,2026-04-16 07:48:39,0
T106519,U10052,M1043,gaming,49.2,2026-04-16 09:30:44,0
T102884,U10142,M1053,crypto,29.09,2026-04-16 09:33:14,0
T102693,U10009,M1037,fashion,90.43,2026-04-16 09:38:19,0
T106989,U10058,M1012,utilities,55.29,2026-04-16 10:06:39,0
T104913,U10041,M1003,crypto,32.17,2026-04-16 10:33:04,0
T104502,U10295,M1053,crypto,42.75,2026-04-16 11:11:34,0
T103612,U10161,M1005,fashion,46.7,2026-04-16 11:23:27,0
T106940,U10155,M1052,gaming,81.89,2026-04-16 11:33:18,0
T101062,U10299,M1015,utilities,9.23,2026-04-16 11:49:08,0
T100564,U10238,M1030,crypto,55.2,2026-04-16 12:31:21,0
T105268,U10130,M1013,utilities,22.34,2026-04-16 12:55:59,0
T104963,U10225,M1047,fashion,23.59,2026-04-16 13:31:06,0
T106303,U10180,M1019,crypto,282.55,2026-04-16 14:30:19,0
T107661,U10141,M1054,crypto,39.18,2026-04-16 14:52:08,0
T106148,U10117,M1041,utilities,39.79,2026-04-16 14:56:17,0
T101802,U10125,M1051,electronics,197.96,2026-04-16 15:22:59,0
T104519,U10269,M1044,grocery,55.0,2026-04-16 15:29:59,0
T106621,U10288,M1050,utilities,131.2,2026-04-16 15:53:08,0
T105556,U10110,M1059,restaurant,32.51,2026-04-16 16:03:28,0
T104523,U10083,M1034,fashion,67.93,2026-04-16 16:04:01,1
T106901,U10280,M1052,gaming,60.1,2026-04-16 16:27:03,1
T106227,U10049,M1005,fashion,92.02,2026-04-16 17:18:12,0
T104153,U10165,M1030,crypto,22.28,2026-04-16 17:23:24,0
T106096,U10032,M1032,grocery,30.79,2026-04-16 17:33:59,0
T101780,U10064,M1015,utilities,10.34,2026-04-16 17:35:21,0
T107696,U10055,M1029,crypto,37.34,2026-04-16 18:04:00,0
T104805,U10274,M1054,crypto,62.99,2026-04-16 18:07:02,0
T105452,U10073,M1029,crypto,131.82,2026-04-16 18:55:50,0
T103987,U10184,M1021,gaming,26.88,2026-04-16 19:19:56,0
T105910,U10268,M1039,restaurant,5.63,2026-04-16 20:13:10,0
T101681,U10141,M1031,travel,67.55,2026-04-16 21:16:10,0
T103662,U10294,M1011,pharmacy,94.94,2026-04-16 21:18:27,0
T101279,U10232,M1042,utilities,12.64,2026-04-16 21:37:51,0
T105242,U10138,M1054,crypto,89.55,2026-04-16 22:01:05,0
T105595,U10241,M1039,restaurant,71.23,2026-04-16 22:13:01,0
T105224,U10010,M1050,utilities,19.03,2026-04-16 23:26:26,0
T107786,U10015,M1031,travel,59.81,2026-04-16 23:29:55,0
T104947,U10136,M1039,restaurant,74.8,2026-04-16 23:36:39,0
T101232,U10203,M1039,restaurant,33.63,2026-04-17 00:04:11,0
T103196,U10087,M1001,utilities,28.78,2026-04-17 00:36:26,0
T107474,U10058,M1005,fashion,26.4,2026-04-17 00:58:53,0
T101089,U10112,M1009,grocery,12.42,2026-04-17 01:17:25,0
T103078,U10283,M1011,pharmacy,97.99,2026-04-17 01:38:24,0
T106179,U10205,M1029,crypto,16.89,2026-04-17 01:43:37,0
T100587,U10201,M1027,fashion,14.82,2026-04-17 01:47:51,0
T101000,U10279,M1049,utilities,65.47,2026-04-17 02:44:38,0
T107992,U10277,M1016,gambling,2391.7,2026-04-17 03:59:05,1
T107402,U10012,M1045,pharmacy,21.22,2026-04-17 04:11:49,0
T103505,U10048,M1058,utilities,54.8,2026-04-17 04:12:24,0
T105735,U10108,M1039,restaurant,140.7,2026-04-17 05:23:38,0
T104759,U10196,M1018,fashion,245.56,2026-04-17 06:04:50,0
T104809,U10154,M1028,gambling,93.9,2026-04-17 07:07:04,0
T104285,U10242,M1038,travel,103.72,2026-04-17 07:20:32,0
T104024,U10263,M1058,utilities,24.94,2026-04-17 07:26:33,0
T103773,U10044,M1030,crypto,104.83,2026-04-17 07:27:38,0
T103111,U10206,M1035,grocery,13.06,2026-04-17 07:32:42,0
T105866,U10184,M1033,gambling,27.44,2026-04-17 07:45:02,0
T106556,U10077,M1010,gambling,48.41,2026-04-17 07:47:14,0
T102402,U10144,M1016,gambling,23.83,2026-04-17 08:12:56,0
T101511,U10199,M1026,crypto,11.32,2026-04-17 08:59:58,0
T100853,U10183,M1010,gambling,29.14,2026-04-17 09:09:32,0
T106145,U10278,M1019,crypto,78.92,2026-04-17 10:16:44,0
T101366,U10245,M1018,fashion,14.85,2026-04-17 10:20:02,0
T107105,U10116,M1008,travel,7.94,2026-04-17 10:31:12,0
T104086,U10058,M1000,grocery,17.75,2026-04-17 11:09:36,0
T104771,U10181,M1002,restaurant,12.12,2026-04-17 13:16:21,0
T102429,U10247,M1018,fashion,14.9,2026-04-17 13:31:42,0
T106249,U10245,M1054,crypto,38.09,2026-04-17 13:51:28,0
T103213,U10176,M1024,utilities,12.56,2026-04-17 14:29:58,0
T105929,U10033,M1031,travel,45.01,2026-04-17 15:29:15,0
T103226,U10137,M1051,electronics,32.63,2026-04-17 15:36:19,0
T105083,U10009,M1004,crypto,94.29,2026-04-17 15:42:46,0
T103424,U10138,M1017,electronics,24.27,2026-04-17 16:11:11,0
T102341,U10270,M1045,pharmacy,53.5,2026-04-17 16:43:07,0
T103630,U10297,M1004,crypto,57.24,2026-04-17 17:13:31,0
T105622,U10246,M1050,utilities,19.28,2026-04-17 17:33:08,0
T100750,U10288,M1012,utilities,37.01,2026-04-17 17:42:48,0
T104625,U10021,M1056,gambling,934.5,2026-04-17 18:25:53,0
T104998,U10142,M1055,grocery,37.85,2026-04-17 18:31:39,0
T104698,U10268,M1036,fashion,14.76,2026-04-17 18:44:05,0
T100859,U10085,M1006,grocery,36.33,2026-04-17 18:52:37,0
T100336,U10128,M1010,gambling,12.1,2026-04-17 19:02:00,1
T102767,U10185,M1059,restaurant,51.67,2026-04-17 19:07:09,0
T107354,U10216,M1035,grocery,13.55,2026-04-17 19:17:52,0
T104467,U10145,M1019,crypto,95.42,2026-04-17 19:18:23,0
T100576,U10106,M1035,grocery,45.46,2026-04-17 19:25:34,0
T102197,U10148,M1010,gambling,14.98,2026-04-17 19:44:35,0
T106877,U10162,M1032,grocery,56.4,2026-04-17 20:39:19,0
T103584,U10167,M1005,fashion,30.56,2026-04-17 20:55:09,0
T101858,U10277,M1013,utilities,69.72,2026-04-17 20:59:50,0
T101301,U10051,M1031,travel,17.68,2026-04-17 21:04:35,0
T105935,U10242,M1006,grocery,9.1,2026-04-17 21:22:05,0
T101582,U10194,M1020,gambling,32.84,2026-04-17 21:28:49,0
T101176,U10068,M1040,electronics,53.44,2026-04-17 21:37:00,0
T107601,U10196,M1028,gambling,119.02,2026-04-17 21:40:45,0
T107045,U10107,M1007,restaurant,74.3,2026-04-17 21:50:17,0
T107715,U10147,M1026,crypto,58.04,2026-04-17 21:59:31,0
T100099,U10273,M1040,electronics,32.04,2026-04-17 22:07:46,0
T104082,U10279,M1005,fashion,169.46,2026-04-17 22:11:33,0
T103851,U10024,M1059,restaurant,88.16,2026-04-17 22:55:19,0
T101267,U10038,M1005,fashion,24.75,2026-04-17 22:55:29,0
T106233,U10273,M1033,gambling,111.78,2026-04-17 23:01:56,0
T105649,U10287,M1038,travel,16.38,2026-04-17 23:03:29,0
T101376,U10091,M1039,restaurant,54.51,2026-04-17 23:21:40,0
T102234,U10197,M1010,gambling,40.73,2026-04-17 23:49:22,0
T107937,U10130,M1026,crypto,65.87,2026-04-18 00:40:52,1
T101877,U10013,M1000,grocery,45.68,2026-04-18 01:44:44,0
T107970,U10071,M1002,restaurant,76.07,2026-04-18 02:33:10,0
T107219,U10003,M1048,restaurant,24.94,2026-04-18 02:43:53,0
T106271,U10209,M1046,crypto,5.21,2026-04-18 02:51:30,0
T106192,U10087,M1056,gambling,18.58,2026-04-18 03:02:57,0
T103043,U10274,M1037,fashion,29.35,2026-04-18 03:09:01,0
T104117,U10170,M1049,utilities,16.64,2026-04-18 03:47:08,0
T101305,U10003,M1019,crypto,21.75,2026-04-18 03:54:13,0
T106686,U10026,M1003,crypto,5.98,2026-04-18 04:13:32,0
T104843,U10144,M1022,electronics,14.42,2026-04-18 04:24:45,0
T107862,U10132,M1052,gaming,114.17,2026-04-18 04:26:08,0
T100611,U10297,M1002,restaurant,30.88,2026-04-18 04:26:51,0
T107071,U10176,M1045,pharmacy,17.14,2026-04-18 04:31:24,0
T100635,U10207,M1025,restaurant,27.82,2026-04-18 04:53:33,0
T102493,U10252,M1035,grocery,23.77,2026-04-18 04:55:45,0
T107116,U10256,M1025,restaurant,41.17,2026-04-18 05:16:21,0
T100378,U10177,M1028,gambling,10.8,2026-04-18 05:19:10,0
T101445,U10076,M1041,utilities,59.16,2026-04-18 05:48:27,0
T103451,U10024,M1031,travel,17.11,2026-04-18 06:46:11,0
T103092,U10084,M1034,fashion,31.34,2026-04-18 06:55:06,0
T105617,U10090,M1010,gambling,60.37,2026-04-18 06:57:50,0
T105676,U10047,M1047,fashion,29.42,2026-04-18 07:03:51,0
T101684,U10218,M1052,gaming,80.5,2026-04-18 07:21:57,0
T107728,U10104,M1043,gaming,44.35,2026-04-18 07:28:13,0
T101067,U10005,M1030,crypto,27.85,2026-04-18 07:54:21,0
T101115,U10149,M1023,pharmacy,58.92,2026-04-18 08:05:49,0
T100108,U10263,M1055,grocery,24.0,2026-04-18 08:24:38,0
T107885,U10105,M1032,grocery,15.07,2026-04-18 08:27:21,0
T105227,U10053,M1037,fashion,65.44,2026-04-18 09:06:39,0
T105341,U10230,M1004,crypto,23.7,2026-04-18 09:23:32,0
T101295,U10247,M1053,crypto,11.92,2026-04-18 09:57:12,0
T104363,U10039,M1046,crypto,69.46,2026-04-18 10:20:40,0
T101822,U10048,M1057,electronics,19.7,2026-04-18 10:21:37,0
T102257,U10067,M1039,restaurant,9.41,2026-04-18 10:29:00,0
T103419,U10163,M1028,gambling,146.81,2026-04-18 10:45:33,0
T106564,U10236,M1023,pharmacy,101.39,2026-04-18 10:45:42,0
T104416,U10284,M1057,electronics,682.07,2026-04-18 11:08:13,0
T102942,U10210,M1053,crypto,18.4,2026-04-18 11:15:47,0
T102464,U10246,M1052,gaming,13.99,2026-04-18 11:19:12,0
T100401,U10297,M1004,crypto,93.33,2026-04-18 11:37:13,1
T107812,U10160,M1034,fashion,1606.18,2026-04-18 11:44:33,1
T100058,U10259,M1042,utilities,35.99,2026-04-18 12:04:59,0
T102928,U10022,M1051,electronics,11.6,2026-04-18 12:53:56,0
T101300,U10072,M1006,grocery,32.04,2026-04-18 13:15:46,0
T103938,U10108,M1041,utilities,133.54,2026-04-18 13:17:36,0
T100703,U10238,M1038,travel,18.61,2026-04-18 13:53:53,0
T100992,U10261,M1032,grocery,83.89,2026-04-18 14:04:25,0
T100726,U10009,M1053,crypto,39.16,2026-04-18 14:14:43,0
T101673,U10171,M1005,fashion,70.8,2026-04-18 15:35:07,0
T106099,U10070,M1009,grocery,61.79,2026-04-18 15:55:58,0
T102704,U10234,M1052,gaming,62.06,2026-04-18 16:06:20,0
T106278,U10039,M1026,crypto,19.47,2026-04-18 16:54:45,0
T100306,U10076,M1005,fashion,10.69,2026-04-18 17:26:16,0
T105903,U10150,M1001,utilities,79.45,2026-04-18 17:37:56,0
T102615,U10243,M1014,utilities,176.65,2026-04-18 17:41:40,0
T101766,U10222,M1037,fashion,142.12,2026-04-18 17:42:28,0
T100500,U10025,M1050,utilities,44.0,2026-04-18 18:11:55,0
T102161,U10125,M1020,gambling,89.88,2026-04-18 18:22:52,0
T106144,U10256,M1009,grocery,39.52,2026-04-18 18:33:37,0
T102358,U10117,M1021,gaming,33.25,2026-04-18 19:22:58,0
T101672,U10168,M1037,fashion,238.31,2026-04-18 19:24:13,0
T106995,U10002,M1006,grocery,18.48,2026-04-18 19:41:39,0
T104628,U10162,M1031,travel,19.76,2026-04-18 19:45:50,0
T106627,U10115,M1034,fashion,592.72,2026-04-18 19:55:11,0
T107551,U10267,M1053,crypto,13.03,2026-04-18 20:05:01,0
T102007,U10206,M1040,electronics,15.4,2026-04-18 20:17:30,0
T107011,U10034,M1052,gaming,55.17,2026-04-18 20:22:12,0
T104830,U10264,M1017,electronics,23.81,2026-04-18 20:51:20,0
T104853,U10141,M1057,electronics,465.8,2026-04-18 21:20:30,0
T101883,U10073,M1032,grocery,45.85,2026-04-18 21:33:38,0
T103544,U10261,M1044,grocery,37.45,2026-04-18 22:08:56,0
T104167,U10238,M1017,electronics,90.27,2026-04-18 22:13:34,0
T101241,U10032,M1029,crypto,39.67,2026-04-18 22:24:44,0
T105884,U10027,M1042,utilities,89.81,2026-04-18 22:31:21,0
T100064,U10037,M1053,crypto,65.31,2026-04-18 22:32:38,0
T105208,U10170,M1042,utilities,31.35,2026-04-18 22:39:09,0
T106996,U10070,M1034,fashion,48.72,2026-04-18 22:42:54,0
T106330,U10093,M1036,fashion,57.7,2026-04-18 23:07:22,0
T107037,U10160,M1053,crypto,59.41,2026-04-19 00:21:33,0
T103962,U10289,M1018,fashion,27.1,2026-04-19 00:28:53,0
T104156,U10105,M1001,utilities,19.17,2026-04-19 01:01:15,0
T105632,U10082,M1015,utilities,5.85,2026-04-19 01:06:26,0
T104122,U10165,M1012,utilities,21.04,2026-04-19 01:28:34,0
T107859,U10222,M1030,crypto,57.29,2026-04-19 02:08:41,0
T106165,U10265,M1049,utilities,92.3,2026-04-19 02:08:43,0
T101249,U10281,M1031,travel,51.21,2026-04-19 02:26:22,0
T101386,U10251,M1054,crypto,20.22,2026-04-19 02:33:01,0
T101357,U10036,M1020,gambling,124.87,2026-04-19 03:32:46,1
T100232,U10037,M1015,utilities,13.9,2026-04-19 03:50:41,0
T105582,U10124,M1015,utilities,69.91,2026-04-19 03:51:40,0
T104633,U10103,M1033,gambling,14.81,2026-04-19 04:29:55,0
T104385,U10042,M1008,travel,27.62,2026-04-19 04:35:32,0
T102087,U10092,M1025,restaurant,43.8,2026-04-19 04:46:16,0
T104091,U10065,M1013,utilities,24.09,2026-04-19 04:46:52,0
T107046,U10290,M1009,grocery,80.94,2026-04-19 04:58:06,0
T106061,U10256,M1012,utilities,36.58,2026-04-19 05:02:43,0
T103818,U10175,M1054,crypto,25.3,2026-04-19 05:43:56,0
T103305,U10284,M1051,electronics,166.71,2026-04-19 05:50:50,0
T101759,U10079,M1055,grocery,11.53,2026-04-19 05:52:54,0
T106664,U10036,M1022,electronics,49.37,2026-04-19 05:56:10,0
T104340,U10062,M1000,grocery,24.73,2026-04-19 06:13:54,0
T101550,U10129,M1020,gambling,19.49,2026-04-19 06:25:13,0
T102156,U10256,M1031,travel,17.46,2026-04-19 06:46:52,0
T100668,U10179,M1059,restaurant,60.75,2026-04-19 06:59:37,0
T102442,U10060,M1059,restaurant,37.43,2026-04-19 07:00:12,0
T104537,U10111,M1043,gaming,28.42,2026-04-19 07:15:55,0
T100666,U10167,M1010,gambling,37.53,2026-04-19 07:28:43,0
T107297,U10229,M1027,fashion,14.43,2026-04-19 07:29:27,0
T100017,U10161,M1041,utilities,27.42,2026-04-19 07:42:17,0
T102996,U10090,M1007,restaurant,15.87,2026-04-19 08:35:00,0
T100016,U10162,M1047,fashion,26.97,2026-04-19 08:40:46,0
T104290,U10047,M1027,fashion,65.14,2026-04-19 09:10:15,0
T101205,U10240,M1038,travel,22.66,2026-04-19 09:40:34,0
T104011,U10222,M1012,utilities,84.28,2026-04-19 09:51:48,0
T103154,U10242,M1035,grocery,17.97,2026-04-19 10:18:19,0
T100362,U10122,M1055,grocery,10.63,2026-04-19 10:27:06,0
T103228,U10286,M1014,utilities,16.29,2026-04-19 10:31:27,0
T102562,U10002,M1052,gaming,14.79,2026-04-19 10:35:11,1
T105846,U10248,M1016,gambling,122.48,2026-04-19 10:46:27,0
T104209,U10169,M1035,grocery,56.92,2026-04-19 11:27:33,0
T104626,U10263,M1050,utilities,6.0,2026-04-19 13:06:38,0
T105306,U10157,M1018,fashion,23.09,2026-04-19 13:27:13,0
T100359,U10147,M1056,gambling,21.35,2026-04-19 13:36:19,0
T100258,U10015,M1025,restaurant,42.52,2026-04-19 13:38:07,0
T107869,U10259,M1000,grocery,54.04,2026-04-19 13:42:05,0
T102726,U10089,M1015,utilities,17.66,2026-04-19 13:55:11,0
T101675,U10011,M1024,utilities,205.25,2026-04-19 14:16:19,0
T103878,U10265,M1031,travel,40.15,2026-04-19 14:45:59,0
T102003,U10185,M1056,gambling,55.79,2026-04-19 15:13:57,0
T105146,U10198,M1036,fashion,96.81,2026-04-19 15:23:17,0
T103010,U10264,M1029,crypto,26.94,2026-04-19 15:40:16,0
T107606,U10090,M1055,grocery,16.61,2026-04-19 16:04:22,0
T102071,U10082,M1057,electronics,21.0,2026-04-19 16:08:59,0
T100474,U10126,M1034,fashion,79.85,2026-04-19 16:52:47,0
T105087,U10297,M1001,utilities,96.06,2026-04-19 17:06:59,0
T106466,U10160,M1042,utilities,98.29,2026-04-19 17:23:40,0
T100165,U10219,M1016,gambling,71.65,2026-04-19 17:28:57,0
T103420,U10170,M1002,restaurant,67.19,2026-04-19 17:34:21,0
T106867,U10282,M1039,restaurant,54.94,2026-04-19 17:37:26,0
T103108,U10075,M1055,grocery,55.84,2026-04-19 18:00:43,0
T103936,U10298,M1009,grocery,7.75,2026-04-19 18:34:52,0
T103756,U10062,M1013,utilities,51.43,2026-04-19 18:48:57,0
T107290,U10172,M1033,gambling,23.67,2026-04-19 18:52:35,0
T102793,U10014,M1022,electronics,203.82,2026-04-19 19:01:55,0
T104643,U10257,M1003,crypto,22.3,2026-04-19 19:48:23,0
T106149,U10202,M1029,crypto,332.48,2026-04-19 20:01:50,0
T101584,U10247,M1032,grocery,45.99,2026-04-19 20:07:54,0
T100736,U10261,M1018,fashion,27.12,2026-04-19 20:12:29,0
T104570,U10098,M1019,crypto,7.04,2026-04-19 20:15:01,0
T106836,U10037,M1046,crypto,37.53,2026-04-19 20:24:01,0
T105763,U10182,M1035,grocery,93.75,2026-04-19 20:35:22,0
T100263,U10036,M1035,grocery,46.16,2026-04-19 20:37:07,0
T104238,U10188,M1051,electronics,65.6,2026-04-19 21:12:47,0
T100092,U10263,M1003,crypto,17.66,2026-04-19 21:52:32,0
T107294,U10188,M1045,pharmacy,29.28,2026-04-19 21:55:26,0
T107798,U10093,M1049,utilities,20.82,2026-04-19 23:11:32,0
T105079,U10145,M1018,fashion,64.66,2026-04-19 23:18:28,0
T105333,U10229,M1023,pharmacy,9.46,2026-04-19 23:44:16,0
T101909,U10056,M1049,utilities,45.72,2026-04-19 23:51:02,0
T104108,U10128,M1052,gaming,23.15,2026-04-20 00:08:57,0
T106083,U10033,M1007,restaurant,14.33,2026-04-20 00:08:57,0
T101630,U10242,M1006,grocery,355.39,2026-04-20 00:10:17,1
T100004,U10190,M1016,gambling,19.49,2026-04-20 01:28:06,0
T102859,U10031,M1008,travel,81.69,2026-04-20 02:45:34,0
T107672,U10093,M1056,gambling,83.27,2026-04-20 03:16:40,0
T104842,U10047,M1013,utilities,64.56,2026-04-20 03:18:57,0
T100829,U10103,M1022,electronics,44.18,2026-04-20 04:21:08,0
T104822,U10003,M1007,restaurant,25.73,2026-04-20 04:24:08,0
T102824,U10106,M1006,grocery,43.55,2026-04-20 04:26:37,0
T104911,U10200,M1049,utilities,22.59,2026-04-20 05:00:01,0
T105386,U10172,M1053,crypto,30.39,2026-04-20 05:06:04,0
T101979,U10156,M1057,electronics,40.57,2026-04-20 05:27:16,0
T105374,U10035,M1038,travel,18.91,2026-04-20 05:40:18,0
T103485,U10010,M1040,electronics,49.04,2026-04-20 06:03:05,0
T104054,U10284,M1023,pharmacy,41.09,2026-04-20 06:24:13,0
T101166,U10289,M1013,utilities,16.04,2026-04-20 06:30:18,0
T101887,U10111,M1003,crypto,44.89,2026-04-20 06:39:49,0
T106102,U10210,M1011,pharmacy,12.86,2026-04-20 07:45:03,0
T104060,U10297,M1002,restaurant,31.08,2026-04-20 07:50:54,0
T107093,U10105,M1013,utilities,223.22,2026-04-20 08:19:36,0
T100857,U10157,M1026,crypto,36.31,2026-04-20 08:20:42,0
T100609,U10122,M1052,gaming,9.69,2026-04-20 08:48:42,0
T104612,U10121,M1004,crypto,14.51,2026-04-20 08:49:28,0
T104890,U10285,M1026,crypto,21.67,2026-04-20 08:55:17,0
T103246,U10226,M1023,pharmacy,20.05,2026-04-20 09:03:22,0
T107838,U10221,M1016,gambling,37.45,2026-04-20 09:15:37,0
T107233,U10269,M1017,electronics,65.92,2026-04-20 09:19:10,0
T104555,U10090,M1002,restaurant,18.49,2026-04-20 09:19:36,0
T100511,U10279,M1020,gambling,40.4,2026-04-20 09:53:37,0
T107950,U10086,M1053,crypto,124.1,2026-04-20 10:20:13,0
T100467,U10162,M1012,utilities,46.7,2026-04-20 10:34:32,0
T101468,U10032,M1029,crypto,13.21,2026-04-20 10:45:40,0
T100211,U10161,M1044,grocery,27.52,2026-04-20 10:55:16,0
T105608,U10078,M1014,utilities,50.97,2026-04-20 11:00:39,0
T107331,U10247,M1027,fashion,12.33,2026-04-20 11:27:20,0
T107062,U10006,M1030,crypto,12.33,2026-04-20 12:14:59,0
T103428,U10162,M1047,fashion,31.39,2026-04-20 12:38:32,0
T100916,U10036,M1015,utilities,19.97,2026-04-20 12:50:33,0
T104831,U10136,M1001,utilities,77.92,2026-04-20 12:52:36,0
T106399,U10041,M1041,utilities,14.96,2026-04-20 13:11:00,0
T101263,U10031,M1051,electronics,20.55,2026-04-20 13:56:53,0
T105681,U10179,M1043,gaming,72.08,2026-04-20 14:01:29,0
T106332,U10220,M1040,electronics,30.44,2026-04-20 14:17:26,0
T100634,U10265,M1004,crypto,43.87,2026-04-20 14:23:54,0
T107126,U10241,M1019,crypto,10.08,2026-04-20 14:38:09,0
T100572,U10164,M1026,crypto,45.39,2026-04-20 14:52:18,0
T101694,U10173,M1048,restaurant,45.27,2026-04-20 15:01:10,0
T105838,U10014,M1020,gambling,65.29,2026-04-20 15:08:48,0
T105006,U10240,M1029,crypto,12.51,2026-04-20 15:10:00,0
T103365,U10226,M1003,crypto,92.71,2026-04-20 15:34:07,0
T106588,U10018,M1044,grocery,29.18,2026-04-20 15:45:51,0
T104019,U10148,M1013,utilities,62.01,2026-04-20 16:00:55,0
T104445,U10003,M1051,electronics,32.61,2026-04-20 17:01:02,0
T104095,U10274,M1037,fashion,38.96,2026-04-20 17:01:49,0
T104744,U10295,M1017,electronics,86.6,2026-04-20 17:48:08,0
T105655,U10068,M1015,utilities,57.32,2026-04-20 17:56:17,0
T107669,U10174,M1056,gambling,21.43,2026-04-20 18:22:09,0
T105865,U10126,M1040,electronics,61.01,2026-04-20 19:23:33,0
T101732,U10275,M1011,pharmacy,21.78,2026-04-20 19:25:58,0
T102523,U10290,M1055,grocery,77.74,2026-04-20 19:44:12,0
T106174,U10236,M1052,gaming,28.71,2026-04-20 20:11:11,0
T106534,U10298,M1044,grocery,27.53,2026-04-20 20:18:19,0
T101287,U10115,M1052,gaming,22.2,2026-04-20 20:19:03,0
T103202,U10143,M1043,gaming,27.4,2026-04-20 20:30:44,0
T105615,U10066,M1003,crypto,18.28,2026-04-20 21:06:54,0
T102850,U10169,M1057,electronics,46.65,2026-04-20 21:07:44,0
T106280,U10134,M1027,fashion,48.82,2026-04-20 22:42:28,0
T104724,U10033,M1040,electronics,35.16,2026-04-20 22:45:09,0
T101532,U10046,M1036,fashion,24.34,2026-04-20 23:11:53,0
T102331,U10229,M1017,electronics,15.67,2026-04-20 23:24:03,0
T106396,U10002,M1054,crypto,59.04,2026-04-20 23:35:34,0
T106143,U10132,M1050,utilities,240.54,2026-04-20 23:57:27,0
T101533,U10255,M1040,electronics,35.62,2026-04-21 00:17:17,0
T100138,U10296,M1022,electronics,27.34,2026-04-21 01:05:31,0
T107825,U10272,M1006,grocery,34.08,2026-04-21 01:10:06,0
T106039,U10023,M1045,pharmacy,55.78,2026-04-21 01:22:27,0
T102253,U10295,M1038,travel,34.61,2026-04-21 01:32:35,0
T105926,U10027,M1033,gambling,1092.07,2026-04-21 01:53:30,0
T107871,U10021,M1050,utilities,30.21,2026-04-21 01:56:24,0
T101451,U10218,M1003,crypto,505.34,2026-04-21 01:59:57,0
T100427,U10000,M1053,crypto,75.27,2026-04-21 02:07:37,1
T100081,U10120,M1032,grocery,26.46,2026-04-21 02:08:42,0
T106490,U10088,M1019,crypto,130.09,2026-04-21 02:09:16,1
T104960,U10099,M1058,utilities,6.0,2026-04-21 02:13:05,0
T102571,U10060,M1042,utilities,74.34,2026-04-21 02:19:40,0
T102327,U10110,M1055,grocery,39.01,2026-04-21 02:39:12,0
T106666,U10296,M1016,gambling,12.13,2026-04-21 02:48:58,0
T106258,U10102,M1023,pharmacy,44.69,2026-04-21 04:06:42,0
T105311,U10125,M1047,fashion,2649.76,2026-04-21 04:31:29,0
T101362,U10115,M1021,gaming,51.78,2026-04-21 05:09:40,0
T105127,U10078,M1057,electronics,207.65,2026-04-21 06:02:45,1
T104642,U10060,M1000,grocery,62.81,2026-04-21 06:21:18,0
T105590,U10145,M1052,gaming,30.63,2026-04-21 06:50:35,0
T100060,U10148,M1000,grocery,60.29,2026-04-21 07:15:06,0
T106178,U10272,M1039,restaurant,61.56,2026-04-21 07:48:56,0
T106879,U10223,M1039,restaurant,49.11,2026-04-21 07:56:39,0
T102731,U10133,M1035,grocery,42.84,2026-04-21 08:07:56,0
T102198,U10205,M1049,utilities,26.55,2026-04-21 08:59:56,0
T105424,U10131,M1021,gaming,28.0,2026-04-21 09:05:08,0
T107709,U10151,M1016,gambling,51.35,2026-04-21 10:58:16,0
T107562,U10004,M1029,crypto,23.58,2026-04-21 11:11:52,0
T107201,U10193,M1030,crypto,23.53,2026-04-21 11:30:32,0
T107477,U10289,M1045,pharmacy,31.37,2026-04-21 12:04:20,0
T102751,U10134,M1046,crypto,23.75,2026-04-21 13:01:07,0
T103188,U10096,M1043,gaming,134.83,2026-04-21 13:17:06,0
T100944,U10180,M1013,utilities,155.57,2026-04-21 13:23:36,0
T106485,U10001,M1032,grocery,32.37,2026-04-21 13:28:40,0
T103652,U10108,M1037,fashion,47.26,2026-04-21 13:37:28,0
T102201,U10023,M1049,utilities,41.08,2026-04-21 14:30:17,0
T103713,U10154,M1019,crypto,18.59,2026-04-21 16:14:13,0
T104172,U10111,M1023,pharmacy,247.17,2026-04-21 16:32:34,0
T101981,U10267,M1020,gambling,20.28,2026-04-21 16:33:19,0
T106205,U10004,M1020,gambling,94.22,2026-04-21 16:38:17,0
T107278,U10029,M1020,gambling,74.11,2026-04-21 16:39:29,0
T105802,U10291,M1059,restaurant,36.78,2026-04-21 16:50:42,0
T106074,U10278,M1028,gambling,70.58,2026-04-21 17:00:29,0
T107710,U10191,M1054,crypto,38.74,2026-04-21 17:01:26,0
T106916,U10149,M1040,electronics,26.68,2026-04-21 17:41:10,0
T105219,U10022,M1017,electronics,8.26,2026-04-21 17:56:01,0
T106994,U10184,M1039,restaurant,105.22,2026-04-21 18:02:26,0
T101421,U10201,M1005,fashion,24.08,2026-04-21 18:26:48,0
T102282,U10041,M1059,restaurant,21.48,2026-04-21 18:47:51,0
T104023,U10101,M1029,crypto,30.55,2026-04-21 18:51:44,0
T107554,U10055,M1040,electronics,33.14,2026-04-21 19:15:02,0
T107423,U10180,M1049,utilities,93.19,2026-04-21 19:17:13,0
T105011,U10187,M1010,gambling,67.41,2026-04-21 19:33:20,0
T107987,U10021,M1027,fashion,62.52,2026-04-21 19:46:15,0
T102939,U10071,M1051,electronics,20.04,2026-04-21 19:58:31,0
T104101,U10140,M1018,fashion,12.58,2026-04-21 20:00:00,0
T104328,U10182,M1036,fashion,69.86,2026-04-21 20:01:50,0
T103979,U10099,M1018,fashion,26.05,2026-04-21 20:22:30,0
T101085,U10013,M1029,crypto,71.3,2026-04-21 20:25:32,0
T104477,U10103,M1024,utilities,21.95,2026-04-21 20:58:57,0
T107491,U10221,M1021,gaming,72.06,2026-04-21 21:27:21,0
T107858,U10015,M1052,gaming,16.6,2026-04-21 21:35:05,0
T105921,U10061,M1043,gaming,52.44,2026-04-21 21:36:05,0
T104995,U10038,M1014,utilities,24.53,2026-04-21 22:00:43,0
T106159,U10294,M1028,gambling,1559.6,2026-04-21 22:04:01,0
T107744,U10160,M1057,electronics,129.86,2026-04-21 22:46:42,0
T107618,U10184,M1035,grocery,26.76,2026-04-21 22:50:17,0
T104946,U10238,M1013,utilities,10.73,2026-04-21 22:53:10,0
T101337,U10202,M1037,fashion,58.17,2026-04-21 23:08:43,0
T107890,U10278,M1058,utilities,17.99,2026-04-21 23:14:27,0
T107984,U10268,M1014,utilities,20.58,2026-04-21 23:38:26,0
T106206,U10278,M1052,gaming,32.96,2026-04-22 00:25:26,0
T106338,U10114,M1029,crypto,14.84,2026-04-22 01:27:57,0
T106118,U10270,M1037,fashion,132.35,2026-04-22 01:38:39,0
T104468,U10260,M1028,gambling,36.48,2026-04-22 01:55:25,0
T104376,U10013,M1008,travel,11.12,2026-04-22 02:21:53,0
T106838,U10261,M1026,crypto,32.72,2026-04-22 02:38:21,0
T101275,U10166,M1059,restaurant,42.34,2026-04-22 02:41:14,0
T107429,U10142,M1024,utilities,10.51,2026-04-22 02:51:23,0
T101574,U10003,M1044,grocery,124.17,2026-04-22 02:59:19,1
T101204,U10243,M1018,fashion,106.52,2026-04-22 03:07:45,0
T101624,U10156,M1028,gambling,33.83,2026-04-22 04:20:50,0
T104814,U10184,M1033,gambling,47.73,2026-04-22 04:27:29,0
T101207,U10170,M1014,utilities,34.64,2026-04-22 04:38:38,0
T100158,U10048,M1026,crypto,86.96,2026-04-22 04:50:03,0
T106676,U10296,M1037,fashion,46.72,2026-04-22 04:59:04,0
T103902,U10106,M1022,electronics,75.31,2026-04-22 05:10:26,0
T106861,U10238,M1047,fashion,61.48,2026-04-22 06:02:40,0
T101831,U10225,M1034,fashion,887.91,2026-04-22 07:10:18,0
T105267,U10191,M1001,utilities,80.61,2026-04-22 07:20:05,0
T100606,U10288,M1003,crypto,141.7,2026-04-22 07:44:58,1
T106645,U10076,M1019,crypto,21.22,2026-04-22 08:33:23,0
T107438,U10052,M1054,crypto,30.72,2026-04-22 08:43:24,1
T100166,U10056,M1052,gaming,35.28,2026-04-22 09:06:15,0
T102437,U10205,M1028,gambling,20.35,2026-04-22 09:40:45,0
T101556,U10039,M1018,fashion,33.62,2026-04-22 09:42:04,0
T100488,U10039,M1000,grocery,20.81,2026-04-22 09:43:09,0
T102247,U10227,M1042,utilities,69.79,2026-04-22 10:13:19,0
T106617,U10053,M1041,utilities,12.68,2026-04-22 10:48:54,0
T103879,U10237,M1009,grocery,106.58,2026-04-22 11:05:56,0
T101664,U10260,M1004,crypto,13.57,2026-04-22 12:00:10,0
T103232,U10268,M1017,electronics,18.92,2026-04-22 12:40:49,0
T104492,U10255,M1057,electronics,39.1,2026-04-22 13:23:21,0
T106248,U10236,M1016,gambling,81.89,2026-04-22 13:32:02,1
T105275,U10264,M1037,fashion,63.57,2026-04-22 13:33:03,0
T100109,U10067,M1039,restaurant,9.61,2026-04-22 14:04:12,0
T102745,U10256,M1018,fashion,58.52,2026-04-22 14:07:47,0
T102881,U10139,M1018,fashion,79.66,2026-04-22 14:07:57,0
T105266,U10121,M1021,gaming,22.07,2026-04-22 14:22:55,0
T101193,U10175,M1036,fashion,37.44,2026-04-22 14:25:01,0
T106937,U10080,M1031,travel,46.44,2026-04-22 14:36:02,0
T103715,U10170,M1049,utilities,111.2,2026-04-22 14:40:43,0
T107565,U10043,M1043,gaming,39.11,2026-04-22 14:46:06,1
T106509,U10058,M1039,restaurant,28.73,2026-04-22 16:14:16,0
T106010,U10264,M1059,restaurant,20.97,2026-04-22 16:18:28,0
T105305,U10028,M1019,crypto,4.95,2026-04-22 16:33:48,0
T102347,U10017,M1009,grocery,124.72,2026-04-22 17:00:19,0
T104563,U10295,M1025,restaurant,75.38,2026-04-22 17:04:34,0
T104349,U10194,M1025,restaurant,29.5,2026-04-22 17:08:15,0
T101373,U10158,M1010,gambling,6.58,2026-04-22 17:16:58,0
T100548,U10247,M1013,utilities,11.67,2026-04-22 17:33:28,0
T105332,U10098,M1051,electronics,46.63,2026-04-22 17:39:37,0
T104729,U10083,M1013,utilities,17.27,2026-04-22 17:44:58,0
T104419,U10017,M1017,electronics,15.5,2026-04-22 18:22:24,0
T106419,U10271,M1040,electronics,19.05,2026-04-22 19:07:50,0
T100547,U10101,M1004,crypto,10.09,2026-04-22 19:43:09,0
T106186,U10273,M1044,grocery,57.53,2026-04-22 20:15:48,0
T103867,U10283,M1059,restaurant,18.56,2026-04-22 20:23:08,0
T102204,U10146,M1014,utilities,84.19,2026-04-22 21:46:10,0
T102478,U10132,M1024,utilities,78.47,2026-04-22 21:57:34,0
T107839,U10169,M1040,electronics,21.5,2026-04-22 21:59:36,0
T107945,U10023,M1011,pharmacy,13.02,2026-04-22 22:14:52,0
T106713,U10132,M1045,pharmacy,73.12,2026-04-22 23:06:55,0
T102699,U10033,M1048,restaurant,75.81,2026-04-22 23:31:38,0
T106018,U10223,M1057,electronics,19.25,2026-04-22 23:45:35,0
T101175,U10025,M1004,crypto,38.25,2026-04-23 00:02:16,0
T103906,U10228,M1008,travel,98.97,2026-04-23 00:40:27,1
T107886,U10224,M1034,fashion,44.93,2026-04-23 00:52:12,0
T101621,U10021,M1041,utilities,33.98,2026-04-23 01:13:29,0
T107752,U10005,M1001,utilities,113.79,2026-04-23 01:16:17,0
T102413,U10054,M1001,utilities,52.99,2026-04-23 01:36:47,0
T106952,U10119,M1027,fashion,55.47,2026-04-23 01:46:43,0
T101306,U10088,M1038,travel,267.64,2026-04-23 02:37:28,0
T101640,U10058,M1045,pharmacy,27.99,2026-04-23 02:40:52,0
T107177,U10108,M1026,crypto,77.21,2026-04-23 03:06:39,0
T103468,U10070,M1048,restaurant,78.13,2026-04-23 03:27:30,0
T104649,U10031,M1051,electronics,22.07,2026-04-23 03:49:10,0
T105147,U10022,M1024,utilities,24.1,2026-04-23 04:11:00,0
T105480,U10218,M1023,pharmacy,296.08,2026-04-23 04:11:01,0
T107403,U10076,M1017,electronics,15.36,2026-04-23 04:34:22,0
T101720,U10132,M1000,grocery,112.16,2026-04-23 04:44:53,0
T101972,U10240,M1025,restaurant,76.29,2026-04-23 04:54:36,0
T100471,U10000,M1010,gambling,75.8,2026-04-23 05:32:50,0
T105605,U10075,M1019,crypto,15.83,2026-04-23 05:46:05,0
T101332,U10072,M1039,restaurant,23.87,2026-04-23 05:47:19,0
T100157,U10254,M1022,electronics,18.44,2026-04-23 06:11:12,0
T106215,U10110,M1035,grocery,25.19,2026-04-23 06:24:38,0
T101813,U10203,M1011,pharmacy,178.03,2026-04-23 06:53:36,0
T102771,U10020,M1001,utilities,68.58,2026-04-23 07:01:02,0
T101819,U10016,M1021,gaming,51.07,2026-04-23 07:06:42,0
T107850,U10108,M1031,travel,155.36,2026-04-23 07:41:09,0
T103510,U10266,M1017,electronics,19.15,2026-04-23 08:04:24,0
T106317,U10265,M1004,crypto,18.07,2026-04-23 08:23:17,0
T106367,U10117,M1004,crypto,47.43,2026-04-23 08:34:35,0
T107029,U10094,M1002,restaurant,45.16,2026-04-23 09:00:47,0
T102648,U10213,M1032,grocery,12.36,2026-04-23 09:07:43,0
T105625,U10012,M1031,travel,81.06,2026-04-23 09:51:06,0
T104127,U10279,M1052,gaming,139.7,2026-04-23 09:53:35,0
T107928,U10147,M1052,gaming,30.83,2026-04-23 10:00:15,0
T107181,U10003,M1031,travel,57.03,2026-04-23 10:29:15,0
T105360,U10245,M1008,travel,437.89,2026-04-23 10:37:13,0
T105654,U10255,M1037,fashion,31.83,2026-04-23 10:49:02,0
T100643,U10214,M1047,fashion,221.63,2026-04-23 11:09:15,0
T100370,U10101,M1019,crypto,13.14,2026-04-23 11:12:55,0
T106256,U10078,M1027,fashion,40.32,2026-04-23 11:55:11,0
T103561,U10245,M1014,utilities,61.92,2026-04-23 12:09:10,0
T107379,U10230,M1040,electronics,40.87,2026-04-23 12:44:56,0
T107593,U10113,M1034,fashion,52.64,2026-04-23 12:53:02,0
T104405,U10037,M1050,utilities,26.41,2026-04-23 12:53:05,0
T102239,U10220,M1034,fashion,56.2,2026-04-23 13:03:09,0
T106299,U10058,M1051,electronics,43.79,2026-04-23 13:32:29,0
T107498,U10121,M1049,utilities,40.49,2026-04-23 13:37:40,0
T103309,U10008,M1024,utilities,30.14,2026-04-23 13:57:03,0
T100529,U10143,M1006,grocery,17.11,2026-04-23 14:15:13,0
T100044,U10134,M1023,pharmacy,46.88,2026-04-23 14:18:19,0
T107460,U10064,M1006,grocery,26.86,2026-04-23 14:40:02,0
T104860,U10209,M1023,pharmacy,230.58,2026-04-23 14:44:24,0
T103613,U10117,M1034,fashion,32.75,2026-04-23 15:13:03,0
T104714,U10270,M1039,restaurant,128.11,2026-04-23 15:21:03,0
T107017,U10196,M1011,pharmacy,115.53,2026-04-23 15:35:10,0
T105160,U10238,M1040,electronics,49.33,2026-04-23 15:47:53,0
T107615,U10214,M1028,gambling,141.14,2026-04-23 16:15:36,0
T103692,U10234,M1046,crypto,37.84,2026-04-23 16:33:35,0
T100398,U10023,M1036,fashion,20.93,2026-04-23 16:53:32,0
T100183,U10290,M1005,fashion,115.57,2026-04-23 17:00:45,0
T102963,U10283,M1046,crypto,86.09,2026-04-23 17:28:57,0
T105772,U10087,M1048,restaurant,61.31,2026-04-23 17:41:36,0
T102101,U10089,M1046,crypto,32.41,2026-04-23 18:25:32,0
T103742,U10197,M1000,grocery,77.01,2026-04-23 18:30:30,0
T100077,U10175,M1052,gaming,23.56,2026-04-23 19:32:05,0
T103925,U10122,M1042,utilities,22.12,2026-04-23 20:08:36,0
T106868,U10122,M1031,travel,4.37,2026-04-23 20:12:37,0
T105412,U10067,M1009,grocery,89.72,2026-04-23 20:19:08,0
T101698,U10217,M1009,grocery,79.73,2026-04-23 20:22:36,0
T105774,U10154,M1004,crypto,27.64,2026-04-23 20:26:41,0
T100545,U10027,M1036,fashion,186.56,2026-04-23 20:51:15,0
T104139,U10130,M1048,restaurant,27.36,2026-04-23 21:18:59,1
T102624,U10237,M1004,crypto,52.33,2026-04-23 21:19:09,0
T107925,U10015,M1020,gambling,39.54,2026-04-23 21:20:13,0
T105430,U10051,M1037,fashion,10.81,2026-04-23 21:52:32,0
T107397,U10012,M1043,gaming,32.22,2026-04-23 21:59:57,0
T103354,U10131,M1037,fashion,15.49,2026-04-23 22:21:34,0
T104449,U10173,M1046,crypto,32.72,2026-04-23 23:05:34,0
T105849,U10278,M1036,fashion,27.52,2026-04-23 23:06:02,0
T103143,U10042,M1001,utilities,19.33,2026-04-23 23:29:05,0
T105974,U10265,M1014,utilities,87.18,2026-04-23 23:41:52,0
T100818,U10082,M1019,crypto,7.6,2026-04-24 01:05:35,0
T105206,U10182,M1021,gaming,29.09,2026-04-24 01:29:50,0
T106295,U10267,M1040,electronics,43.56,2026-04-24 01:43:51,0
T103999,U10013,M1024,utilities,25.75,2026-04-24 01:54:19,0
T101402,U10235,M1026,crypto,20.15,2026-04-24 02:33:36,0
T100454,U10156,M1042,utilities,40.55,2026-04-24 02:33:53,0
T100139,U10072,M1057,electronics,11.9,2026-04-24 02:34:38,0
T101956,U10137,M1053,crypto,56.32,2026-04-24 03:18:59,0
T105913,U10235,M1003,crypto,38.29,2026-04-24 03:32:07,0
T106757,U10050,M1018,fashion,27.6,2026-04-24 03:45:12,0
T105922,U10038,M1010,gambling,39.17,2026-04-24 03:50:58,0
T105320,U10166,M1031,travel,68.74,2026-04-24 04:06:19,0
T106685,U10135,M1001,utilities,27.82,2026-04-24 04:41:46,0
T107480,U10041,M1015,utilities,407.86,2026-04-24 04:51:22,0
T106560,U10148,M1004,crypto,15.89,2026-04-24 05:37:45,0
T107733,U10118,M1036,fashion,42.57,2026-04-24 05:48:10,0
T100107,U10181,M1006,grocery,16.43,2026-04-24 06:21:24,0
T107408,U10262,M1044,grocery,81.06,2026-04-24 06:28:16,0
T106516,U10102,M1057,electronics,65.61,2026-04-24 06:35:29,0
T103626,U10035,M1041,utilities,98.92,2026-04-24 06:59:47,0
T102927,U10267,M1021,gaming,224.16,2026-04-24 07:03:08,1
T106312,U10159,M1013,utilities,99.59,2026-04-24 07:37:32,0
T103034,U10077,M1010,gambling,25.25,2026-04-24 07:40:51,0
T107973,U10258,M1002,restaurant,32.64,2026-04-24 07:58:31,0
T106708,U10288,M1045,pharmacy,193.23,2026-04-24 08:02:27,0
T103158,U10124,M1054,crypto,25.0,2026-04-24 08:04:43,0
T104917,U10082,M1048,restaurant,123.18,2026-04-24 09:05:20,0
T106826,U10073,M1023,pharmacy,107.75,2026-04-24 09:07:13,0
T101137,U10156,M1050,utilities,24.53,2026-04-24 09:19:53,0
T103732,U10201,M1000,grocery,37.72,2026-04-24 09:50:18,0
T101069,U10256,M1048,restaurant,23.33,2026-04-24 10:30:05,1
T101181,U10116,M1047,fashion,47.03,2026-04-24 11:02:33,0
T106595,U10122,M1013,utilities,19.1,2026-04-24 11:49:43,0
T103033,U10178,M1052,gaming,44.72,2026-04-24 12:33:40,0
T105602,U10164,M1055,grocery,7.4,2026-04-24 12:35:00,0
T101894,U10049,M1051,electronics,41.19,2026-04-24 12:54:09,0
T101408,U10104,M1013,utilities,16.82,2026-04-24 13:09:22,0
T107976,U10219,M1019,crypto,44.63,2026-04-24 14:12:53,0
T101334,U10250,M1007,restaurant,68.13,2026-04-24 14:21:55,0
T103412,U10102,M1040,electronics,125.07,2026-04-24 15:58:00,0
T107619,U10049,M1058,utilities,38.3,2026-04-24 16:45:05,0
T100597,U10247,M1009,grocery,90.0,2026-04-24 16:45:50,0
T100392,U10240,M1019,crypto,59.94,2026-04-24 16:51:48,0
T103435,U10059,M1052,gaming,73.46,2026-04-24 17:31:47,0
T107939,U10036,M1037,fashion,20.89,2026-04-24 18:01:24,0
T100945,U10078,M1053,crypto,46.84,2026-04-24 18:32:55,0
T107023,U10045,M1020,gambling,53.3,2026-04-24 19:15:48,0
T107422,U10067,M1002,restaurant,48.28,2026-04-24 20:01:10,0
T103658,U10198,M1042,utilities,15.86,2026-04-24 20:47:15,0
T101725,U10266,M1044,grocery,91.08,2026-04-24 21:06:03,0
T100268,U10140,M1022,electronics,26.97,2026-04-24 21:31:44,0
T100659,U10183,M1031,travel,11.91,2026-04-24 22:15:13,0
T106758,U10181,M1047,fashion,38.46,2026-04-24 22:15:36,0
T100694,U10299,M1036,fashion,20.43,2026-04-24 22:20:21,0
T107559,U10103,M1021,gaming,49.53,2026-04-24 22:40:35,0
T103310,U10166,M1000,grocery,47.65,2026-04-24 22:46:27,0
T103644,U10059,M1056,gambling,68.7,2026-04-24 22:53:57,1
T100075,U10003,M1036,fashion,19.61,2026-04-24 23:40:13,0
T107625,U10125,M1045,pharmacy,140.44,2026-04-24 23:54:37,0
T103696,U10077,M1007,restaurant,46.45,2026-04-25 00:16:13,0
T100971,U10153,M1039,restaurant,644.8,2026-04-25 00:17:02,0
T102002,U10098,M1037,fashion,62.83,2026-04-25 00:20:04,0
T104763,U10071,M1034,fashion,37.03,2026-04-25 01:16:17,0
T106080,U10169,M1022,electronics,21.92,2026-04-25 01:22:49,0
T106514,U10016,M1030,crypto,27.44,2026-04-25 01:37:20,0
T102451,U10182,M1028,gambling,32.94,2026-04-25 02:10:10,0
T104204,U10049,M1040,electronics,54.6,2026-04-25 02:11:29,0
T103786,U10131,M1016,gambling,13.72,2026-04-25 02:30:51,0
T104264,U10269,M1020,gambling,21.82,2026-04-25 02:54:32,0
T104303,U10026,M1049,utilities,35.72,2026-04-25 02:58:30,0
T105218,U10074,M1007,restaurant,16.08,2026-04-25 03:26:02,0
T105184,U10105,M1020,gambling,18.34,2026-04-25 04:22:09,0
T104657,U10045,M1012,utilities,43.23,2026-04-25 04:22:18,0
T103518,U10221,M1057,electronics,82.12,2026-04-25 04:34:12,0
T104339,U10225,M1009,grocery,35.12,2026-04-25 04:38:27,0
T100754,U10224,M1035,grocery,227.14,2026-04-25 04:51:43,0
T107679,U10021,M1015,utilities,139.3,2026-04-25 04:59:38,0
T105105,U10136,M1013,utilities,56.27,2026-04-25 05:59:00,0
T102897,U10286,M1040,electronics,38.03,2026-04-25 06:35:41,0
T103351,U10126,M1042,utilities,18.89,2026-04-25 06:38:49,0
T103493,U10265,M1043,gaming,50.42,2026-04-25 06:45:25,0
T106262,U10184,M1054,crypto,30.3,2026-04-25 06:47:19,0
T103659,U10299,M1011,pharmacy,39.11,2026-04-25 07:07:03,0
T101824,U10187,M1009,grocery,44.2,2026-04-25 07:34:27,0
T100569,U10282,M1035,grocery,110.91,2026-04-25 07:48:24,0
T107217,U10011,M1019,crypto,130.57,2026-04-25 08:45:57,0
T101965,U10216,M1050,utilities,12.01,2026-04-25 09:04:00,0
T100936,U10253,M1057,electronics,911.55,2026-04-25 09:31:41,0
T107004,U10222,M1032,grocery,154.43,2026-04-25 09:31:52,0
T103449,U10109,M1005,fashion,49.88,2026-04-25 09:43:42,0
T103727,U10199,M1031,travel,52.97,2026-04-25 09:57:48,0
T106136,U10190,M1023,pharmacy,29.29,2026-04-25 10:05:57,0
T107462,U10249,M1031,travel,34.76,2026-04-25 10:44:30,0
T105815,U10227,M1033,gambling,75.78,2026-04-25 10:47:30,0
T106541,U10184,M1022,electronics,20.66,2026-04-25 10:50:27,0
T100164,U10159,M1012,utilities,28.93,2026-04-25 10:57:53,0
T102184,U10243,M1048,restaurant,296.9,2026-04-25 11:00:58,0
T105529,U10186,M1032,grocery,13.66,2026-04-25 11:02:52,0
T106207,U10064,M1036,fashion,21.88,2026-04-25 11:15:29,0
T104894,U10155,M1055,grocery,199.23,2026-04-25 11:36:13,0
T106014,U10282,M1030,crypto,82.31,2026-04-25 11:38:20,0
T103795,U10291,M1033,gambling,36.22,2026-04-25 12:14:37,0
T100098,U10039,M1039,restaurant,346.21,2026-04-25 12:22:04,0
T100293,U10041,M1004,crypto,33.34,2026-04-25 12:33:08,0
T107671,U10040,M1009,grocery,12.27,2026-04-25 12:40:14,0
T102129,U10234,M1049,utilities,167.27,2026-04-25 13:12:34,0
T101155,U10218,M1015,utilities,137.17,2026-04-25 13:25:05,0
T103819,U10076,M1030,crypto,18.73,2026-04-25 13:34:39,0
T102157,U10276,M1036,fashion,30.89,2026-04-25 14:00:45,0
T105167,U10066,M1041,utilities,17.3,2026-04-25 14:16:52,0
T101872,U10055,M1003,crypto,33.69,2026-04-25 14:28:57,0
T105215,U10093,M1039,restaurant,51.22,2026-04-25 14:29:54,0
T106921,U10224,M1055,grocery,7.07,2026-04-25 14:34:41,0
T104504,U10296,M1037,fashion,9.49,2026-04-25 14:46:45,0
T100758,U10096,M1058,utilities,45.8,2026-04-25 14:55:41,0
T107914,U10227,M1029,crypto,43.77,2026-04-25 15:02:58,0
T102983,U10037,M1021,gaming,19.08,2026-04-25 15:03:45,0
T104333,U10093,M1020,gambling,61.13,2026-04-25 15:24:24,0
T101270,U10054,M1003,crypto,19.74,2026-04-25 15:47:37,0
T100662,U10020,M1002,restaurant,52.39,2026-04-25 16:13:50,0
T106924,U10125,M1053,crypto,1023.72,2026-04-25 17:03:46,1
T107356,U10052,M1051,electronics,43.33,2026-04-25 17:13:21,0
T103071,U10099,M1027,fashion,40.95,2026-04-25 17:27:03,0
T101286,U10139,M1040,electronics,32.48,2026-04-25 17:27:33,0
T101738,U10106,M1039,restaurant,46.84,2026-04-25 17:29:26,0
T107345,U10293,M1017,electronics,167.92,2026-04-25 17:32:00,0
T107814,U10075,M1002,restaurant,30.64,2026-04-25 18:14:53,0
T104490,U10109,M1042,utilities,191.08,2026-04-25 18:15:15,0
T102060,U10159,M1027,fashion,105.87,2026-04-25 18:16:57,0
T106642,U10160,M1023,pharmacy,58.85,2026-04-25 18:17:42,0
T106738,U10110,M1048,restaurant,35.01,2026-04-25 19:12:59,0
T100296,U10201,M1045,pharmacy,8.4,2026-04-25 19:52:25,0
T107628,U10135,M1047,fashion,19.43,2026-04-25 20:13:24,0
T101419,U10191,M1030,crypto,14.53,2026-04-25 21:33:47,0
T107069,U10012,M1040,electronics,25.1,2026-04-25 21:50:48,0
T102231,U10093,M1056,gambling,53.9,2026-04-25 21:55:33,0
T101820,U10221,M1040,electronics,32.85,2026-04-25 22:05:39,0
T100855,U10006,M1033,gambling,18.56,2026-04-25 22:10:57,0
T102839,U10188,M1047,fashion,57.27,2026-04-25 22:18:32,0
T105241,U10083,M1057,electronics,11.38,2026-04-25 22:38:49,0
T106719,U10102,M1043,gaming,76.53,2026-04-25 23:55:25,0
T102241,U10128,M1000,grocery,9.6,2026-04-26 00:11:05,0
T101602,U10111,M1016,gambling,57.53,2026-04-26 01:42:08,0
T100198,U10030,M1028,gambling,12.02,2026-04-26 01:44:02,0
T105634,U10226,M1018,fashion,31.56,2026-04-26 02:09:43,0
T102275,U10123,M1016,gambling,33.82,2026-04-26 02:10:30,0
T101351,U10087,M1024,utilities,10.86,2026-04-26 02:17:11,0
T106082,U10089,M1040,electronics,40.82,2026-04-26 02:29:46,0
T100360,U10163,M1059,restaurant,43.89,2026-04-26 02:30:41,0
T101124,U10089,M1018,fashion,23.83,2026-04-26 02:43:59,0
T106569,U10094,M1004,crypto,56.19,2026-04-26 02:47:31,0
T103559,U10206,M1054,crypto,7.0,2026-04-26 03:16:12,0
T107757,U10082,M1026,crypto,42.57,2026-04-26 04:39:16,0
T104267,U10239,M1043,gaming,17.53,2026-04-26 05:20:02,0
T104700,U10046,M1032,grocery,23.14,2026-04-26 05:47:21,0
T107407,U10257,M1013,utilities,55.25,2026-04-26 06:02:00,0
T103172,U10237,M1041,utilities,100.93,2026-04-26 06:09:17,0
T100125,U10090,M1040,electronics,53.47,2026-04-26 06:15:46,0
T100508,U10097,M1036,fashion,16.39,2026-04-26 06:17:52,0
T106172,U10273,M1036,fashion,34.66,2026-04-26 06:28:14,0
T106296,U10024,M1049,utilities,39.44,2026-04-26 06:44:58,0
T105960,U10120,M1054,crypto,14.29,2026-04-26 07:14:34,0
T101806,U10054,M1006,grocery,28.03,2026-04-26 07:17:22,0
T107755,U10051,M1016,gambling,60.38,2026-04-26 07:47:52,0
T106592,U10188,M1000,grocery,23.04,2026-04-26 07:58:43,0
T103691,U10068,M1014,utilities,36.54,2026-04-26 08:22:33,0
T104942,U10207,M1047,fashion,28.92,2026-04-26 08:50:23,0
T104271,U10162,M1050,utilities,654.79,2026-04-26 09:57:02,0
T100719,U10110,M1043,gaming,69.06,2026-04-26 10:43:04,0
T104369,U10183,M1021,gaming,33.42,2026-04-26 10:53:05,0
T101776,U10289,M1033,gambling,28.89,2026-04-26 11:56:11,0
T100479,U10142,M1043,gaming,34.01,2026-04-26 12:46:22,0
T107182,U10259,M1056,gambling,8.8,2026-04-26 13:40:09,0
T102048,U10082,M1036,fashion,37.73,2026-04-26 14:11:47,0
T105989,U10141,M1041,utilities,62.44,2026-04-26 14:12:20,0
T107818,U10264,M1047,fashion,54.27,2026-04-26 14:25:19,0
T100724,U10111,M1037,fashion,14.94,2026-04-26 14:39:14,0
T103486,U10017,M1037,fashion,28.75,2026-04-26 14:41:07,0
T103496,U10190,M1047,fashion,40.07,2026-04-26 15:02:33,1
T102110,U10240,M1007,restaurant,29.05,2026-04-26 15:27:40,0
T101837,U10235,M1044,grocery,131.57,2026-04-26 15:33:06,0
T107042,U10042,M1041,utilities,28.77,2026-04-26 15:55:38,0
T103601,U10096,M1024,utilities,40.03,2026-04-26 16:08:38,0
T100153,U10250,M1036,fashion,33.6,2026-04-26 16:10:43,0
T105748,U10070,M1030,crypto,18.88,2026-04-26 16:17:26,0
T107552,U10073,M1040,electronics,45.42,2026-04-26 16:50:21,0
T102550,U10104,M1025,restaurant,53.95,2026-04-26 17:03:58,0
T106392,U10249,M1025,restaurant,43.3,2026-04-26 17:09:19,0
T107056,U10214,M1031,travel,93.45,2026-04-26 17:50:36,0
T102947,U10148,M1042,utilities,27.06,2026-04-26 18:11:23,0
T102697,U10171,M1038,travel,8.61,2026-04-26 18:25:12,0
T101149,U10230,M1003,crypto,53.8,2026-04-26 18:35:40,0
T106513,U10224,M1046,crypto,51.68,2026-04-26 20:00:59,0
T102820,U10030,M1012,utilities,30.96,2026-04-26 20:05:13,0
T102899,U10033,M1016,gambling,25.59,2026-04-26 20:19:23,0
T100970,U10269,M1042,utilities,46.54,2026-04-26 20:39:01,0
T102397,U10001,M1030,crypto,25.26,2026-04-26 21:16:10,1
T105078,U10055,M1049,utilities,32.66,2026-04-26 22:35:31,0
T106843,U10196,M1001,utilities,567.48,2026-04-26 23:22:06,0
T107574,U10066,M1028,gambling,34.68,2026-04-26 23:38:06,0
T104430,U10126,M1017,electronics,17.3,2026-04-26 23:40:51,0
T104473,U10213,M1031,travel,72.66,2026-04-27 00:18:02,0
T101627,U10249,M1021,gaming,25.1,2026-04-27 00:56:35,0
T102721,U10210,M1034,fashion,57.87,2026-04-27 01:12:19,0
T101277,U10105,M1037,fashion,45.0,2026-04-27 01:58:55,0
T104635,U10296,M1031,travel,10.17,2026-04-27 02:11:40,0
T106436,U10223,M1032,grocery,16.32,2026-04-27 02:16:16,0
T106191,U10123,M1056,gambling,30.18,2026-04-27 02:45:43,0
T105931,U10260,M1050,utilities,42.45,2026-04-27 02:56:41,0
T107281,U10040,M1010,gambling,111.18,2026-04-27 02:59:48,0
T100644,U10102,M1052,gaming,165.06,2026-04-27 03:01:31,0
T105834,U10208,M1029,crypto,17.76,2026-04-27 04:10:46,0
T104575,U10025,M1009,grocery,30.52,2026-04-27 04:17:03,0
T100374,U10260,M1033,gambling,14.35,2026-04-27 04:33:09,0
T104547,U10224,M1014,utilities,24.15,2026-04-27 04:58:48,0
T104484,U10007,M1035,grocery,25.11,2026-04-27 05:09:56,0
T101695,U10250,M1030,crypto,26.55,2026-04-27 05:35:36,0
T103045,U10246,M1011,pharmacy,25.15,2026-04-27 06:18:43,0
T103855,U10293,M1007,restaurant,61.61,2026-04-27 07:49:11,0
T106906,U10071,M1046,crypto,45.65,2026-04-27 07:51:31,0
T102717,U10118,M1037,fashion,80.79,2026-04-27 08:06:42,0
T106582,U10035,M1020,gambling,47.65,2026-04-27 08:22:02,0
T102364,U10281,M1004,crypto,57.5,2026-04-27 09:03:52,0
T106723,U10208,M1043,gaming,13.07,2026-04-27 09:40:36,0
T106672,U10253,M1003,crypto,17.43,2026-04-27 10:14:49,0
T105629,U10284,M1021,gaming,30.06,2026-04-27 10:17:28,0
T107643,U10118,M1038,travel,105.58,2026-04-27 11:27:44,0
T107853,U10199,M1035,grocery,21.95,2026-04-27 12:12:52,0
T103588,U10044,M1050,utilities,41.09,2026-04-27 12:22:04,0
T105032,U10151,M1006,grocery,41.79,2026-04-27 12:57:03,0
T106371,U10167,M1059,restaurant,121.25,2026-04-27 12:58:17,0
T104790,U10103,M1038,travel,30.63,2026-04-27 13:37:38,0
T104919,U10176,M1047,fashion,24.16,2026-04-27 14:11:00,0
T107449,U10295,M1044,grocery,18.24,2026-04-27 14:52:48,0
T107213,U10224,M1025,restaurant,31.13,2026-04-27 15:03:09,0
T103371,U10004,M1057,electronics,99.3,2026-04-27 15:17:37,0
T103830,U10146,M1053,crypto,99.24,2026-04-27 15:46:56,0
T107855,U10198,M1019,crypto,8.72,2026-04-27 15:59:05,0
T106943,U10200,M1008,travel,39.69,2026-04-27 16:05:02,0
T104300,U10017,M1013,utilities,46.1,2026-04-27 16:12:52,0
T100872,U10019,M1058,utilities,58.81,2026-04-27 16:37:22,1
T107943,U10069,M1027,fashion,28.9,2026-04-27 17:37:43,0
T103031,U10226,M1043,gaming,41.27,2026-04-27 18:06:03,0
T107521,U10248,M1027,fashion,56.61,2026-04-27 19:22:32,0
T105234,U10222,M1014,utilities,50.09,2026-04-27 19:26:23,0
T100230,U10039,M1043,gaming,55.93,2026-04-27 19:31:24,0
T100657,U10287,M1028,gambling,36.54,2026-04-27 20:10:47,0
T102916,U10252,M1013,utilities,58.91,2026-04-27 20:15:38,0
T105623,U10033,M1046,crypto,70.59,2026-04-27 20:48:17,1
T102829,U10075,M1024,utilities,45.53,2026-04-27 21:09:01,0
T103383,U10091,M1008,travel,23.9,2026-04-27 21:19:10,0
T106773,U10016,M1044,grocery,82.99,2026-04-27 21:45:58,0
T101513,U10079,M1034,fashion,7.23,2026-04-27 23:11:56,0
T101984,U10207,M1026,crypto,28.92,2026-04-27 23:46:05,0
T104550,U10227,M1035,grocery,25.92,2026-04-27 23:47:38,0
T101961,U10257,M1046,crypto,4.76,2026-04-28 00:16:29,0
T102730,U10067,M1007,restaurant,8.95,2026-04-28 01:00:06,0
T103707,U10294,M1005,fashion,254.06,2026-04-28 01:06:23,1
T100806,U10214,M1025,restaurant,163.14,2026-04-28 01:21:42,0
T105180,U10206,M1048,restaurant,11.56,2026-04-28 01:44:49,0
T105365,U10294,M1013,utilities,127.1,2026-04-28 01:52:25,0
T104256,U10121,M1055,grocery,8.02,2026-04-28 02:04:30,0
T106604,U10099,M1009,grocery,26.55,2026-04-28 02:55:15,0
T100837,U10140,M1002,restaurant,20.3,2026-04-28 03:34:05,0
T100213,U10046,M1045,pharmacy,52.61,2026-04-28 03:50:56,0
T102136,U10067,M1002,restaurant,21.57,2026-04-28 04:01:42,0
T100994,U10125,M1032,grocery,90.73,2026-04-28 04:03:15,0
T101701,U10055,M1003,crypto,22.9,2026-04-28 04:35:22,0
T107721,U10094,M1042,utilities,37.52,2026-04-28 04:37:50,0
T105205,U10223,M1018,fashion,31.05,2026-04-28 04:48:45,0
T104045,U10109,M1041,utilities,102.82,2026-04-28 06:00:35,0
T100225,U10186,M1036,fashion,13.14,2026-04-28 06:51:27,0
T104246,U10263,M1054,crypto,17.04,2026-04-28 07:11:23,0
T104248,U10011,M1039,restaurant,47.04,2026-04-28 08:00:10,0
T101183,U10202,M1021,gaming,42.67,2026-04-28 08:00:12,0
T102211,U10281,M1020,gambling,35.14,2026-04-28 08:07:07,0
T105542,U10109,M1027,fashion,129.23,2026-04-28 08:10:04,0
T104454,U10281,M1053,crypto,32.25,2026-04-28 08:24:15,1
T104327,U10060,M1051,electronics,54.04,2026-04-28 08:37:46,0
T104021,U10040,M1000,grocery,17.78,2026-04-28 09:47:46,0
T102977,U10108,M1057,electronics,185.07,2026-04-28 10:07:01,0
T102295,U10241,M1053,crypto,16.52,2026-04-28 10:20:31,0
T100808,U10248,M1019,crypto,337.61,2026-04-28 10:22:31,0
T102772,U10153,M1038,travel,463.72,2026-04-28 11:05:29,0
T102596,U10086,M1005,fashion,19.61,2026-04-28 11:15:44,0
T107092,U10261,M1031,travel,24.98,2026-04-28 11:52:04,0
T106326,U10078,M1015,utilities,65.14,2026-04-28 13:01:39,0
T104440,U10005,M1026,crypto,42.73,2026-04-28 13:02:13,0
T100412,U10089,M1004,crypto,26.2,2026-04-28 13:23:57,0
T105309,U10226,M1050,utilities,108.12,2026-04-28 13:36:56,0
T103037,U10234,M1044,grocery,234.08,2026-04-28 14:21:22,0
T101339,U10254,M1054,crypto,22.41,2026-04-28 15:30:51,0
T105073,U10093,M1009,grocery,73.66,2026-04-28 15:36:31,0
T101922,U10156,M1050,utilities,66.8,2026-04-28 15:51:17,0
T103502,U10103,M1029,crypto,41.16,2026-04-28 16:14:21,0
T104815,U10277,M1045,pharmacy,118.99,2026-04-28 16:24:12,0
T105081,U10127,M1018,fashion,25.29,2026-04-28 16:35:09,0
T102472,U10294,M1031,travel,25.54,2026-04-28 17:06:22,0
T101460,U10220,M1052,gaming,34.37,2026-04-28 17:10:14,0
T102575,U10284,M1005,fashion,77.18,2026-04-28 17:38:19,0
T103803,U10014,M1011,pharmacy,49.45,2026-04-28 17:39:04,0
T104773,U10045,M1010,gambling,44.17,2026-04-28 17:50:58,1
T101304,U10182,M1004,crypto,10.74,2026-04-28 18:26:32,0
T104355,U10065,M1006,grocery,13.9,2026-04-28 19:02:27,0
T103404,U10033,M1043,gaming,31.88,2026-04-28 19:11:16,0
T107361,U10123,M1032,grocery,60.17,2026-04-28 19:34:32,1
T107205,U10290,M1023,pharmacy,17.97,2026-04-28 19:43:07,0
T106416,U10237,M1012,utilities,31.1,2026-04-28 19:45:58,0
T102117,U10141,M1040,electronics,44.41,2026-04-28 20:03:09,0
T100620,U10104,M1007,restaurant,18.27,2026-04-28 20:32:12,0
T102666,U10229,M1041,utilities,7.73,2026-04-28 21:49:53,0
T101112,U10046,M1009,grocery,40.9,2026-04-28 21:53:25,0
T105814,U10271,M1003,crypto,6.93,2026-04-28 22:29:01,0
T107338,U10046,M1050,utilities,30.34,2026-04-28 22:34:58,0
T102590,U10295,M1001,utilities,58.9,2026-04-28 23:01:19,0
T106871,U10266,M1009,grocery,50.24,2026-04-28 23:16:40,0
T100353,U10227,M1014,utilities,20.39,2026-04-28 23:17:37,0
T103423,U10039,M1000,grocery,25.46,2026-04-28 23:19:12,0
T105682,U10188,M1028,gambling,36.44,2026-04-28 23:49:21,0
T100160,U10276,M1025,restaurant,38.44,2026-04-28 23:50:59,0
T107242,U10027,M1001,utilities,44.19,2026-04-29 00:15:59,0
T100877,U10131,M1051,electronics,32.09,2026-04-29 00:29:13,0
T102740,U10246,M1048,restaurant,88.49,2026-04-29 00:37:12,0
T101311,U10133,M1039,restaurant,17.07,2026-04-29 02:15:31,0
T101515,U10127,M1018,fashion,47.1,2026-04-29 02:19:28,0
T102272,U10107,M1007,restaurant,555.85,2026-04-29 02:37:01,0
T104816,U10064,M1050,utilities,28.74,2026-04-29 03:50:07,0
T100029,U10091,M1010,gambling,30.58,2026-04-29 05:37:26,0
T101747,U10008,M1031,travel,12.83,2026-04-29 05:38:23,0
T101414,U10109,M1026,crypto,329.23,2026-04-29 05:45:57,1
T102203,U10290,M1038,travel,54.43,2026-04-29 05:49:48,0
T101545,U10105,M1057,electronics,51.75,2026-04-29 06:18:33,0
T106602,U10282,M1000,grocery,80.74,2026-04-29 07:17:03,0
T101354,U10217,M1046,crypto,60.19,2026-04-29 07:22:10,0
T100919,U10139,M1024,utilities,30.53,2026-04-29 07:59:03,0
T106551,U10077,M1044,grocery,22.46,2026-04-29 08:13:55,0
T107616,U10201,M1019,crypto,36.1,2026-04-29 08:26:43,0
T103545,U10069,M1001,utilities,38.18,2026-04-29 09:39:29,0
T107309,U10028,M1038,travel,36.89,2026-04-29 09:49:18,0
T107704,U10127,M1038,travel,38.72,2026-04-29 10:09:24,0
T102702,U10053,M1046,crypto,19.64,2026-04-29 10:30:46,0
T107915,U10140,M1036,fashion,33.58,2026-04-29 10:31:23,0
T106308,U10005,M1005,fashion,43.76,2026-04-29 11:17:10,0
T104411,U10165,M1057,electronics,37.85,2026-04-29 11:39:51,0
T105076,U10211,M1018,fashion,69.36,2026-04-29 11:57:00,0
T101088,U10267,M1042,utilities,29.52,2026-04-29 12:12:41,0
T107769,U10189,M1051,electronics,29.01,2026-04-29 12:32:01,0
T107513,U10082,M1059,restaurant,48.07,2026-04-29 13:39:26,0
T100319,U10147,M1001,utilities,32.88,2026-04-29 13:44:08,0
T104144,U10120,M1030,crypto,86.25,2026-04-29 13:44:28,0
T103822,U10062,M1035,grocery,28.67,2026-04-29 14:36:52,0
T104459,U10106,M1013,utilities,10.96,2026-04-29 14:56:58,0
T100067,U10293,M1050,utilities,49.49,2026-04-29 15:03:40,0
T103380,U10160,M1025,restaurant,40.19,2026-04-29 15:33:42,0
T104647,U10000,M1024,utilities,32.21,2026-04-29 15:44:20,0
T103641,U10297,M1052,gaming,47.15,2026-04-29 16:34:04,0
T107759,U10112,M1037,fashion,36.81,2026-04-29 16:39:59,0
T106486,U10153,M1015,utilities,21.86,2026-04-29 16:47:58,0
T103145,U10169,M1012,utilities,25.25,2026-04-29 16:48:40,0
T104685,U10206,M1011,pharmacy,9.62,2026-04-29 16:57:06,0
T105298,U10016,M1047,fashion,105.85,2026-04-29 17:28:30,0
T105492,U10159,M1022,electronics,69.91,2026-04-29 18:42:07,0
T105826,U10002,M1018,fashion,37.73,2026-04-29 19:25:45,0
T104180,U10059,M1033,gambling,51.49,2026-04-29 19:51:17,0
T105995,U10090,M1019,crypto,17.58,2026-04-29 19:52:04,0
T103239,U10082,M1051,electronics,58.03,2026-04-29 20:22:23,0
T107312,U10262,M1033,gambling,29.03,2026-04-29 21:41:14,0
T101642,U10194,M1056,gambling,75.21,2026-04-29 21:51:13,0
T106661,U10229,M1025,restaurant,28.11,2026-04-29 22:09:18,0
T107206,U10185,M1053,crypto,184.6,2026-04-29 22:46:12,0
T107791,U10270,M1058,utilities,60.61,2026-04-29 23:08:06,0
T100638,U10257,M1039,restaurant,17.96,2026-04-29 23:40:08,0
T106404,U10058,M1039,restaurant,60.51,2026-04-29 23:41:39,0
T103706,U10099,M1042,utilities,44.19,2026-04-29 23:52:26,0
T102524,U10138,M1053,crypto,46.3,2026-04-30 00:18:54,0
T106478,U10261,M1038,travel,21.14,2026-04-30 00:21:28,0
T101140,U10044,M1020,gambling,67.68,2026-04-30 01:02:05,1
T105303,U10264,M1010,gambling,27.52,2026-04-30 01:28:15,0
T101242,U10015,M1040,electronics,33.52,2026-04-30 01:32:07,0
T106060,U10058,M1034,fashion,48.23,2026-04-30 01:42:16,0
T102127,U10178,M1041,utilities,18.65,2026-04-30 01:48:22,0
T101190,U10151,M1026,crypto,53.66,2026-04-30 01:49:45,0
T107035,U10254,M1006,grocery,19.62,2026-04-30 02:10:20,0
T105762,U10190,M1005,fashion,61.02,2026-04-30 02:41:33,0
T106893,U10082,M1000,grocery,23.53,2026-04-30 02:47:36,0
T102384,U10095,M1026,crypto,38.29,2026-04-30 02:52:22,0
T105549,U10042,M1058,utilities,695.54,2026-04-30 03:11:07,0
T105484,U10211,M1019,crypto,26.19,2026-04-30 03:13:23,0
T102009,U10287,M1059,restaurant,9.89,2026-04-30 03:43:41,0
T100582,U10178,M1009,grocery,16.5,2026-04-30 03:54:11,0
T103748,U10144,M1004,crypto,10.35,2026-04-30 03:54:39,0
T103061,U10290,M1013,utilities,60.35,2026-04-30 04:37:01,1
T102459,U10102,M1046,crypto,108.88,2026-04-30 04:48:05,0
T102050,U10037,M1012,utilities,13.61,2026-04-30 05:26:18,0
T102794,U10066,M1041,utilities,19.53,2026-04-30 05:44:49,0
T102718,U10149,M1017,electronics,16.97,2026-04-30 05:58:59,0
T103249,U10133,M1007,restaurant,13.41,2026-04-30 06:08:53,0
T104457,U10197,M1038,travel,107.94,2026-04-30 06:23:30,0
T107735,U10012,M1030,crypto,19.1,2026-04-30 07:01:29,0
T103337,U10128,M1029,crypto,16.45,2026-04-30 07:03:06,0
T103347,U10051,M1001,utilities,35.52,2026-04-30 07:25:53,0
T106960,U10120,M1030,crypto,22.22,2026-04-30 07:26:45,0
T106038,U10045,M1032,grocery,41.02,2026-04-30 07:32:22,0
T106949,U10168,M1026,crypto,51.77,2026-04-30 07:40:07,0
T105025,U10283,M1004,crypto,20.54,2026-04-30 08:44:48,0
T102675,U10108,M1027,fashion,101.09,2026-04-30 09:07:51,0
T100595,U10119,M1001,utilities,56.4,2026-04-30 09:20:34,0
T105104,U10214,M1003,crypto,92.28,2026-04-30 09:21:23,1
T103982,U10092,M1045,pharmacy,20.3,2026-04-30 09:32:46,0
T101719,U10291,M1024,utilities,60.35,2026-04-30 10:22:48,0
T105289,U10189,M1000,grocery,7.82,2026-04-30 10:38:21,0
T103439,U10045,M1026,crypto,47.65,2026-04-30 11:06:37,0
T103139,U10190,M1036,fashion,24.35,2026-04-30 11:33:07,0
T104075,U10234,M1030,crypto,99.11,2026-04-30 11:36:47,0
T107064,U10293,M1059,restaurant,33.68,2026-04-30 11:56:55,0
T106451,U10083,M1049,utilities,19.65,2026-04-30 13:09:44,0
T100059,U10244,M1001,utilities,30.41,2026-04-30 13:34:52,0
T103177,U10205,M1054,crypto,276.39,2026-04-30 14:07:19,0
T103017,U10189,M1031,travel,24.54,2026-04-30 15:06:36,0
T102560,U10085,M1050,utilities,31.09,2026-04-30 15:12:46,0
T103444,U10105,M1016,gambling,54.79,2026-04-30 15:49:24,0
T100169,U10054,M1010,gambling,17.73,2026-04-30 15:54:46,0
T102764,U10141,M1020,gambling,37.04,2026-04-30 16:44:28,0
T104434,U10096,M1030,crypto,168.12,2026-04-30 17:15:36,0
T103308,U10235,M1019,crypto,95.52,2026-04-30 17:59:27,0
T104733,U10113,M1003,crypto,22.03,2026-04-30 18:10:08,0
T100460,U10132,M1056,gambling,108.68,2026-04-30 18:37:31,0
T102323,U10148,M1020,gambling,43.21,2026-04-30 19:05:39,0
T105122,U10177,M1037,fashion,20.01,2026-04-30 19:17:24,0
T100584,U10134,M1027,fashion,51.41,2026-04-30 20:14:07,0
T104801,U10142,M1053,crypto,34.25,2026-04-30 20:32:30,0
T107600,U10247,M1010,gambling,12.68,2026-04-30 20:49:13,0
T107872,U10255,M1048,restaurant,118.58,2026-04-30 20:55:00,0
T107579,U10295,M1012,utilities,56.11,2026-04-30 21:11:49,0
T104896,U10013,M1021,gaming,17.0,2026-04-30 22:17:38,0
T104943,U10012,M1041,utilities,43.76,2026-04-30 23:30:46,0
T106599,U10214,M1012,utilities,201.24,2026-04-30 23:47:50,0
T100327,U10094,M1050,utilities,52.71,2026-05-01 00:13:26,0
T107150,U10236,M1033,gambling,28.92,2026-05-01 00:14:41,0
T101716,U10173,M1013,utilities,16.89,2026-05-01 00:16:35,0
T103964,U10241,M1029,crypto,22.44,2026-05-01 00:31:19,0
T107900,U10051,M1010,gambling,21.01,2026-05-01 00:50:10,0
T103448,U10210,M1035,grocery,23.2,2026-05-01 01:00:11,0
T103385,U10170,M1001,utilities,28.47,2026-05-01 01:46:43,0
T100613,U10126,M1051,electronics,48.55,2026-05-01 01:47:21,0
T105139,U10244,M1042,utilities,83.32,2026-05-01 01:48:51,0
T104425,U10042,M1051,electronics,27.01,2026-05-01 02:09:17,0
T104097,U10004,M1051,electronics,29.57,2026-05-01 02:13:59,0
T100334,U10167,M1038,travel,126.25,2026-05-01 02:23:55,0
T104879,U10194,M1005,fashion,46.22,2026-05-01 02:55:18,0
T107501,U10261,M1001,utilities,68.54,2026-05-01 03:02:13,0
T104909,U10075,M1022,electronics,51.92,2026-05-01 03:08:57,0
T103849,U10293,M1038,travel,49.24,2026-05-01 03:27:03,0
T103025,U10202,M1048,restaurant,23.16,2026-05-01 03:45:20,0
T104025,U10230,M1003,crypto,33.19,2026-05-01 04:03:06,0
T100383,U10151,M1016,gambling,93.68,2026-05-01 05:16:40,0
T107401,U10235,M1053,crypto,58.71,2026-05-01 05:17:19,0
T107039,U10134,M1025,restaurant,83.14,2026-05-01 05:28:50,0
T101928,U10219,M1014,utilities,25.88,2026-05-01 05:51:08,0
T101329,U10293,M1044,grocery,46.68,2026-05-01 05:52:49,0
T107425,U10185,M1036,fashion,855.23,2026-05-01 06:07:50,0
T106968,U10035,M1030,crypto,107.44,2026-05-01 06:11:07,0
T106119,U10019,M1019,crypto,11.35,2026-05-01 06:16:10,0
T105843,U10057,M1000,grocery,73.71,2026-05-01 06:25:52,0
T105560,U10272,M1036,fashion,73.96,2026-05-01 07:11:42,0
T104148,U10026,M1042,utilities,37.93,2026-05-01 07:15:33,0
T103565,U10263,M1015,utilities,20.6,2026-05-01 07:21:40,0
T103927,U10029,M1006,grocery,27.3,2026-05-01 08:09:06,0
T104665,U10159,M1002,restaurant,155.71,2026-05-01 08:11:16,0
T106241,U10219,M1053,crypto,27.86,2026-05-01 08:30:40,0
T107075,U10161,M1009,grocery,46.28,2026-05-01 08:50:02,0
T105256,U10074,M1037,fashion,16.81,2026-05-01 08:57:38,0
T100845,U10254,M1050,utilities,58.64,2026-05-01 09:58:45,0
T102818,U10150,M1022,electronics,38.09,2026-05-01 11:13:36,0
T106155,U10158,M1055,grocery,13.24,2026-05-01 11:20:37,0
T107067,U10206,M1047,fashion,15.87,2026-05-01 11:21:48,0
T101679,U10093,M1055,grocery,92.56,2026-05-01 11:41:39,0
T100518,U10165,M1002,restaurant,12.08,2026-05-01 12:37:12,0
T103622,U10001,M1015,utilities,93.85,2026-05-01 12:41:53,0
T104138,U10060,M1000,grocery,44.6,2026-05-01 12:51:29,0
T103245,U10072,M1007,restaurant,22.22,2026-05-01 12:53:51,0
T105188,U10063,M1003,crypto,35.89,2026-05-01 13:31:45,0
T105505,U10203,M1044,grocery,180.76,2026-05-01 13:46:38,0
T103638,U10077,M1014,utilities,35.78,2026-05-01 14:41:02,0
T107884,U10034,M1029,crypto,63.49,2026-05-01 15:07:12,0
T102058,U10179,M1001,utilities,95.15,2026-05-01 15:19:00,0
T101350,U10110,M1006,grocery,40.72,2026-05-01 15:36:11,0
T101330,U10279,M1017,electronics,54.98,2026-05-01 15:52:52,0
T104709,U10227,M1041,utilities,19.5,2026-05-01 16:04:08,0
T106928,U10000,M1007,restaurant,310.04,2026-05-01 16:07:58,0
T103299,U10075,M1039,restaurant,131.48,2026-05-01 16:09:42,0
T103910,U10062,M1038,travel,21.33,2026-05-01 16:37:04,0
T100379,U10192,M1022,electronics,47.99,2026-05-01 16:43:43,0
T104854,U10016,M1052,gaming,50.43,2026-05-01 17:24:58,0
T106554,U10027,M1005,fashion,65.36,2026-05-01 17:43:32,0
T100943,U10178,M1006,grocery,19.68,2026-05-01 17:44:54,1
T104268,U10014,M1036,fashion,20.48,2026-05-01 17:56:02,0
T105646,U10015,M1026,crypto,207.7,2026-05-01 18:07:36,0
T105508,U10259,M1019,crypto,77.15,2026-05-01 18:37:27,0
T100594,U10142,M1040,electronics,29.49,2026-05-01 18:59:27,0
T102421,U10061,M1036,fashion,149.62,2026-05-01 19:25:07,0
T107398,U10216,M1027,fashion,101.23,2026-05-01 19:32:10,0
T107622,U10072,M1048,restaurant,29.76,2026-05-01 19:36:15,0
T101177,U10134,M1014,utilities,56.66,2026-05-01 19:37:31,0
T106189,U10028,M1036,fashion,15.45,2026-05-01 20:00:58,0
T104606,U10003,M1043,gaming,18.14,2026-05-01 20:01:40,0
T101431,U10080,M1004,crypto,11.12,2026-05-01 20:04:55,0
T107197,U10042,M1053,crypto,29.81,2026-05-01 20:07:21,0
T101294,U10026,M1004,crypto,16.29,2026-05-01 20:12:09,0
T107940,U10244,M1056,gambling,156.69,2026-05-01 20:23:43,0
T107262,U10090,M1047,fashion,46.75,2026-05-01 20:26:01,0
T103947,U10189,M1054,crypto,11.15,2026-05-01 20:26:31,0
T105548,U10267,M1017,electronics,25.26,2026-05-01 20:28:08,0
T101428,U10028,M1023,pharmacy,19.5,2026-05-01 20:37:47,0
T103903,U10055,M1041,utilities,16.9,2026-05-01 21:28:13,0
T102290,U10147,M1005,fashion,85.91,2026-05-01 22:12:24,0
T106187,U10182,M1034,fashion,80.54,2026-05-01 23:23:01,0
T106153,U10136,M1007,restaurant,117.05,2026-05-01 23:44:41,0
T100593,U10043,M1021,gaming,57.31,2026-05-01 23:53:57,0
T104337,U10068,M1039,restaurant,40.4,2026-05-02 00:10:30,0
T101156,U10243,M1006,grocery,277.61,2026-05-02 00:44:41,0
T104142,U10208,M1025,restaurant,6.5,2026-05-02 02:03:31,0
T107485,U10261,M1006,grocery,37.21,2026-05-02 02:30:47,0
T107646,U10118,M1023,pharmacy,66.23,2026-05-02 02:53:57,0
T101415,U10088,M1043,gaming,105.94,2026-05-02 03:03:19,0
T105517,U10269,M1046,crypto,16.15,2026-05-02 03:05:48,0
T103344,U10016,M1059,restaurant,38.07,2026-05-02 03:24:58,0
T105068,U10252,M1058,utilities,35.07,2026-05-02 05:16:23,0
T104393,U10124,M1024,utilities,34.74,2026-05-02 05:39:43,0
T101105,U10071,M1034,fashion,86.87,2026-05-02 07:33:43,0
T107801,U10049,M1020,gambling,31.2,2026-05-02 07:42:52,0
T100390,U10131,M1011,pharmacy,34.11,2026-05-02 08:00:18,0
T107819,U10226,M1038,travel,49.06,2026-05-02 08:04:32,0
T101055,U10212,M1038,travel,11.38,2026-05-02 08:32:00,0
T102233,U10181,M1029,crypto,29.5,2026-05-02 08:47:49,0
T100400,U10209,M1000,grocery,28.85,2026-05-02 08:54:31,0
T106352,U10153,M1048,restaurant,89.34,2026-05-02 09:01:30,0
T107870,U10158,M1028,gambling,28.71,2026-05-02 09:02:47,0
T105099,U10033,M1054,crypto,72.84,2026-05-02 09:17:31,0
T103222,U10090,M1051,electronics,24.66,2026-05-02 09:44:45,0
T106525,U10078,M1010,gambling,31.85,2026-05-02 10:13:15,0
T104046,U10108,M1029,crypto,96.72,2026-05-02 10:13:46,0
T106147,U10145,M1030,crypto,30.8,2026-05-02 10:42:27,0
T102057,U10092,M1006,grocery,32.48,2026-05-02 11:17:24,0
T106101,U10278,M1008,travel,164.89,2026-05-02 11:36:17,0
T105510,U10169,M1012,utilities,28.65,2026-05-02 11:47:44,0
T102795,U10122,M1021,gaming,18.12,2026-05-02 12:25:19,1
T106734,U10164,M1022,electronics,9.65,2026-05-02 12:59:31,0
T100456,U10084,M1019,crypto,43.86,2026-05-02 13:06:47,0
T104948,U10042,M1030,crypto,43.08,2026-05-02 13:07:37,0
T102578,U10223,M1008,travel,13.19,2026-05-02 13:27:29,0
T100243,U10002,M1055,grocery,28.58,2026-05-02 13:33:20,0
T107319,U10169,M1031,travel,41.49,2026-05-02 13:49:01,0
T103200,U10027,M1043,gaming,75.78,2026-05-02 13:52:48,0
T107689,U10120,M1003,crypto,59.73,2026-05-02 14:21:37,0
T106273,U10014,M1052,gaming,12.83,2026-05-02 14:22:19,0
T107036,U10034,M1004,crypto,53.6,2026-05-02 14:22:33,0
T106641,U10273,M1017,electronics,34.74,2026-05-02 15:03:52,0
T106527,U10035,M1009,grocery,38.16,2026-05-02 15:06:04,0
T100121,U10159,M1002,restaurant,41.93,2026-05-02 15:22:46,0
T101512,U10121,M1019,crypto,11.72,2026-05-02 16:34:04,0
T101108,U10281,M1012,utilities,51.21,2026-05-02 16:34:35,0
T107235,U10038,M1036,fashion,31.26,2026-05-02 17:08:42,0
T100618,U10231,M1004,crypto,16.16,2026-05-02 17:15:52,0
T107596,U10104,M1042,utilities,81.47,2026-05-02 17:33:39,0
T105966,U10286,M1054,crypto,89.59,2026-05-02 18:10:55,0
T104279,U10153,M1044,grocery,105.46,2026-05-02 18:27:23,0
T100693,U10209,M1049,utilities,64.02,2026-05-02 18:41:12,0
T105425,U10233,M1045,pharmacy,19.54,2026-05-02 19:23:07,0
T100938,U10023,M1000,grocery,22.56,2026-05-02 19:48:21,0
T102736,U10050,M1036,fashion,102.31,2026-05-02 19:56:25,0
T101323,U10130,M1047,fashion,22.4,2026-05-02 20:09:55,1
T107578,U10098,M1027,fashion,30.86,2026-05-02 20:19:20,0
T102698,U10276,M1032,grocery,30.15,2026-05-02 20:27:25,0
T107588,U10050,M1031,travel,49.19,2026-05-02 20:45:50,0
T107648,U10093,M1020,gambling,204.32,2026-05-02 20:56:22,0
T104511,U10146,M1037,fashion,33.08,2026-05-02 21:39:55,0
T105898,U10069,M1017,electronics,64.11,2026-05-02 23:06:51,0
T106201,U10241,M1034,fashion,200.47,2026-05-02 23:08:18,0
T103996,U10199,M1044,grocery,65.47,2026-05-02 23:13:54,0
T103551,U10066,M1053,crypto,6.74,2026-05-02 23:22:57,0
T102190,U10007,M1059,restaurant,11.65,2026-05-03 00:08:39,0
T103461,U10261,M1033,gambling,17.01,2026-05-03 00:32:37,0
T102380,U10089,M1008,travel,35.29,2026-05-03 00:58:04,0
T103132,U10276,M1014,utilities,29.95,2026-05-03 01:42:07,0
T100825,U10205,M1011,pharmacy,41.57,2026-05-03 03:03:42,0
T103975,U10084,M1010,gambling,17.41,2026-05-03 03:52:08,0
T104823,U10016,M1055,grocery,22.79,2026-05-03 04:03:11,0
T104479,U10074,M1003,crypto,47.0,2026-05-03 04:16:53,0
T101273,U10008,M1037,fashion,28.12,2026-05-03 05:02:48,0
T102133,U10138,M1030,crypto,15.01,2026-05-03 05:06:35,0
T101577,U10091,M1059,restaurant,60.3,2026-05-03 05:11:21,0
T103751,U10151,M1019,crypto,111.93,2026-05-03 05:52:23,0
T102885,U10061,M1005,fashion,50.51,2026-05-03 06:18:40,0
T102958,U10156,M1007,restaurant,30.19,2026-05-03 07:13:16,0
T105338,U10131,M1034,fashion,31.17,2026-05-03 07:13:58,0
T102626,U10089,M1040,electronics,11.88,2026-05-03 07:17:53,0
T102988,U10284,M1020,gambling,111.33,2026-05-03 08:12:15,0
T105956,U10257,M1043,gaming,39.18,2026-05-03 08:14:15,0
T100242,U10087,M1028,gambling,36.77,2026-05-03 09:37:43,0
T104406,U10007,M1050,utilities,37.42,2026-05-03 09:57:54,0
T102126,U10026,M1049,utilities,29.93,2026-05-03 10:06:41,0
T107305,U10234,M1047,fashion,68.34,2026-05-03 10:22:49,0
T102489,U10139,M1003,crypto,21.49,2026-05-03 10:37:45,0
T105583,U10108,M1008,travel,556.9,2026-05-03 10:39:24,0
T102796,U10198,M1003,crypto,47.51,2026-05-03 10:58:54,0
T102352,U10241,M1019,crypto,27.96,2026-05-03 11:18:35,0
T104462,U10023,M1033,gambling,708.61,2026-05-03 12:04:50,0
T101768,U10057,M1009,grocery,15.51,2026-05-03 12:16:22,0
T103457,U10271,M1054,crypto,5.5,2026-05-03 12:23:55,0
T106383,U10257,M1002,restaurant,21.4,2026-05-03 13:13:34,0
T103159,U10152,M1033,gambling,22.98,2026-05-03 13:14:09,0
T103845,U10006,M1026,crypto,78.14,2026-05-03 13:16:13,1
T106203,U10165,M1043,gaming,18.57,2026-05-03 13:42:36,0
T101365,U10271,M1006,grocery,18.72,2026-05-03 13:51:58,0
T106523,U10287,M1035,grocery,67.22,2026-05-03 14:07:10,0
T100083,U10122,M1007,restaurant,13.84,2026-05-03 14:11:24,0
T104553,U10285,M1011,pharmacy,38.46,2026-05-03 14:20:17,0
T107658,U10255,M1001,utilities,43.77,2026-05-03 14:21:44,0
T104483,U10233,M1059,restaurant,32.25,2026-05-03 14:45:04,0
T107310,U10262,M1023,pharmacy,50.03,2026-05-03 14:50:35,0
T100789,U10192,M1014,utilities,50.58,2026-05-03 15:45:28,0
T105489,U10102,M1047,fashion,33.03,2026-05-03 15:56:49,0
T107117,U10087,M1054,crypto,26.4,2026-05-03 16:14:44,0
T103739,U10020,M1047,fashion,65.01,2026-05-03 16:37:49,0
T104564,U10127,M1053,crypto,54.28,2026-05-03 16:46:56,0
T105478,U10281,M1048,restaurant,36.75,2026-05-03 16:48:55,0
T100391,U10142,M1037,fashion,17.09,2026-05-03 17:54:24,0
T100883,U10024,M1023,pharmacy,25.61,2026-05-03 18:19:13,0
T102603,U10173,M1035,grocery,35.52,2026-05-03 18:52:58,0
T105248,U10269,M1047,fashion,78.34,2026-05-03 19:30:38,0
T103465,U10249,M1019,crypto,35.48,2026-05-03 19:54:01,0
T103877,U10152,M1048,restaurant,71.84,2026-05-03 20:35:56,0
T105246,U10216,M1025,restaurant,34.18,2026-05-03 20:39:37,0
T103720,U10267,M1057,electronics,52.98,2026-05-03 20:55:52,0
T100980,U10099,M1034,fashion,41.72,2026-05-03 21:07:01,0
T103459,U10290,M1055,grocery,39.01,2026-05-03 21:26:47,0
T101622,U10282,M1012,utilities,188.3,2026-05-03 21:27:08,0
T102177,U10167,M1016,gambling,78.43,2026-05-03 22:09:33,0
T102043,U10238,M1034,fashion,40.75,2026-05-03 22:44:34,0
T103047,U10208,M1003,crypto,7.54,2026-05-03 23:08:38,0
T103115,U10179,M1043,gaming,20.86,2026-05-03 23:14:32,0
T100786,U10215,M1057,electronics,88.18,2026-05-03 23:20:12,0
T104976,U10195,M1022,electronics,111.25,2026-05-03 23:41:56,0
T101757,U10147,M1042,utilities,46.34,2026-05-03 23:44:16,0
T106131,U10284,M1022,electronics,63.96,2026-05-03 23:44:41,0
T102370,U10207,M1057,electronics,50.17,2026-05-03 23:48:50,0
T103479,U10236,M1001,utilities,50.38,2026-05-04 00:18:19,0
T100421,U10266,M1030,crypto,18.26,2026-05-04 00:32:41,0
T100320,U10276,M1049,utilities,8.86,2026-05-04 00:44:21,0
T100966,U10090,M1009,grocery,17.25,2026-05-04 01:22:42,0
T103223,U10208,M1024,utilities,22.94,2026-05-04 02:15:09,1
T103761,U10143,M1017,electronics,36.59,2026-05-04 02:27:14,0
T100337,U10212,M1017,electronics,23.01,2026-05-04 02:31:51,0
T100184,U10063,M1054,crypto,27.93,2026-05-04 03:37:13,0
T103234,U10264,M1023,pharmacy,10.98,2026-05-04 03:41:04,0
T102398,U10069,M1042,utilities,8.28,2026-05-04 04:28:03,0
T104900,U10070,M1042,utilities,21.19,2026-05-04 04:39:14,0
T105831,U10198,M1019,crypto,25.5,2026-05-04 04:51:19,0
T105121,U10158,M1005,fashion,17.12,2026-05-04 05:00:48,0
T103104,U10258,M1017,electronics,7.73,2026-05-04 05:01:47,0
T103632,U10213,M1019,crypto,25.64,2026-05-04 05:44:57,0
T101945,U10157,M1051,electronics,23.09,2026-05-04 06:18:18,0
T106231,U10125,M1004,crypto,219.25,2026-05-04 07:07:17,0
T104597,U10210,M1051,electronics,42.47,2026-05-04 07:08:51,0
T100298,U10085,M1047,fashion,16.7,2026-05-04 07:20:54,0
T100357,U10005,M1001,utilities,28.19,2026-05-04 08:23:37,1
T104491,U10291,M1008,travel,18.78,2026-05-04 11:50:13,0
T106502,U10066,M1028,gambling,32.49,2026-05-04 12:13:20,1
T102297,U10260,M1037,fashion,9.45,2026-05-04 12:31:42,0
T107889,U10152,M1022,electronics,46.54,2026-05-04 13:18:58,1
T101464,U10000,M1001,utilities,145.99,2026-05-04 13:27:25,0
T104925,U10104,M1018,fashion,21.06,2026-05-04 13:55:13,0
T105295,U10087,M1024,utilities,98.39,2026-05-04 13:55:38,0
T105150,U10223,M1005,fashion,13.78,2026-05-04 13:57:50,0
T105438,U10238,M1059,restaurant,8.78,2026-05-04 14:02:18,0
T104076,U10149,M1028,gambling,19.7,2026-05-04 14:37:31,0
T107178,U10087,M1023,pharmacy,43.88,2026-05-04 14:49:34,0
T103968,U10222,M1046,crypto,72.26,2026-05-04 16:14:23,0
T104480,U10134,M1021,gaming,50.54,2026-05-04 16:32:55,0
T102863,U10210,M1037,fashion,5.71,2026-05-04 16:41:44,0
T103262,U10263,M1031,travel,5.1,2026-05-04 16:49:16,0
T105496,U10282,M1056,gambling,82.68,2026-05-04 17:10:21,0
T100462,U10252,M1019,crypto,26.11,2026-05-04 18:03:14,0
T105047,U10015,M1027,fashion,71.43,2026-05-04 18:38:23,0
T101395,U10139,M1031,travel,37.74,2026-05-04 19:05:30,0
T101740,U10178,M1041,utilities,39.26,2026-05-04 19:15:47,0
T104834,U10210,M1000,grocery,22.98,2026-05-04 19:32:26,0
T103640,U10103,M1046,crypto,65.27,2026-05-04 20:18:30,1
T107381,U10210,M1044,grocery,12.08,2026-05-04 20:34:24,0
T105406,U10046,M1047,fashion,13.11,2026-05-04 20:47:53,0
T105402,U10103,M1048,restaurant,27.42,2026-05-04 20:51:16,0
T106986,U10001,M1017,electronics,94.64,2026-05-04 20:53:25,0
T103530,U10100,M1003,crypto,105.89,2026-05-04 20:57:59,0
T106252,U10295,M1037,fashion,90.04,2026-05-04 21:19:13,0
T105023,U10205,M1020,gambling,9.56,2026-05-04 21:25:12,0
T102205,U10038,M1053,crypto,91.66,2026-05-04 21:39:44,0
T102722,U10002,M1029,crypto,40.81,2026-05-04 22:22:22,0
T106358,U10182,M1051,electronics,18.15,2026-05-04 23:30:08,0
T102049,U10253,M1035,grocery,119.38,2026-05-04 23:54:19,0
T102010,U10111,M1038,travel,48.4,2026-05-05 00:13:45,0
T103320,U10232,M1016,gambling,51.5,2026-05-05 00:50:28,0
T102261,U10052,M1022,electronics,36.29,2026-05-05 01:05:59,0
T103891,U10190,M1037,fashion,21.08,2026-05-05 01:15:03,0
T101998,U10012,M1042,utilities,23.87,2026-05-05 01:32:49,0
T106305,U10150,M1007,restaurant,79.06,2026-05-05 01:44:58,0
T102360,U10031,M1023,pharmacy,25.7,2026-05-05 03:44:30,0
T105571,U10167,M1028,gambling,48.23,2026-05-05 03:52:58,0
T103136,U10111,M1016,gambling,17.75,2026-05-05 04:03:48,0
T102492,U10260,M1000,grocery,60.61,2026-05-05 04:16:11,0
T103736,U10138,M1030,crypto,46.39,2026-05-05 04:23:51,0
T100568,U10234,M1035,grocery,34.79,2026-05-05 04:47:19,0
T104690,U10176,M1013,utilities,132.2,2026-05-05 05:23:32,0
T107366,U10186,M1044,grocery,71.77,2026-05-05 05:30:20,0
T100701,U10107,M1037,fashion,335.9,2026-05-05 05:41:55,0
T102064,U10261,M1010,gambling,23.38,2026-05-05 05:47:58,0
T103637,U10247,M1033,gambling,14.65,2026-05-05 06:14:28,0
T100490,U10215,M1025,restaurant,22.77,2026-05-05 06:21:30,0
T103268,U10052,M1005,fashion,31.66,2026-05-05 06:21:39,0
T105251,U10211,M1044,grocery,15.05,2026-05-05 06:21:49,0
T102727,U10178,M1018,fashion,94.73,2026-05-05 07:59:18,0
T102367,U10087,M1031,travel,15.85,2026-05-05 09:06:58,0
T104591,U10099,M1014,utilities,44.76,2026-05-05 09:23:55,0
T103085,U10008,M1011,pharmacy,19.1,2026-05-05 09:24:29,0
T103097,U10164,M1024,utilities,31.11,2026-05-05 09:25:08,0
T104026,U10152,M1009,grocery,19.81,2026-05-05 09:48:44,0
T101139,U10277,M1051,electronics,36.23,2026-05-05 11:01:35,0
T101377,U10126,M1056,gambling,24.35,2026-05-05 11:21:28,0
T105465,U10007,M1018,fashion,54.68,2026-05-05 11:26:05,0
T100408,U10154,M1009,grocery,43.97,2026-05-05 12:56:06,0
T101734,U10219,M1035,grocery,23.63,2026-05-05 13:05:04,0
T104631,U10193,M1013,utilities,14.23,2026-05-05 13:06:40,0
T100233,U10093,M1004,crypto,239.89,2026-05-05 13:11:37,0
T100459,U10142,M1059,restaurant,36.11,2026-05-05 13:12:25,0
T102827,U10266,M1005,fashion,58.14,2026-05-05 14:03:11,0
T107238,U10210,M1023,pharmacy,21.41,2026-05-05 15:27:17,0
T100278,U10117,M1023,pharmacy,30.34,2026-05-05 16:06:40,0
T104463,U10150,M1044,grocery,166.19,2026-05-05 16:52:25,0
T106841,U10285,M1056,gambling,78.33,2026-05-05 17:00:45,0
T107846,U10202,M1011,pharmacy,66.05,2026-05-05 17:05:08,0
T107163,U10008,M1008,travel,21.85,2026-05-05 17:28:24,0
T104937,U10037,M1034,fashion,29.47,2026-05-05 18:43:27,0
T102369,U10062,M1043,gaming,16.02,2026-05-05 19:18:45,0
T105658,U10143,M1009,grocery,30.17,2026-05-05 19:45:52,0
T104161,U10056,M1018,fashion,45.54,2026-05-05 19:57:14,0
T105216,U10185,M1036,fashion,263.4,2026-05-05 20:19:07,0
T100780,U10037,M1007,restaurant,66.11,2026-05-05 20:23:05,0
T104456,U10067,M1022,electronics,17.83,2026-05-05 20:25:23,0
T107788,U10283,M1031,travel,79.03,2026-05-05 20:27:24,0
T101510,U10143,M1057,electronics,36.62,2026-05-05 20:32:28,0
T100322,U10044,M1025,restaurant,51.16,2026-05-05 20:49:27,0
T105896,U10095,M1019,crypto,47.65,2026-05-05 20:57:41,0
T105317,U10258,M1027,fashion,21.92,2026-05-05 21:16:33,0
T107175,U10043,M1043,gaming,10.02,2026-05-05 22:56:59,0
T103265,U10283,M1054,crypto,22.37,2026-05-05 23:24:13,0
T107169,U10214,M1002,restaurant,35.5,2026-05-05 23:24:23,0
T100330,U10174,M1051,electronics,14.91,2026-05-05 23:26:19,0
T102474,U10018,M1032,grocery,38.31,2026-05-06 00:48:29,0
T105563,U10055,M1057,electronics,57.38,2026-05-06 01:46:41,0
T107102,U10294,M1030,crypto,158.31,2026-05-06 02:28:05,0
T105911,U10257,M1015,utilities,40.46,2026-05-06 02:46:54,0
T107027,U10237,M1034,fashion,66.57,2026-05-06 03:13:12,0
T105877,U10141,M1039,restaurant,44.68,2026-05-06 03:16:41,0
T100817,U10291,M1000,grocery,50.77,2026-05-06 03:22:40,0
T103956,U10193,M1017,electronics,10.41,2026-05-06 03:27:17,0
T107511,U10001,M1009,grocery,21.43,2026-05-06 03:33:22,0
T104433,U10005,M1011,pharmacy,57.18,2026-05-06 03:38:13,0
T104326,U10198,M1029,crypto,16.94,2026-05-06 04:06:10,0
T106799,U10006,M1041,utilities,31.49,2026-05-06 04:45:16,0
T102866,U10200,M1032,grocery,24.03,2026-05-06 05:19:25,0
T100428,U10197,M1054,crypto,322.31,2026-05-06 06:36:46,0
T100282,U10097,M1010,gambling,40.07,2026-05-06 06:58:57,0
T101018,U10185,M1051,electronics,53.43,2026-05-06 07:10:17,0
T106587,U10021,M1034,fashion,28.79,2026-05-06 07:36:58,0
T105315,U10034,M1059,restaurant,76.02,2026-05-06 07:48:01,0
T101072,U10040,M1015,utilities,23.31,2026-05-06 08:09:35,0
T101361,U10152,M1048,restaurant,84.53,2026-05-06 08:31:33,0
T104000,U10100,M1038,travel,15.84,2026-05-06 09:07:18,0
T102362,U10021,M1048,restaurant,24.29,2026-05-06 09:18:07,0
T101138,U10285,M1041,utilities,31.56,2026-05-06 09:56:52,0
T104124,U10090,M1022,electronics,18.4,2026-05-06 10:27:00,0
T105097,U10277,M1005,fashion,134.57,2026-05-06 11:07:01,0
T107358,U10211,M1016,gambling,44.3,2026-05-06 11:42:06,0
T107999,U10070,M1059,restaurant,17.71,2026-05-06 11:49:17,0
T107902,U10068,M1052,gaming,35.52,2026-05-06 12:51:06,0
T107293,U10163,M1012,utilities,178.73,2026-05-06 12:56:03,0
T101617,U10102,M1029,crypto,106.91,2026-05-06 13:25:05,0
T107972,U10202,M1052,gaming,53.97,2026-05-06 14:19:06,0
T100422,U10056,M1021,gaming,23.64,2026-05-06 14:25:57,0
T107053,U10234,M1056,gambling,22.1,2026-05-06 14:50:43,0
T103285,U10020,M1056,gambling,52.87,2026-05-06 15:02:41,0
T104348,U10220,M1019,crypto,39.42,2026-05-06 15:03:15,0
T101493,U10254,M1039,restaurant,63.33,2026-05-06 15:49:38,0
T100667,U10012,M1021,gaming,32.46,2026-05-06 15:53:51,0
T106980,U10244,M1044,grocery,43.45,2026-05-06 16:16:34,0
T107831,U10038,M1019,crypto,26.24,2026-05-06 16:38:33,0
T103965,U10040,M1051,electronics,38.74,2026-05-06 16:57:03,0
T102604,U10190,M1057,electronics,48.91,2026-05-06 17:08:22,1
T100862,U10152,M1028,gambling,16.79,2026-05-06 17:20:04,0
T100175,U10188,M1056,gambling,11.64,2026-05-06 17:25:05,0
T101095,U10285,M1050,utilities,16.33,2026-05-06 18:29:02,0
T104515,U10284,M1046,crypto,81.52,2026-05-06 18:36:11,0
T100734,U10004,M1035,grocery,107.8,2026-05-06 18:39:20,0
T105768,U10036,M1011,pharmacy,31.07,2026-05-06 19:48:38,0
T100740,U10221,M1043,gaming,23.41,2026-05-06 20:15:26,0
T101049,U10199,M1012,utilities,63.05,2026-05-06 20:43:38,0
T105116,U10198,M1059,restaurant,19.88,2026-05-06 20:50:27,0
T107794,U10008,M1009,grocery,14.76,2026-05-06 21:05:05,0
T102584,U10107,M1010,gambling,41.09,2026-05-06 21:08:12,0
T105944,U10206,M1020,gambling,6.09,2026-05-06 21:13:26,0
T101457,U10195,M1006,grocery,21.03,2026-05-06 21:31:31,0
T104624,U10016,M1039,restaurant,26.08,2026-05-06 21:32:05,0
T101536,U10230,M1028,gambling,84.15,2026-05-06 22:02:36,0
T106090,U10021,M1007,restaurant,70.53,2026-05-06 22:07:28,0
T100275,U10049,M1042,utilities,13.59,2026-05-06 22:25:44,0
T106327,U10137,M1011,pharmacy,28.94,2026-05-06 23:36:35,1
T102929,U10160,M1030,crypto,110.08,2026-05-07 00:27:19,0
T100291,U10116,M1048,restaurant,7.26,2026-05-07 00:27:40,0
T106622,U10003,M1038,travel,33.02,2026-05-07 00:57:13,0
T100530,U10044,M1037,fashion,92.67,2026-05-07 01:31:32,0
T107936,U10135,M1014,utilities,14.08,2026-05-07 02:44:05,0
T100760,U10230,M1039,restaurant,56.92,2026-05-07 02:56:09,0
T105187,U10235,M1015,utilities,134.91,2026-05-07 03:11:22,0
T104417,U10089,M1059,restaurant,20.02,2026-05-07 03:29:57,0
T101312,U10299,M1034,fashion,53.38,2026-05-07 04:06:40,0
T106563,U10237,M1035,grocery,13.28,2026-05-07 04:09:08,0
T105803,U10000,M1038,travel,74.48,2026-05-07 04:27:06,0
T101325,U10082,M1015,utilities,47.61,2026-05-07 04:32:57,0
T103399,U10174,M1042,utilities,21.98,2026-05-07 04:51:52,0
T102637,U10197,M1011,pharmacy,38.73,2026-05-07 05:12:09,0
T107371,U10105,M1007,restaurant,20.93,2026-05-07 06:08:47,0
T107225,U10267,M1055,grocery,17.66,2026-05-07 06:17:54,0
T107347,U10281,M1019,crypto,38.65,2026-05-07 07:06:14,1
T102171,U10198,M1025,restaurant,10.39,2026-05-07 08:07:15,0
T102511,U10000,M1013,utilities,103.98,2026-05-07 09:57:43,0
T103901,U10034,M1011,pharmacy,86.93,2026-05-07 10:00:50,0
T103949,U10127,M1055,grocery,57.42,2026-05-07 10:36:54,0
T103342,U10099,M1032,grocery,14.9,2026-05-07 10:49:16,0
T107208,U10006,M1026,crypto,45.76,2026-05-07 11:20:17,0
T102601,U10067,M1013,utilities,180.96,2026-05-07 11:21:41,0
T104762,U10011,M1058,utilities,75.63,2026-05-07 11:27:34,0
T102167,U10066,M1007,restaurant,23.85,2026-05-07 11:28:59,0
T104932,U10283,M1042,utilities,31.74,2026-05-07 11:30:16,0
T107830,U10105,M1020,gambling,17.31,2026-05-07 11:30:24,0
T103824,U10017,M1018,fashion,59.97,2026-05-07 12:06:51,0
T105196,U10253,M1041,utilities,138.26,2026-05-07 12:21:27,0
T101600,U10122,M1046,crypto,15.13,2026-05-07 12:25:47,0
T101399,U10033,M1057,electronics,41.18,2026-05-07 12:39:17,0
T102690,U10205,M1027,fashion,38.62,2026-05-07 12:55:52,0
T103722,U10199,M1053,crypto,49.54,2026-05-07 13:05:54,0
T101598,U10118,M1059,restaurant,43.29,2026-05-07 13:12:02,0
T107921,U10039,M1046,crypto,13.69,2026-05-07 13:52:13,0
T101363,U10064,M1042,utilities,32.01,2026-05-07 14:42:50,0
T104453,U10225,M1005,fashion,50.6,2026-05-07 14:51:28,0
T105591,U10085,M1031,travel,12.65,2026-05-07 15:05:03,0
T103604,U10065,M1048,restaurant,43.45,2026-05-07 15:12:52,0
T102122,U10218,M1048,restaurant,249.83,2026-05-07 15:39:29,0
T101489,U10024,M1027,fashion,33.57,2026-05-07 15:55:47,0
T107944,U10130,M1007,restaurant,17.74,2026-05-07 16:21:46,0
T106384,U10281,M1041,utilities,54.83,2026-05-07 16:32:59,0
T107335,U10053,M1006,grocery,30.98,2026-05-07 16:39:06,0
T103302,U10207,M1029,crypto,46.08,2026-05-07 16:46:22,0
T101423,U10246,M1037,fashion,19.83,2026-05-07 17:20:44,0
T107851,U10240,M1034,fashion,33.95,2026-05-07 17:23:17,0
T102454,U10205,M1042,utilities,23.65,2026-05-07 17:23:52,0
T106611,U10033,M1027,fashion,56.16,2026-05-07 17:42:27,0
T100575,U10286,M1032,grocery,354.56,2026-05-07 18:35:57,0
T101845,U10040,M1044,grocery,14.67,2026-05-07 18:42:29,0
T102874,U10260,M1031,travel,14.38,2026-05-07 18:56:05,0
T105441,U10192,M1053,crypto,19.97,2026-05-07 19:08:27,0
T101159,U10262,M1044,grocery,48.49,2026-05-07 19:25:16,0
T100215,U10096,M1012,utilities,111.99,2026-05-07 19:46:38,0
T105711,U10248,M1024,utilities,44.38,2026-05-07 20:11:31,0
T106230,U10273,M1002,restaurant,11.55,2026-05-07 20:12:50,0
T103667,U10267,M1005,fashion,24.72,2026-05-07 20:27:16,0
T101165,U10018,M1024,utilities,40.77,2026-05-07 20:42:28,0
T103677,U10242,M1021,gaming,14.23,2026-05-07 21:01:00,0
T101477,U10189,M1056,gambling,28.9,2026-05-07 21:23:55,0
T106214,U10073,M1045,pharmacy,18.04,2026-05-07 21:31:49,0
T100286,U10104,M1031,travel,22.56,2026-05-07 21:48:16,0
T101449,U10034,M1008,travel,135.81,2026-05-07 22:02:55,0
T100193,U10180,M1022,electronics,22.18,2026-05-07 22:17:14,0
T107793,U10202,M1038,travel,77.29,2026-05-07 22:38:07,0
T103230,U10006,M1018,fashion,53.92,2026-05-07 22:43:52,0
T104089,U10154,M1038,travel,109.19,2026-05-07 22:57:53,0
T104211,U10153,M1028,gambling,98.03,2026-05-07 23:04:32,0
T106235,U10294,M1039,restaurant,37.76,2026-05-07 23:07:04,0
T102170,U10293,M1006,grocery,106.33,2026-05-07 23:20:17,0
T103989,U10165,M1045,pharmacy,10.32,2026-05-07 23:24:02,0
T100018,U10038,M1007,restaurant,58.59,2026-05-07 23:49:08,0
T102216,U10032,M1015,utilities,139.95,2026-05-08 00:05:59,0
T102529,U10049,M1032,grocery,16.26,2026-05-08 00:11:40,0
T103802,U10194,M1028,gambling,32.96,2026-05-08 01:25:12,0
T104889,U10037,M1047,fashion,45.01,2026-05-08 02:02:47,0
T106124,U10201,M1059,restaurant,31.61,2026-05-08 02:03:25,0
T106322,U10031,M1015,utilities,42.08,2026-05-08 02:36:36,0
T104135,U10170,M1030,crypto,65.11,2026-05-08 05:09:59,0
T106267,U10130,M1013,utilities,21.24,2026-05-08 05:49:11,0
T107531,U10161,M1042,utilities,80.79,2026-05-08 06:04:01,0
T101142,U10122,M1056,gambling,20.27,2026-05-08 06:09:24,0
T107078,U10075,M1054,crypto,21.99,2026-05-08 06:09:31,0
T104201,U10145,M1056,gambling,43.58,2026-05-08 06:11:39,0
T101671,U10012,M1053,crypto,19.42,2026-05-08 07:17:27,0
T107145,U10195,M1044,grocery,66.75,2026-05-08 07:53:13,0
T107717,U10126,M1033,gambling,32.19,2026-05-08 08:08:47,0
T105255,U10050,M1046,crypto,104.14,2026-05-08 08:17:56,0
T103185,U10184,M1037,fashion,60.31,2026-05-08 10:10:32,0
T107353,U10227,M1024,utilities,95.77,2026-05-08 10:14:31,0
T102680,U10228,M1030,crypto,24.36,2026-05-08 10:38:01,0
T107545,U10286,M1058,utilities,73.04,2026-05-08 10:46:10,0
T105045,U10104,M1034,fashion,10.79,2026-05-08 10:57:37,0
T101795,U10060,M1033,gambling,45.03,2026-05-08 11:34:43,0
T103151,U10081,M1013,utilities,30.11,2026-05-08 11:58:54,0
T105628,U10116,M1040,electronics,38.0,2026-05-08 11:59:24,0
T102223,U10011,M1051,electronics,51.75,2026-05-08 12:27:44,0
T104535,U10118,M1008,travel,121.12,2026-05-08 13:21:10,0
T101379,U10194,M1056,gambling,50.87,2026-05-08 13:23:56,0
T101534,U10291,M1007,restaurant,55.27,2026-05-08 13:38:24,0
T102251,U10041,M1003,crypto,8.18,2026-05-08 13:44:13,0
T105419,U10247,M1037,fashion,6.71,2026-05-08 13:58:17,0
T101901,U10208,M1035,grocery,19.12,2026-05-08 14:20:58,0
T102678,U10131,M1051,electronics,18.4,2026-05-08 14:43:05,0
T107285,U10203,M1044,grocery,41.16,2026-05-08 15:33:46,0
T105829,U10258,M1034,fashion,58.77,2026-05-08 15:55:28,0
T103082,U10005,M1007,restaurant,97.19,2026-05-08 16:24:53,0
T107497,U10085,M1018,fashion,42.4,2026-05-08 16:25:53,0
T107515,U10057,M1045,pharmacy,52.87,2026-05-08 17:20:05,1
T103410,U10160,M1055,grocery,229.56,2026-05-08 17:31:26,0
T104236,U10072,M1047,fashion,32.04,2026-05-08 17:38:43,0
T105456,U10093,M1013,utilities,48.33,2026-05-08 18:13:26,0
T105713,U10165,M1008,travel,30.73,2026-05-08 18:22:34,1
T104080,U10107,M1028,gambling,87.94,2026-05-08 18:23:45,0
T101826,U10259,M1056,gambling,44.57,2026-05-08 18:28:32,1
T106068,U10029,M1052,gaming,34.17,2026-05-08 18:30:53,0
T106728,U10083,M1045,pharmacy,22.95,2026-05-08 18:32:04,0
T105382,U10295,M1011,pharmacy,33.85,2026-05-08 18:58:33,0
T100958,U10129,M1039,restaurant,19.74,2026-05-08 19:20:35,0
T103335,U10145,M1023,pharmacy,79.39,2026-05-08 21:04:38,0
T107055,U10224,M1012,utilities,54.75,2026-05-08 21:52:17,0
T107494,U10120,M1047,fashion,30.02,2026-05-08 21:54:44,0
T106287,U10042,M1021,gaming,9.8,2026-05-08 22:47:37,0
T101610,U10059,M1054,crypto,39.68,2026-05-08 23:01:21,0
T100510,U10039,M1056,gambling,90.28,2026-05-08 23:51:33,0
T102843,U10255,M1003,crypto,130.02,2026-05-09 00:15:01,0
T102151,U10262,M1016,gambling,77.15,2026-05-09 00:18:27,0
T102812,U10184,M1025,restaurant,46.45,2026-05-09 01:11:46,0
T104494,U10201,M1018,fashion,88.1,2026-05-09 02:04:13,0
T100174,U10231,M1059,restaurant,79.57,2026-05-09 02:57:43,0
T105620,U10169,M1038,travel,18.39,2026-05-09 03:36:21,0
T107222,U10039,M1023,pharmacy,29.08,2026-05-09 04:08:22,0
T102889,U10217,M1042,utilities,72.14,2026-05-09 04:43:44,0
T104641,U10240,M1000,grocery,45.27,2026-05-09 05:57:15,0
T106638,U10215,M1016,gambling,20.16,2026-05-09 06:06:22,0
T103785,U10049,M1049,utilities,16.99,2026-05-09 06:55:54,0
T103826,U10043,M1032,grocery,9.15,2026-05-09 07:14:37,0
T101084,U10004,M1035,grocery,105.83,2026-05-09 07:41:36,0
T103528,U10054,M1057,electronics,10.55,2026-05-09 08:01:20,0
T103264,U10236,M1002,restaurant,55.85,2026-05-09 08:03:05,0
T100663,U10285,M1045,pharmacy,56.56,2026-05-09 08:18:03,0
T102955,U10279,M1029,crypto,69.18,2026-05-09 08:31:00,0
T103740,U10123,M1007,restaurant,7.65,2026-05-09 10:26:06,0
T101195,U10103,M1035,grocery,14.66,2026-05-09 10:50:59,0
T103593,U10151,M1047,fashion,52.73,2026-05-09 11:16:57,0
T103557,U10234,M1041,utilities,65.15,2026-05-09 11:47:55,0
T106019,U10156,M1036,fashion,64.83,2026-05-09 11:49:24,0
T101908,U10157,M1011,pharmacy,14.56,2026-05-09 12:01:23,0
T104849,U10230,M1053,crypto,22.01,2026-05-09 12:10:00,0
T105346,U10161,M1044,grocery,16.66,2026-05-09 12:28:42,0
T101328,U10185,M1007,restaurant,44.65,2026-05-09 12:45:16,0
T102737,U10096,M1018,fashion,154.88,2026-05-09 12:48:11,0
T107380,U10143,M1011,pharmacy,7.3,2026-05-09 12:57:23,0
T100417,U10287,M1029,crypto,98.56,2026-05-09 13:21:48,1
T105336,U10072,M1013,utilities,10.19,2026-05-09 13:27:29,0
T102643,U10181,M1034,fashion,41.28,2026-05-09 13:32:43,0
T103775,U10276,M1025,restaurant,49.6,2026-05-09 13:34:46,0
T102462,U10070,M1034,fashion,20.2,2026-05-09 13:43:02,0
T101625,U10062,M1022,electronics,38.53,2026-05-09 13:47:46,0
T104401,U10284,M1050,utilities,69.43,2026-05-09 13:54:00,0
T102037,U10271,M1048,restaurant,18.39,2026-05-09 15:00:31,0
T106484,U10077,M1003,crypto,66.37,2026-05-09 15:20:24,0
T102891,U10090,M1040,electronics,15.04,2026-05-09 15:21:33,0
T100578,U10092,M1017,electronics,24.46,2026-05-09 15:22:15,0
T100937,U10012,M1057,electronics,20.76,2026-05-09 15:38:36,0
T102760,U10224,M1018,fashion,39.63,2026-05-09 15:50:26,0
T107911,U10219,M1059,restaurant,25.81,2026-05-09 16:14:54,0
T100436,U10224,M1004,crypto,23.63,2026-05-09 16:30:20,0
T105086,U10224,M1034,fashion,32.05,2026-05-09 16:36:27,0
T106911,U10190,M1023,pharmacy,68.79,2026-05-09 16:44:58,0
T105211,U10008,M1056,gambling,49.77,2026-05-09 16:46:51,0
T105462,U10103,M1020,gambling,17.77,2026-05-09 16:56:43,0
T100906,U10079,M1035,grocery,10.7,2026-05-09 17:06:19,0
T105633,U10077,M1004,crypto,20.04,2026-05-09 17:37:38,0
T103270,U10188,M1006,grocery,40.25,2026-05-09 17:53:39,0
T101900,U10230,M1023,pharmacy,40.41,2026-05-09 18:41:36,0
T105779,U10199,M1007,restaurant,19.71,2026-05-09 19:27:51,0
T106584,U10206,M1044,grocery,18.1,2026-05-09 21:10:47,0
T104774,U10011,M1023,pharmacy,18.83,2026-05-09 21:34:22,0
T100074,U10241,M1043,gaming,40.54,2026-05-09 21:42:40,0
T104222,U10206,M1042,utilities,5.35,2026-05-09 21:52:04,0
T100653,U10185,M1037,fashion,61.32,2026-05-09 22:01:37,0
T102399,U10243,M1003,crypto,107.07,2026-05-09 22:11:21,1
T101037,U10286,M1013,utilities,12.56,2026-05-09 23:06:28,0
T102108,U10131,M1021,gaming,293.05,2026-05-09 23:21:45,0
T105885,U10001,M1034,fashion,16.49,2026-05-09 23:51:19,0
T107057,U10273,M1017,electronics,676.15,2026-05-09 23:52:13,0
T106796,U10290,M1024,utilities,42.22,2026-05-10 00:38:23,0
T101119,U10254,M1025,restaurant,93.03,2026-05-10 01:05:15,0
T100216,U10275,M1054,crypto,33.85,2026-05-10 01:10:58,0
T107084,U10071,M1027,fashion,86.27,2026-05-10 01:18:15,0
T106950,U10127,M1028,gambling,38.09,2026-05-10 01:47:13,0
T105887,U10104,M1036,fashion,28.76,2026-05-10 01:47:18,0
T102580,U10153,M1024,utilities,55.39,2026-05-10 01:48:56,0
T107605,U10195,M1024,utilities,63.51,2026-05-10 02:18:37,0
T106321,U10051,M1034,fashion,82.39,2026-05-10 02:48:48,0
T101736,U10004,M1029,crypto,24.45,2026-05-10 03:14:05,0
T102920,U10142,M1018,fashion,12.75,2026-05-10 04:09:12,0
T106840,U10125,M1028,gambling,65.15,2026-05-10 04:58:20,0
T104237,U10002,M1000,grocery,23.53,2026-05-10 05:10:02,0
T106379,U10125,M1010,gambling,223.58,2026-05-10 05:12:39,0
T106063,U10199,M1041,utilities,37.26,2026-05-10 05:41:24,0
T105440,U10107,M1039,restaurant,45.77,2026-05-10 05:45:24,0
T101943,U10143,M1054,crypto,26.67,2026-05-10 06:00:01,0
T100354,U10186,M1022,electronics,33.89,2026-05-10 06:12:11,0
T102901,U10288,M1047,fashion,63.26,2026-05-10 06:26:14,0
T107149,U10011,M1015,utilities,29.49,2026-05-10 06:37:45,0
T100984,U10250,M1052,gaming,59.9,2026-05-10 06:57:22,0
T100482,U10003,M1055,grocery,34.24,2026-05-10 07:38:57,0
T107882,U10024,M1001,utilities,19.79,2026-05-10 07:44:40,0
T101864,U10192,M1048,restaurant,13.27,2026-05-10 08:27:28,0
T100377,U10262,M1042,utilities,154.05,2026-05-10 08:58:49,0
T102537,U10293,M1024,utilities,17.86,2026-05-10 09:15:27,0
T105312,U10072,M1010,gambling,34.72,2026-05-10 09:21:48,0
T104859,U10011,M1008,travel,34.13,2026-05-10 09:32:31,0
T102389,U10059,M1041,utilities,27.99,2026-05-10 09:53:41,0
T102532,U10120,M1022,electronics,83.99,2026-05-10 09:54:19,0
T102097,U10278,M1010,gambling,117.77,2026-05-10 10:36:15,0
T104910,U10278,M1045,pharmacy,32.0,2026-05-10 11:09:41,0
T106583,U10057,M1022,electronics,19.11,2026-05-10 11:51:20,0
T100920,U10099,M1013,utilities,29.97,2026-05-10 11:58:54,0
T107638,U10240,M1032,grocery,20.81,2026-05-10 12:09:53,0
T101778,U10046,M1059,restaurant,37.26,2026-05-10 12:42:04,0
T107888,U10257,M1044,grocery,17.92,2026-05-10 12:42:34,0
T104071,U10220,M1016,gambling,14.3,2026-05-10 12:52:52,0
T106651,U10067,M1050,utilities,53.54,2026-05-10 13:41:12,0
T102950,U10278,M1019,crypto,48.16,2026-05-10 14:14:59,0
T104531,U10168,M1001,utilities,32.27,2026-05-10 15:04:10,0
T104778,U10201,M1053,crypto,26.39,2026-05-10 15:07:46,0
T104461,U10000,M1028,gambling,123.03,2026-05-10 15:08:30,0
T106616,U10284,M1035,grocery,22.03,2026-05-10 15:18:45,0
T106420,U10100,M1022,electronics,14.66,2026-05-10 15:39:21,0
T105789,U10172,M1052,gaming,40.7,2026-05-10 15:40:31,0
T101918,U10233,M1040,electronics,29.68,2026-05-10 15:43:43,0
T100367,U10297,M1010,gambling,44.9,2026-05-10 17:26:55,0
T104435,U10087,M1013,utilities,610.66,2026-05-10 17:55:35,1
T104542,U10034,M1046,crypto,18.53,2026-05-10 18:10:48,0
T104414,U10230,M1039,restaurant,20.64,2026-05-10 19:11:30,0
T104653,U10140,M1056,gambling,27.07,2026-05-10 20:07:39,0
T102780,U10071,M1014,utilities,55.33,2026-05-10 20:11:55,0
T107221,U10122,M1021,gaming,20.07,2026-05-10 20:35:27,0
T101244,U10048,M1006,grocery,40.12,2026-05-10 21:50:31,0
T101885,U10042,M1006,grocery,13.94,2026-05-10 22:10:57,0
T106181,U10295,M1022,electronics,73.2,2026-05-10 22:24:47,0
T106125,U10147,M1029,crypto,81.64,2026-05-10 22:36:40,0
T102961,U10141,M1049,utilities,35.4,2026-05-10 22:43:39,0
T105673,U10165,M1026,crypto,13.4,2026-05-10 22:58:47,0
T100132,U10113,M1055,grocery,14.14,2026-05-10 23:06:03,0
T102460,U10119,M1055,grocery,52.62,2026-05-10 23:06:15,0
T102296,U10296,M1010,gambling,23.73,2026-05-10 23:54:35,0
T101378,U10085,M1021,gaming,8.14,2026-05-10 23:54:38,0
T101848,U10150,M1040,electronics,19.99,2026-05-10 23:58:29,0
T103184,U10216,M1011,pharmacy,13.09,2026-05-11 00:15:52,0
T100358,U10037,M1009,grocery,12.08,2026-05-11 00:53:49,0
T107765,U10279,M1058,utilities,37.2,2026-05-11 01:18:11,0
T107349,U10247,M1049,utilities,26.75,2026-05-11 02:52:04,0
T106158,U10113,M1043,gaming,18.88,2026-05-11 02:53:18,0
T101983,U10107,M1038,travel,36.66,2026-05-11 03:08:31,0
T100458,U10223,M1046,crypto,29.23,2026-05-11 04:11:19,0
T107827,U10289,M1032,grocery,20.65,2026-05-11 04:34:04,0
T104315,U10291,M1028,gambling,22.48,2026-05-11 05:09:25,0
T100695,U10262,M1053,crypto,13.65,2026-05-11 05:10:25,0
T106825,U10063,M1047,fashion,9.44,2026-05-11 05:23:18,0
T100581,U10211,M1049,utilities,57.93,2026-05-11 05:30:59,0
T107256,U10258,M1051,electronics,21.46,2026-05-11 05:34:37,0
T100580,U10181,M1039,restaurant,25.75,2026-05-11 06:16:58,0
T107822,U10151,M1020,gambling,44.34,2026-05-11 06:17:43,0
T100316,U10216,M1011,pharmacy,20.28,2026-05-11 06:56:18,0
T106046,U10133,M1001,utilities,12.27,2026-05-11 07:16:48,0
T100203,U10126,M1009,grocery,94.78,2026-05-11 07:26:41,0
T102181,U10048,M1029,crypto,55.41,2026-05-11 08:00:53,0
T100217,U10172,M1038,travel,32.79,2026-05-11 08:33:36,0
T107236,U10160,M1024,utilities,68.68,2026-05-11 09:21:14,0
T101096,U10278,M1007,restaurant,95.64,2026-05-11 09:36:53,0
T106142,U10094,M1052,gaming,79.21,2026-05-11 09:55:54,0
T106040,U10122,M1027,fashion,18.05,2026-05-11 09:56:32,0
T106535,U10294,M1007,restaurant,128.18,2026-05-11 09:59:58,1
T106370,U10152,M1037,fashion,30.86,2026-05-11 10:24:23,0
T106558,U10258,M1041,utilities,26.36,2026-05-11 10:29:25,0
T101946,U10103,M1032,grocery,38.51,2026-05-11 10:46:30,0
T105707,U10141,M1044,grocery,114.28,2026-05-11 11:34:52,0
T102735,U10031,M1036,fashion,50.39,2026-05-11 11:45:24,0
T104972,U10119,M1056,gambling,63.97,2026-05-11 11:48:19,0
T103924,U10067,M1022,electronics,7.56,2026-05-11 12:42:19,0
T106709,U10001,M1054,crypto,15.02,2026-05-11 13:22:09,0
T106036,U10245,M1043,gaming,43.02,2026-05-11 13:56:51,0
T102962,U10026,M1002,restaurant,119.82,2026-05-11 14:32:29,0
T100057,U10274,M1028,gambling,20.4,2026-05-11 14:50:53,0
T102997,U10163,M1013,utilities,103.28,2026-05-11 15:32:54,0
T101566,U10045,M1050,utilities,62.89,2026-05-11 15:52:53,0
T103297,U10128,M1039,restaurant,23.65,2026-05-11 16:07:20,0
T105816,U10067,M1044,grocery,37.14,2026-05-11 17:32:11,0
T105868,U10032,M1030,crypto,30.24,2026-05-11 17:40:52,0
T107675,U10021,M1009,grocery,35.94,2026-05-11 18:07:29,0
T106471,U10005,M1052,gaming,43.57,2026-05-11 18:25:10,0
T103282,U10032,M1030,crypto,42.87,2026-05-11 18:35:27,0
T105745,U10152,M1016,gambling,51.15,2026-05-11 18:36:26,0
T107189,U10237,M1001,utilities,167.72,2026-05-11 18:44:19,0
T102782,U10098,M1024,utilities,16.03,2026-05-11 19:05:14,0
T105897,U10124,M1007,restaurant,14.11,2026-05-11 19:10:55,0
T102276,U10074,M1047,fashion,26.82,2026-05-11 19:14:19,0
T103343,U10201,M1016,gambling,22.1,2026-05-11 19:20:03,0
T101501,U10282,M1013,utilities,112.35,2026-05-11 19:30:02,0
T106193,U10112,M1033,gambling,16.11,2026-05-11 19:46:47,0
T103782,U10238,M1037,fashion,14.73,2026-05-11 19:48:44,0
T101396,U10212,M1024,utilities,147.07,2026-05-11 19:58:09,1
T107303,U10220,M1014,utilities,26.21,2026-05-11 20:34:03,0
T103058,U10117,M1001,utilities,61.2,2026-05-11 20:46:01,0
T101441,U10166,M1004,crypto,27.63,2026-05-11 20:52:03,0
T103391,U10100,M1037,fashion,26.66,2026-05-11 21:09:03,0
T105191,U10273,M1036,fashion,66.51,2026-05-11 21:14:49,0
T104041,U10254,M1025,restaurant,17.54,2026-05-11 21:42:21,0
T102030,U10188,M1031,travel,14.52,2026-05-11 22:01:38,0
T107958,U10200,M1012,utilities,16.67,2026-05-11 22:04:15,0
T105536,U10211,M1041,utilities,21.25,2026-05-11 22:33:47,0
T104223,U10255,M1039,restaurant,58.47,2026-05-11 23:49:28,0
T102436,U10022,M1006,grocery,25.54,2026-05-11 23:51:36,0
T101571,U10057,M1048,restaurant,38.19,2026-05-12 00:05:03,0
T101184,U10287,M1045,pharmacy,36.05,2026-05-12 00:06:12,1
T107209,U10094,M1008,travel,44.96,2026-05-12 00:06:16,0
T102993,U10045,M1038,travel,16.64,2026-05-12 00:11:42,0
T106146,U10055,M1003,crypto,84.53,2026-05-12 00:52:22,0
T102789,U10237,M1058,utilities,51.14,2026-05-12 00:53:45,0
T106079,U10233,M1059,restaurant,19.27,2026-05-12 01:01:56,0
T100796,U10271,M1030,crypto,22.67,2026-05-12 01:15:21,1
T106406,U10215,M1004,crypto,20.5,2026-05-12 01:25:16,0
T100816,U10068,M1003,crypto,31.85,2026-05-12 01:41:59,0
T100385,U10161,M1043,gaming,13.22,2026-05-12 02:38:00,0
T107419,U10239,M1047,fashion,65.29,2026-05-12 03:20:43,0
T103441,U10271,M1001,utilities,89.09,2026-05-12 03:33:31,0
T105917,U10051,M1053,crypto,18.67,2026-05-12 04:03:53,0
T104772,U10163,M1050,utilities,73.97,2026-05-12 04:11:44,0
T104792,U10263,M1005,fashion,6.02,2026-05-12 04:22:13,0
T102873,U10260,M1035,grocery,25.27,2026-05-12 04:55:21,0
T101168,U10054,M1036,fashion,35.3,2026-05-12 05:15:29,0
T102629,U10010,M1025,restaurant,58.82,2026-05-12 06:13:42,0
T103109,U10181,M1052,gaming,12.94,2026-05-12 06:32:12,0
T102694,U10177,M1040,electronics,10.61,2026-05-12 06:43:47,0
T101384,U10087,M1002,restaurant,111.49,2026-05-12 07:16:15,0
T101989,U10143,M1007,restaurant,16.96,2026-05-12 08:33:53,0
T106429,U10030,M1046,crypto,36.71,2026-05-12 08:39:31,0
T106942,U10153,M1059,restaurant,52.39,2026-05-12 08:43:32,0
T103005,U10216,M1001,utilities,34.12,2026-05-12 08:44:58,0
T105626,U10251,M1038,travel,7.59,2026-05-12 09:05:20,0
T106936,U10011,M1048,restaurant,17.87,2026-05-12 09:24:54,0
T105801,U10234,M1058,utilities,33.43,2026-05-12 10:11:17,0
T106051,U10280,M1006,grocery,170.42,2026-05-12 11:00:04,0
T107172,U10268,M1048,restaurant,12.85,2026-05-12 11:46:26,0
T101596,U10061,M1010,gambling,22.06,2026-05-12 12:07:31,0
T101505,U10100,M1007,restaurant,44.46,2026-05-12 13:02:11,0
T106009,U10187,M1020,gambling,118.16,2026-05-12 13:13:36,0
T105409,U10188,M1048,restaurant,80.58,2026-05-12 13:27:36,0
T103494,U10190,M1019,crypto,37.63,2026-05-12 13:36:16,0
T101751,U10257,M1050,utilities,33.71,2026-05-12 13:56:11,0
T103241,U10240,M1021,gaming,18.62,2026-05-12 13:57:45,0
T107568,U10047,M1012,utilities,28.87,2026-05-12 14:12:59,0
T103711,U10264,M1028,gambling,54.55,2026-05-12 14:19:41,0
T105520,U10057,M1057,electronics,21.04,2026-05-12 14:46:56,0
T102535,U10144,M1058,utilities,15.06,2026-05-12 16:25:40,0
T107227,U10263,M1028,gambling,12.43,2026-05-12 16:25:54,0
T104798,U10212,M1023,pharmacy,13.77,2026-05-12 17:03:16,0
T106505,U10095,M1032,grocery,12.92,2026-05-12 17:16:48,0
T101265,U10234,M1027,fashion,15.86,2026-05-12 17:58:33,0
T106805,U10215,M1008,travel,93.52,2026-05-12 18:07:20,0
T104190,U10277,M1005,fashion,424.82,2026-05-12 18:08:03,0
T101102,U10075,M1052,gaming,17.15,2026-05-12 18:20:45,0
T106667,U10007,M1023,pharmacy,23.58,2026-05-12 18:39:20,0
T106961,U10228,M1048,restaurant,55.35,2026-05-12 19:08:48,0
T100238,U10254,M1031,travel,106.45,2026-05-12 19:13:29,0
T101920,U10179,M1041,utilities,34.89,2026-05-12 19:39:48,0
T103253,U10017,M1032,grocery,36.43,2026-05-12 19:49:07,0
T100133,U10087,M1039,restaurant,23.94,2026-05-12 20:47:27,0
T103704,U10020,M1024,utilities,81.46,2026-05-12 21:10:16,0
T104676,U10238,M1030,crypto,35.8,2026-05-12 21:59:24,0
T103893,U10248,M1018,fashion,76.5,2026-05-12 22:08:08,0
T102458,U10158,M1032,grocery,21.99,2026-05-12 22:43:36,0
T106694,U10228,M1052,gaming,425.74,2026-05-12 22:55:17,0
T102538,U10132,M1041,utilities,144.89,2026-05-13 00:58:48,0
T101437,U10207,M1030,crypto,72.88,2026-05-13 01:48:02,0
T104622,U10083,M1036,fashion,22.81,2026-05-13 01:52:13,0
T102886,U10023,M1053,crypto,16.11,2026-05-13 02:06:06,0
T100882,U10122,M1026,crypto,8.02,2026-05-13 03:13:24,0
T107698,U10039,M1009,grocery,29.78,2026-05-13 03:54:21,0
T103687,U10030,M1028,gambling,8.1,2026-05-13 04:10:40,0
T105783,U10217,M1028,gambling,50.23,2026-05-13 04:30:33,0
T104906,U10006,M1004,crypto,48.12,2026-05-13 04:31:45,0
T106778,U10222,M1036,fashion,62.65,2026-05-13 04:37:10,0
T100735,U10040,M1027,fashion,16.56,2026-05-13 04:53:21,0
T106740,U10277,M1033,gambling,88.2,2026-05-13 05:50:03,1
T104702,U10020,M1056,gambling,35.24,2026-05-13 06:04:34,0
T106365,U10198,M1050,utilities,243.21,2026-05-13 06:43:24,0
T107775,U10173,M1021,gaming,29.67,2026-05-13 07:20:56,0
T102330,U10152,M1029,crypto,28.53,2026-05-13 07:30:41,0
T103653,U10092,M1007,restaurant,14.56,2026-05-13 07:34:22,0
T104534,U10111,M1059,restaurant,17.66,2026-05-13 07:36:16,0
T106122,U10298,M1031,travel,17.38,2026-05-13 07:57:45,0
T105278,U10011,M1034,fashion,41.21,2026-05-13 08:08:49,0
T104368,U10000,M1058,utilities,61.56,2026-05-13 08:27:21,0
T102140,U10284,M1040,electronics,22.88,2026-05-13 08:31:22,0
T105657,U10213,M1020,gambling,44.83,2026-05-13 09:05:30,0
T100344,U10142,M1007,restaurant,15.19,2026-05-13 09:15:44,0
T102545,U10195,M1059,restaurant,58.25,2026-05-13 09:21:25,0
T105683,U10293,M1019,crypto,126.12,2026-05-13 09:24:50,0
T102864,U10064,M1056,gambling,15.93,2026-05-13 11:06:59,0
T106313,U10229,M1055,grocery,46.38,2026-05-13 11:32:51,0
T104905,U10242,M1006,grocery,60.1,2026-05-13 11:39:35,0
T106447,U10014,M1006,grocery,28.78,2026-05-13 11:40:04,0
T101543,U10045,M1057,electronics,30.9,2026-05-13 11:54:33,0
T105609,U10207,M1039,restaurant,54.46,2026-05-13 12:00:11,0
T106343,U10280,M1040,electronics,36.18,2026-05-13 12:37:04,0
T107774,U10271,M1023,pharmacy,6.81,2026-05-13 13:04:20,0
T107269,U10075,M1004,crypto,34.11,2026-05-13 13:15:39,0
T100811,U10206,M1048,restaurant,2.36,2026-05-13 13:32:45,0
T100405,U10292,M1035,grocery,58.68,2026-05-13 14:08:28,0
T102445,U10147,M1023,pharmacy,44.43,2026-05-13 14:32:51,0
T106585,U10211,M1025,restaurant,50.29,2026-05-13 14:42:56,1
T100043,U10183,M1040,electronics,15.39,2026-05-13 14:48:38,0
T100842,U10252,M1005,fashion,51.48,2026-05-13 15:17:16,0
T104151,U10140,M1014,utilities,42.46,2026-05-13 15:55:55,0
T105611,U10090,M1031,travel,50.31,2026-05-13 16:02:19,0
T101285,U10043,M1032,grocery,50.45,2026-05-13 16:30:36,0
T106726,U10178,M1020,gambling,111.84,2026-05-13 16:53:48,0
T103905,U10158,M1013,utilities,20.43,2026-05-13 17:25:18,0
T104922,U10144,M1047,fashion,103.1,2026-05-13 18:35:26,0
T106257,U10011,M1019,crypto,29.18,2026-05-13 18:50:43,0
T104726,U10151,M1047,fashion,102.78,2026-05-13 19:07:30,0
T105359,U10136,M1005,fashion,55.76,2026-05-13 19:36:34,0
T104105,U10010,M1028,gambling,116.09,2026-05-13 19:40:56,0
T102540,U10021,M1019,crypto,25.71,2026-05-13 20:05:25,0
T107377,U10233,M1045,pharmacy,16.44,2026-05-13 21:10:59,0
T105151,U10175,M1047,fashion,13.09,2026-05-13 21:47:54,0
T101814,U10238,M1016,gambling,22.4,2026-05-13 21:48:14,0
T107662,U10161,M1007,restaurant,94.9,2026-05-13 21:56:39,0
T105837,U10219,M1020,gambling,9.03,2026-05-13 22:19:54,0
T100223,U10231,M1021,gaming,12.08,2026-05-13 23:26:44,0
T101052,U10028,M1016,gambling,48.19,2026-05-13 23:35:43,0
T103874,U10181,M1005,fashion,35.35,2026-05-13 23:40:52,0
T106798,U10266,M1016,gambling,50.53,2026-05-13 23:52:46,0
T106329,U10267,M1024,utilities,37.15,2026-05-14 00:21:10,0
T101689,U10297,M1019,crypto,67.13,2026-05-14 00:31:05,0
T104883,U10124,M1040,electronics,18.47,2026-05-14 00:45:52,0
T101939,U10234,M1027,fashion,51.92,2026-05-14 01:17:55,0
T105093,U10066,M1056,gambling,6.94,2026-05-14 01:30:49,0
T106238,U10054,M1031,travel,15.8,2026-05-14 01:31:50,0
T100346,U10242,M1050,utilities,26.42,2026-05-14 01:46:53,0
T102092,U10167,M1035,grocery,26.14,2026-05-14 01:54:01,0
T107171,U10044,M1009,grocery,41.48,2026-05-14 02:15:29,0
T103039,U10024,M1057,electronics,39.94,2026-05-14 03:11:26,0
T104630,U10254,M1026,crypto,126.01,2026-05-14 03:15:46,1
T103012,U10146,M1043,gaming,46.44,2026-05-14 04:23:11,0
T107849,U10200,M1027,fashion,45.97,2026-05-14 05:13:30,0
T104586,U10218,M1053,crypto,225.22,2026-05-14 05:27:28,0
T100656,U10136,M1000,grocery,28.6,2026-05-14 05:43:42,0
T103726,U10069,M1003,crypto,16.62,2026-05-14 05:43:48,0
T102667,U10082,M1018,fashion,47.53,2026-05-14 05:44:03,0
T103737,U10058,M1011,pharmacy,59.13,2026-05-14 07:02:23,0
T107267,U10066,M1048,restaurant,14.02,2026-05-14 07:05:41,0
T102147,U10255,M1048,restaurant,10.17,2026-05-14 07:19:17,0
T100908,U10158,M1023,pharmacy,26.85,2026-05-14 07:29:47,0
T100718,U10088,M1049,utilities,147.5,2026-05-14 07:40:47,0
T103500,U10208,M1040,electronics,17.61,2026-05-14 07:41:36,0
T105000,U10103,M1018,fashion,11.1,2026-05-14 08:32:04,0
T106368,U10102,M1033,gambling,40.62,2026-05-14 08:51:43,0
T103654,U10221,M1029,crypto,62.35,2026-05-14 09:07:20,0
T104221,U10155,M1028,gambling,35.5,2026-05-14 09:12:54,0
T101342,U10004,M1002,restaurant,46.97,2026-05-14 09:43:33,0
T104429,U10225,M1019,crypto,40.27,2026-05-14 10:38:48,0
T100131,U10294,M1006,grocery,195.69,2026-05-14 10:47:08,0
T103450,U10252,M1056,gambling,54.55,2026-05-14 11:00:37,0
T105398,U10278,M1006,grocery,46.8,2026-05-14 13:09:04,0
T101478,U10192,M1044,grocery,28.58,2026-05-14 13:30:31,0
T102150,U10216,M1049,utilities,47.9,2026-05-14 14:26:26,0
T102393,U10175,M1010,gambling,18.62,2026-05-14 14:47:05,0
T105900,U10160,M1057,electronics,152.28,2026-05-14 14:57:08,0
T100765,U10074,M1054,crypto,1.65,2026-05-14 15:00:15,0
T106234,U10093,M1018,fashion,96.63,2026-05-14 15:06:12,0
T105280,U10172,M1057,electronics,51.62,2026-05-14 15:12:15,0
T104579,U10152,M1027,fashion,9.76,2026-05-14 15:17:12,0
T103183,U10130,M1025,restaurant,49.21,2026-05-14 15:47:08,0
T105460,U10284,M1043,gaming,34.45,2026-05-14 15:51:08,0
T103142,U10125,M1031,travel,55.16,2026-05-14 15:54:51,0
T106382,U10025,M1030,crypto,27.64,2026-05-14 16:18:03,0
T106711,U10074,M1027,fashion,37.24,2026-05-14 16:40:12,0
T101146,U10006,M1023,pharmacy,35.32,2026-05-14 17:57:02,0
T103597,U10069,M1004,crypto,17.44,2026-05-14 18:02:05,0
T102512,U10141,M1033,gambling,43.23,2026-05-14 18:15:17,0
T104166,U10270,M1021,gaming,102.44,2026-05-14 18:47:29,0
T107707,U10101,M1057,electronics,7.96,2026-05-14 19:09:58,0
T100469,U10100,M1007,restaurant,29.02,2026-05-14 19:15:57,0
T106777,U10178,M1038,travel,16.25,2026-05-14 19:40:08,0
T105340,U10030,M1015,utilities,13.8,2026-05-14 20:16:53,0
T105833,U10228,M1058,utilities,46.03,2026-05-14 20:27:45,0
T101970,U10125,M1025,restaurant,96.89,2026-05-14 21:01:18,0
T102298,U10006,M1020,gambling,88.95,2026-05-14 21:04:36,0
T106488,U10126,M1039,restaurant,69.46,2026-05-14 21:05:06,0
T102587,U10213,M1005,fashion,12.73,2026-05-14 21:24:41,0
T101769,U10160,M1054,crypto,429.77,2026-05-14 21:32:50,1
T102430,U10043,M1009,grocery,42.74,2026-05-14 22:09:07,0
T101162,U10084,M1037,fashion,34.3,2026-05-14 22:13:39,0
T100752,U10207,M1049,utilities,19.73,2026-05-14 22:49:52,0
T107908,U10291,M1054,crypto,22.34,2026-05-14 22:54:15,0
T103247,U10122,M1040,electronics,12.5,2026-05-14 23:06:23,0
T100651,U10281,M1014,utilities,29.34,2026-05-15 00:33:05,0
T103741,U10002,M1001,utilities,41.83,2026-05-15 01:32:43,0
T106097,U10112,M1027,fashion,9.26,2026-05-15 01:44:58,0
T101315,U10137,M1002,restaurant,25.95,2026-05-15 01:50:27,0
T106064,U10039,M1008,travel,807.32,2026-05-15 02:15:02,0
T105821,U10069,M1052,gaming,45.28,2026-05-15 03:03:27,1
T103063,U10052,M1047,fashion,19.18,2026-05-15 03:08:19,0
T105727,U10167,M1054,crypto,61.66,2026-05-15 03:13:33,0
T105389,U10028,M1029,crypto,41.19,2026-05-15 03:15:53,0
T102004,U10060,M1016,gambling,34.06,2026-05-15 03:18:35,0
T106350,U10050,M1057,electronics,50.81,2026-05-15 03:21:23,0
T106716,U10260,M1000,grocery,22.96,2026-05-15 04:33:01,0
T105524,U10025,M1027,fashion,155.66,2026-05-15 04:41:47,0
T103897,U10047,M1022,electronics,68.87,2026-05-15 04:54:35,0
T107591,U10243,M1007,restaurant,40.7,2026-05-15 05:11:29,0
T107887,U10262,M1004,crypto,78.54,2026-05-15 05:39:13,0
T107934,U10177,M1023,pharmacy,25.18,2026-05-15 05:40:12,0
T103100,U10096,M1006,grocery,127.37,2026-05-15 05:43:36,0
T107333,U10197,M1022,electronics,71.87,2026-05-15 06:31:11,0
T101237,U10093,M1048,restaurant,67.58,2026-05-15 06:31:47,0
T106225,U10080,M1033,gambling,70.56,2026-05-15 06:43:03,0
T105706,U10119,M1037,fashion,21.35,2026-05-15 07:48:43,0
T100733,U10112,M1045,pharmacy,14.52,2026-05-15 07:52:08,0
T105932,U10164,M1055,grocery,17.45,2026-05-15 08:07:09,0
T101614,U10146,M1013,utilities,684.0,2026-05-15 08:21:19,0
T101497,U10077,M1012,utilities,30.38,2026-05-15 09:11:51,0
T102656,U10179,M1051,electronics,56.41,2026-05-15 10:00:54,0
T101264,U10039,M1039,restaurant,23.53,2026-05-15 10:53:09,0
T107653,U10263,M1049,utilities,6.76,2026-05-15 11:26:26,0
T105090,U10259,M1001,utilities,26.19,2026-05-15 11:35:41,0
T106240,U10257,M1059,restaurant,45.14,2026-05-15 11:42:46,0
T102792,U10192,M1041,utilities,399.27,2026-05-15 12:12:47,0
T106297,U10022,M1053,crypto,18.44,2026-05-15 12:20:59,0
T107492,U10090,M1054,crypto,30.99,2026-05-15 12:50:39,0
T101729,U10004,M1038,travel,185.53,2026-05-15 12:54:04,0
T100170,U10109,M1007,restaurant,218.29,2026-05-15 13:10:10,0
T104969,U10068,M1058,utilities,70.08,2026-05-15 13:21:29,0
T102081,U10203,M1042,utilities,67.52,2026-05-15 13:24:35,0
T104098,U10121,M1050,utilities,18.38,2026-05-15 13:48:46,0
T106725,U10181,M1010,gambling,10.47,2026-05-15 13:53:31,0
T102471,U10152,M1047,fashion,33.74,2026-05-15 14:25:48,0
T107905,U10040,M1034,fashion,33.2,2026-05-15 15:57:08,0
T105314,U10073,M1005,fashion,76.35,2026-05-15 16:20:48,0
T105871,U10180,M1047,fashion,53.41,2026-05-15 16:23:30,0
T102146,U10220,M1002,restaurant,58.26,2026-05-15 16:39:03,0
T107342,U10116,M1049,utilities,54.75,2026-05-15 16:46:05,0
T105830,U10297,M1017,electronics,35.31,2026-05-15 17:23:55,0
T100267,U10120,M1052,gaming,31.42,2026-05-15 17:43:24,0
T106520,U10269,M1026,crypto,112.63,2026-05-15 17:45:36,0
T103317,U10064,M1035,grocery,16.66,2026-05-15 18:31:50,0
T100040,U10079,M1055,grocery,24.39,2026-05-15 18:33:05,0
T101033,U10142,M1008,travel,7.02,2026-05-15 18:36:37,0
T101029,U10209,M1029,crypto,14.47,2026-05-15 18:48:24,0
T103745,U10256,M1001,utilities,25.61,2026-05-15 19:14:33,0
T101002,U10215,M1002,restaurant,24.75,2026-05-15 19:17:11,0
T103329,U10078,M1059,restaurant,103.67,2026-05-15 19:50:12,0
T104198,U10277,M1059,restaurant,63.75,2026-05-15 19:58:26,0
T105792,U10295,M1053,crypto,81.44,2026-05-15 20:01:26,0
T103631,U10034,M1017,electronics,88.9,2026-05-15 20:27:13,0
T100791,U10141,M1015,utilities,32.64,2026-05-15 20:33:28,0
T103743,U10092,M1029,crypto,19.22,2026-05-15 20:46:17,0
T105943,U10038,M1022,electronics,72.69,2026-05-15 21:59:02,0
T106309,U10264,M1048,restaurant,21.78,2026-05-15 22:09:58,0
T104253,U10076,M1051,electronics,19.72,2026-05-15 22:34:02,0
T102313,U10260,M1031,travel,28.81,2026-05-15 22:49:17,0
T105290,U10288,M1001,utilities,19.15,2026-05-15 23:10:13,0
T107959,U10086,M1029,crypto,55.64,2026-05-15 23:40:37,0
T106402,U10116,M1039,restaurant,32.56,2026-05-15 23:47:57,0
T100812,U10015,M1036,fashion,10.44,2026-05-16 00:15:51,0
T106536,U10271,M1008,travel,40.75,2026-05-16 01:03:46,0
T107384,U10015,M1048,restaurant,66.44,2026-05-16 01:10:59,0
T104022,U10181,M1013,utilities,29.79,2026-05-16 02:14:50,0
T105308,U10121,M1042,utilities,29.72,2026-05-16 03:08:39,0
T103774,U10271,M1037,fashion,10.3,2026-05-16 03:18:46,0
T101324,U10018,M1043,gaming,97.73,2026-05-16 03:42:45,0
T106126,U10158,M1059,restaurant,10.7,2026-05-16 03:48:47,0
T102056,U10182,M1049,utilities,32.67,2026-05-16 03:56:35,0
T103900,U10072,M1005,fashion,30.09,2026-05-16 04:31:25,0
T106291,U10262,M1009,grocery,85.24,2026-05-16 04:48:43,0
T105379,U10236,M1028,gambling,50.48,2026-05-16 05:12:54,0
T107068,U10014,M1056,gambling,57.39,2026-05-16 05:25:40,0
T103729,U10035,M1002,restaurant,66.38,2026-05-16 05:43:29,0
T101036,U10208,M1050,utilities,7.35,2026-05-16 06:05:58,0
T100753,U10174,M1009,grocery,6.38,2026-05-16 06:33:54,0
T101333,U10035,M1031,travel,48.78,2026-05-16 06:48:53,0
T100309,U10010,M1057,electronics,31.28,2026-05-16 06:52:09,0
T107137,U10161,M1029,crypto,41.6,2026-05-16 07:01:52,0
T105479,U10123,M1020,gambling,113.15,2026-05-16 07:45:38,0
T104241,U10063,M1022,electronics,70.52,2026-05-16 07:51:25,0
T101215,U10142,M1019,crypto,13.35,2026-05-16 07:56:57,1
T107952,U10031,M1037,fashion,14.99,2026-05-16 08:05:03,0
T103960,U10067,M1008,travel,38.72,2026-05-16 08:07:33,0
T107998,U10093,M1031,travel,48.78,2026-05-16 08:18:05,0
T102266,U10028,M1027,fashion,14.51,2026-05-16 08:26:55,0
T106302,U10063,M1048,restaurant,224.5,2026-05-16 09:43:13,0
T104460,U10135,M1023,pharmacy,42.73,2026-05-16 10:00:48,0
T101022,U10180,M1059,restaurant,23.79,2026-05-16 10:35:05,0
T103828,U10292,M1011,pharmacy,23.12,2026-05-16 10:53:45,0
T103168,U10260,M1005,fashion,266.37,2026-05-16 10:58:05,0
T101891,U10115,M1050,utilities,53.06,2026-05-16 11:35:42,0
T100394,U10171,M1050,utilities,81.94,2026-05-16 11:42:41,0
T104994,U10103,M1029,crypto,41.76,2026-05-16 11:49:04,0
T104336,U10077,M1033,gambling,27.7,2026-05-16 12:19:33,0
T105914,U10035,M1047,fashion,46.66,2026-05-16 12:34:07,0
T105912,U10032,M1009,grocery,53.53,2026-05-16 12:40:18,0
T105016,U10005,M1045,pharmacy,117.18,2026-05-16 12:45:25,0
T107770,U10030,M1038,travel,31.02,2026-05-16 12:56:55,0
T107737,U10269,M1011,pharmacy,33.87,2026-05-16 12:57:52,0
T101385,U10271,M1044,grocery,13.74,2026-05-16 13:11:40,0
T102663,U10200,M1008,travel,43.18,2026-05-16 14:01:15,0
T100502,U10220,M1048,restaurant,22.19,2026-05-16 14:13:23,0
T106462,U10230,M1044,grocery,349.73,2026-05-16 14:36:14,0
T105847,U10208,M1035,grocery,30.96,2026-05-16 15:45:16,0
T103242,U10020,M1015,utilities,97.68,2026-05-16 16:13:46,0
T106770,U10282,M1042,utilities,31.01,2026-05-16 17:20:13,0
T104840,U10140,M1038,travel,19.34,2026-05-16 17:21:51,0
T105862,U10266,M1053,crypto,32.41,2026-05-16 17:32:43,0
T101834,U10125,M1027,fashion,56.01,2026-05-16 17:33:03,0
T107399,U10014,M1057,electronics,36.67,2026-05-16 17:39:50,0
T104318,U10023,M1052,gaming,42.0,2026-05-16 17:56:13,0
T106577,U10198,M1054,crypto,27.17,2026-05-16 18:07:24,0
T101613,U10132,M1035,grocery,590.58,2026-05-16 18:07:51,0
T107164,U10127,M1051,electronics,64.05,2026-05-16 19:33:47,0
T100251,U10247,M1001,utilities,14.87,2026-05-16 19:40:20,0
T104499,U10112,M1042,utilities,11.91,2026-05-16 19:56:13,0
T101723,U10121,M1004,crypto,17.46,2026-05-16 20:16:30,0
T102752,U10052,M1034,fashion,77.07,2026-05-16 20:24:26,0
T104662,U10221,M1004,crypto,11.39,2026-05-16 20:55:05,0
T102371,U10049,M1056,gambling,75.34,2026-05-16 21:26:10,0
T107063,U10091,M1024,utilities,126.3,2026-05-16 21:47:06,0
T103314,U10077,M1020,gambling,42.85,2026-05-16 22:04:03,0
T103917,U10255,M1038,travel,20.95,2026-05-16 22:53:16,0
T107376,U10148,M1012,utilities,31.34,2026-05-16 23:06:01,0
T105987,U10043,M1042,utilities,115.0,2026-05-16 23:19:29,0
T105481,U10293,M1052,gaming,44.04,2026-05-17 00:00:31,0
T107580,U10202,M1008,travel,46.8,2026-05-17 00:33:27,0
T106221,U10022,M1037,fashion,27.37,2026-05-17 00:41:39,0
T100269,U10073,M1020,gambling,38.28,2026-05-17 01:14:24,0
T107776,U10198,M1053,crypto,13.56,2026-05-17 01:33:12,0
T104704,U10268,M1041,utilities,4.87,2026-05-17 02:10:22,0
T106658,U10157,M1020,gambling,10.2,2026-05-17 02:46:55,0
T106731,U10100,M1054,crypto,16.81,2026-05-17 02:46:56,0
T103445,U10242,M1011,pharmacy,74.02,2026-05-17 03:11:22,0
T102131,U10295,M1055,grocery,79.19,2026-05-17 03:15:01,0
T100361,U10131,M1055,grocery,29.25,2026-05-17 03:27:02,0
T101495,U10269,M1007,restaurant,34.32,2026-05-17 03:28:12,0
T101879,U10162,M1047,fashion,24.71,2026-05-17 03:32:19,0
T102973,U10230,M1046,crypto,52.89,2026-05-17 03:41:02,0
T104384,U10027,M1018,fashion,40.79,2026-05-17 03:46:52,0
T102896,U10236,M1036,fashion,54.04,2026-05-17 04:01:39,0
T104261,U10190,M1040,electronics,18.81,2026-05-17 04:11:15,0
T104961,U10044,M1001,utilities,40.55,2026-05-17 04:19:18,0
T104295,U10120,M1028,gambling,46.39,2026-05-17 04:23:57,0
T101171,U10065,M1003,crypto,9.12,2026-05-17 05:03:58,0
T101937,U10115,M1009,grocery,56.77,2026-05-17 05:47:33,0
T105773,U10193,M1014,utilities,18.57,2026-05-17 05:55:22,0
T104375,U10035,M1055,grocery,137.69,2026-05-17 05:58:25,0
T100714,U10028,M1002,restaurant,15.96,2026-05-17 06:02:09,0
T107865,U10291,M1004,crypto,53.94,2026-05-17 06:20:44,0
T101047,U10203,M1016,gambling,617.73,2026-05-17 06:34:41,1
T101794,U10018,M1008,travel,29.84,2026-05-17 06:38:59,0
T103413,U10284,M1031,travel,26.55,2026-05-17 06:50:18,0
T107713,U10126,M1026,crypto,32.24,2026-05-17 07:43:57,0
T103649,U10082,M1056,gambling,21.37,2026-05-17 08:11:53,0
T102871,U10292,M1059,restaurant,108.64,2026-05-17 08:52:49,0
T102533,U10260,M1006,grocery,19.82,2026-05-17 09:22:11,0
T101320,U10125,M1044,grocery,131.13,2026-05-17 09:35:54,0
T107946,U10031,M1052,gaming,26.74,2026-05-17 09:36:43,0
T101786,U10136,M1023,pharmacy,101.57,2026-05-17 10:18:43,0
T107663,U10156,M1043,gaming,65.54,2026-05-17 10:42:50,0
T106793,U10057,M1010,gambling,72.99,2026-05-17 10:45:45,0
T107000,U10295,M1002,restaurant,24.84,2026-05-17 11:11:48,0
T105964,U10137,M1054,crypto,16.55,2026-05-17 12:21:05,0
T106139,U10282,M1043,gaming,29.52,2026-05-17 12:26:20,0
T100815,U10060,M1057,electronics,66.37,2026-05-17 12:52:29,1
T106491,U10171,M1055,grocery,76.5,2026-05-17 13:01:06,0
T106856,U10183,M1046,crypto,34.07,2026-05-17 13:10:34,0
T101662,U10086,M1010,gambling,38.71,2026-05-17 13:10:56,0
T102558,U10171,M1049,utilities,65.26,2026-05-17 14:15:28,0
T105951,U10133,M1000,grocery,31.04,2026-05-17 14:46:30,0
T107370,U10020,M1026,crypto,33.42,2026-05-17 14:49:36,0
T100331,U10051,M1015,utilities,27.75,2026-05-17 15:11:00,0
T102348,U10134,M1053,crypto,313.94,2026-05-17 15:31:07,0
T106065,U10136,M1039,restaurant,94.12,2026-05-17 15:44:32,0
T103670,U10163,M1033,gambling,31.32,2026-05-17 16:20:03,0
T106129,U10241,M1028,gambling,11.23,2026-05-17 16:41:04,0
T101424,U10158,M1055,grocery,31.14,2026-05-17 17:07:35,0
T105175,U10084,M1004,crypto,8.72,2026-05-17 18:21:17,0
T106930,U10145,M1028,gambling,38.83,2026-05-17 19:05:18,0
T100947,U10159,M1022,electronics,62.4,2026-05-17 19:05:49,0
T107898,U10189,M1008,travel,34.09,2026-05-17 19:36:04,0
T103850,U10287,M1032,grocery,21.84,2026-05-17 19:58:53,0
T104786,U10268,M1048,restaurant,19.03,2026-05-17 20:02:19,0
T103130,U10240,M1012,utilities,43.64,2026-05-17 20:25:39,0
T104949,U10167,M1011,pharmacy,19.92,2026-05-17 20:36:09,0
T103536,U10170,M1038,travel,28.3,2026-05-17 20:43:39,0
T106454,U10253,M1034,fashion,29.05,2026-05-17 21:11:23,0
T107279,U10035,M1050,utilities,158.91,2026-05-17 21:14:48,0
T101631,U10206,M1009,grocery,4.91,2026-05-17 22:31:05,0
T106521,U10248,M1055,grocery,46.44,2026-05-17 22:41:28,0
T103926,U10181,M1033,gambling,32.95,2026-05-17 23:17:34,0
T107995,U10218,M1014,utilities,89.11,2026-05-17 23:33:20,0
T106707,U10267,M1056,gambling,42.62,2026-05-17 23:45:06,0
T103945,U10284,M1007,restaurant,49.69,2026-05-18 01:06:22,0
T106216,U10293,M1035,grocery,71.5,2026-05-18 01:27:58,0
T101200,U10066,M1035,grocery,13.31,2026-05-18 01:33:46,0
T101235,U10025,M1013,utilities,35.75,2026-05-18 01:36:15,0
T102618,U10223,M1029,crypto,39.73,2026-05-18 01:40:45,0
T103868,U10163,M1052,gaming,98.11,2026-05-18 01:44:32,0
T107703,U10175,M1025,restaurant,31.93,2026-05-18 02:09:11,0
T100388,U10038,M1027,fashion,71.53,2026-05-18 02:10:47,0
T104652,U10227,M1007,restaurant,64.75,2026-05-18 02:15:11,0
T100995,U10068,M1044,grocery,17.49,2026-05-18 02:37:06,0
T100402,U10073,M1033,gambling,25.02,2026-05-18 02:54:52,0
T102463,U10048,M1058,utilities,15.48,2026-05-18 03:28:24,0
T101083,U10030,M1024,utilities,54.61,2026-05-18 04:06:51,0
T106897,U10203,M1034,fashion,39.53,2026-05-18 05:01:41,0
T103199,U10156,M1047,fashion,37.36,2026-05-18 05:01:46,0
T101659,U10181,M1017,electronics,22.89,2026-05-18 05:14:26,0
T103256,U10183,M1026,crypto,19.62,2026-05-18 05:15:06,1
T100805,U10246,M1059,restaurant,17.93,2026-05-18 05:25:52,0
T101307,U10054,M1031,travel,34.48,2026-05-18 05:26:37,0
T107718,U10220,M1028,gambling,127.11,2026-05-18 05:36:56,0
T102307,U10287,M1031,travel,20.65,2026-05-18 06:20:21,0
T101134,U10080,M1006,grocery,58.45,2026-05-18 06:36:59,0
T104329,U10047,M1041,utilities,32.1,2026-05-18 07:03:42,0
T101187,U10263,M1014,utilities,11.48,2026-05-18 07:08:01,0
T102758,U10093,M1012,utilities,58.35,2026-05-18 07:19:35,0
T105212,U10210,M1058,utilities,47.64,2026-05-18 07:22:00,0
T103888,U10028,M1048,restaurant,34.92,2026-05-18 07:30:00,0
T106499,U10060,M1008,travel,64.83,2026-05-18 07:33:14,0
T105567,U10079,M1044,grocery,30.0,2026-05-18 07:51:53,0
T102229,U10239,M1047,fashion,34.43,2026-05-18 08:25:59,0
T105726,U10237,M1053,crypto,40.41,2026-05-18 08:46:52,0
T103995,U10030,M1021,gaming,15.37,2026-05-18 09:21:58,0
T104344,U10138,M1058,utilities,41.48,2026-05-18 09:26:19,0
T106512,U10278,M1020,gambling,40.95,2026-05-18 09:35:34,0
T107202,U10199,M1003,crypto,13.9,2026-05-18 09:51:09,0
T104251,U10275,M1003,crypto,10.41,2026-05-18 10:22:16,0
T106993,U10189,M1059,restaurant,28.37,2026-05-18 10:46:37,0
T107315,U10293,M1054,crypto,47.77,2026-05-18 10:47:14,0
T104188,U10068,M1011,pharmacy,18.47,2026-05-18 11:05:16,0
T105840,U10263,M1027,fashion,8.35,2026-05-18 11:09:36,0
T107590,U10291,M1009,grocery,87.71,2026-05-18 11:12:01,0
T101884,U10291,M1010,gambling,36.93,2026-05-18 11:27:50,0
T104390,U10013,M1039,restaurant,53.51,2026-05-18 12:13:11,0
T102182,U10114,M1053,crypto,16.01,2026-05-18 12:50:06,0
T103540,U10271,M1028,gambling,10.59,2026-05-18 13:22:54,0
T100313,U10034,M1044,grocery,64.77,2026-05-18 13:39:28,0
T107383,U10095,M1054,crypto,58.57,2026-05-18 13:49:13,0
T104272,U10155,M1037,fashion,103.37,2026-05-18 14:06:37,0
T102084,U10198,M1049,utilities,89.0,2026-05-18 14:12:50,0
T104069,U10257,M1056,gambling,34.22,2026-05-18 14:17:02,0
T106452,U10132,M1024,utilities,220.02,2026-05-18 14:30:29,1
T102688,U10052,M1040,electronics,21.49,2026-05-18 14:48:16,0
T104157,U10067,M1036,fashion,21.73,2026-05-18 14:58:34,0
T105613,U10211,M1036,fashion,9.37,2026-05-18 15:03:21,0
T106724,U10295,M1048,restaurant,12.15,2026-05-18 15:23:32,0
T103552,U10250,M1008,travel,11.8,2026-05-18 15:37:50,0
T106226,U10200,M1033,gambling,23.66,2026-05-18 15:50:23,0
T104587,U10295,M1006,grocery,65.42,2026-05-18 16:24:09,0
T103001,U10108,M1051,electronics,122.48,2026-05-18 16:34:14,0
T106679,U10052,M1054,crypto,8.31,2026-05-18 17:37:43,0
T103763,U10069,M1021,gaming,40.87,2026-05-18 17:57:01,1
T106537,U10299,M1053,crypto,60.57,2026-05-18 18:03:54,0
T104111,U10067,M1015,utilities,11.48,2026-05-18 19:09:22,0
T102075,U10053,M1000,grocery,11.04,2026-05-18 19:10:50,0
T106393,U10102,M1023,pharmacy,291.83,2026-05-18 19:31:08,0
T101635,U10285,M1045,pharmacy,15.22,2026-05-18 19:38:36,0
T107612,U10056,M1009,grocery,40.99,2026-05-18 19:42:29,0
T106610,U10252,M1001,utilities,29.38,2026-05-18 19:43:40,0
T101691,U10113,M1024,utilities,88.36,2026-05-18 19:50:02,0
T104085,U10219,M1010,gambling,30.25,2026-05-18 19:56:03,0
T103198,U10001,M1053,crypto,19.71,2026-05-18 20:03:39,0
T106033,U10127,M1036,fashion,228.93,2026-05-18 20:41:40,0
T103258,U10018,M1050,utilities,45.66,2026-05-18 20:50:13,0
T100326,U10118,M1044,grocery,38.07,2026-05-18 21:31:04,0
T100956,U10132,M1041,utilities,31.51,2026-05-18 21:43:51,0
T100185,U10154,M1024,utilities,260.58,2026-05-18 22:31:30,0
T105856,U10109,M1045,pharmacy,203.58,2026-05-18 23:28:51,0
T106687,U10046,M1009,grocery,42.82,2026-05-19 00:51:59,0
T100332,U10053,M1009,grocery,62.4,2026-05-19 01:36:25,0
T103210,U10299,M1046,crypto,47.41,2026-05-19 01:39:27,0
T107634,U10136,M1054,crypto,56.48,2026-05-19 01:58:08,0
T105377,U10272,M1020,gambling,34.74,2026-05-19 02:13:04,0
T102120,U10293,M1053,crypto,21.39,2026-05-19 02:34:19,0
T100148,U10216,M1032,grocery,15.6,2026-05-19 02:42:44,0
T107977,U10292,M1054,crypto,65.33,2026-05-19 02:53:50,0
T100501,U10251,M1055,grocery,3.17,2026-05-19 03:23:44,0
T103564,U10201,M1014,utilities,36.95,2026-05-19 04:19:06,0
T105015,U10074,M1011,pharmacy,39.1,2026-05-19 04:31:12,0
T104988,U10087,M1056,gambling,22.2,2026-05-19 04:34:30,0
T102025,U10091,M1047,fashion,92.34,2026-05-19 04:46:22,0
T100524,U10095,M1050,utilities,59.66,2026-05-19 05:08:02,0
T104636,U10215,M1024,utilities,8.09,2026-05-19 05:39:51,0
T102455,U10074,M1057,electronics,68.23,2026-05-19 05:58:54,0
T100641,U10038,M1050,utilities,22.88,2026-05-19 06:14:14,0
T102956,U10235,M1056,gambling,32.66,2026-05-19 06:38:02,0
T105972,U10003,M1017,electronics,20.34,2026-05-19 06:57:01,0
T107364,U10098,M1041,utilities,47.33,2026-05-19 07:08:28,0
T102502,U10058,M1044,grocery,43.63,2026-05-19 07:28:36,0
T104766,U10002,M1005,fashion,19.73,2026-05-19 07:48:05,0
T105927,U10178,M1005,fashion,77.16,2026-05-19 08:19:04,0
T101317,U10068,M1057,electronics,26.27,2026-05-19 08:36:21,0
T105368,U10046,M1049,utilities,35.19,2026-05-19 09:26:32,0
T104706,U10109,M1000,grocery,1050.51,2026-05-19 09:59:09,1
T107506,U10014,M1013,utilities,16.93,2026-05-19 10:00:15,0
T107313,U10164,M1055,grocery,11.72,2026-05-19 10:08:43,0
T103291,U10286,M1057,electronics,36.5,2026-05-19 10:12:25,0
T105049,U10106,M1002,restaurant,107.91,2026-05-19 10:15:02,0
T102804,U10004,M1034,fashion,73.91,2026-05-19 10:23:49,0
T100632,U10141,M1039,restaurant,64.6,2026-05-19 10:32:28,0
T105998,U10128,M1053,crypto,30.6,2026-05-19 10:36:51,0
T104590,U10200,M1025,restaurant,40.22,2026-05-19 10:37:31,0
T105071,U10194,M1017,electronics,53.06,2026-05-19 10:44:08,0
T103332,U10021,M1031,travel,52.01,2026-05-19 10:44:56,0
T100434,U10084,M1051,electronics,15.72,2026-05-19 11:13:34,0
T100279,U10184,M1055,grocery,39.88,2026-05-19 11:21:16,0
T101807,U10246,M1000,grocery,18.1,2026-05-19 11:40:20,0
T101702,U10193,M1040,electronics,27.89,2026-05-19 12:01:00,0
T104684,U10260,M1010,gambling,28.12,2026-05-19 12:13:35,0
T100195,U10135,M1020,gambling,16.87,2026-05-19 12:25:11,0
T104645,U10164,M1015,utilities,36.79,2026-05-19 12:33:22,0
T106710,U10294,M1002,restaurant,78.81,2026-05-19 12:35:20,0
T103699,U10235,M1045,pharmacy,15.83,2026-05-19 12:45:26,0
T106698,U10247,M1005,fashion,27.54,2026-05-19 13:53:15,0
T107447,U10023,M1006,grocery,27.87,2026-05-19 14:02:28,0
T101500,U10006,M1033,gambling,38.03,2026-05-19 14:50:50,0
T102746,U10227,M1015,utilities,11.28,2026-05-19 16:08:26,0
T102113,U10205,M1014,utilities,70.14,2026-05-19 16:29:43,0
T103847,U10215,M1032,grocery,12.41,2026-05-19 16:34:09,0
T100033,U10174,M1029,crypto,9.65,2026-05-19 17:50:50,0
T107468,U10012,M1049,utilities,42.89,2026-05-19 18:10:23,0
T105342,U10178,M1016,gambling,11.82,2026-05-19 18:21:21,0
T103880,U10278,M1015,utilities,24.99,2026-05-19 18:45:50,0
T105670,U10263,M1028,gambling,8.44,2026-05-19 18:52:39,0
T103864,U10216,M1029,crypto,28.05,2026-05-19 19:28:50,0
T102677,U10254,M1016,gambling,22.97,2026-05-19 19:34:14,0
T103617,U10150,M1027,fashion,93.3,2026-05-19 19:40:25,0
T106653,U10008,M1043,gaming,28.71,2026-05-19 20:09:38,0
T102361,U10071,M1012,utilities,88.31,2026-05-19 20:22:48,0
T100983,U10051,M1023,pharmacy,23.44,2026-05-19 22:03:09,0
T103838,U10129,M1055,grocery,12.46,2026-05-19 22:44:23,0
T103283,U10230,M1011,pharmacy,18.1,2026-05-19 22:47:46,0
T105999,U10264,M1020,gambling,54.32,2026-05-19 23:06:46,0
T107589,U10160,M1042,utilities,56.07,2026-05-19 23:08:35,0
T106748,U10121,M1025,restaurant,16.76,2026-05-19 23:47:02,0
T105854,U10048,M1043,gaming,34.73,2026-05-19 23:50:33,0
T102953,U10236,M1013,utilities,36.52,2026-05-20 00:18:25,0
T102301,U10097,M1001,utilities,21.16,2026-05-20 00:19:25,0
T101548,U10295,M1052,gaming,60.09,2026-05-20 00:49:01,0
T101120,U10032,M1030,crypto,73.92,2026-05-20 01:07:48,0
T106151,U10101,M1045,pharmacy,64.46,2026-05-20 01:58:54,0
T106842,U10100,M1024,utilities,48.71,2026-05-20 02:01:15,0
T100045,U10127,M1048,restaurant,204.99,2026-05-20 02:09:23,0
T101209,U10255,M1022,electronics,29.07,2026-05-20 02:29:52,0
T102304,U10210,M1029,crypto,58.8,2026-05-20 02:31:51,0
T106375,U10162,M1007,restaurant,36.11,2026-05-20 02:42:13,0
T107892,U10277,M1052,gaming,28.57,2026-05-20 02:56:00,0
T105855,U10183,M1023,pharmacy,30.41,2026-05-20 03:22:12,0
T102662,U10176,M1033,gambling,15.09,2026-05-20 03:43:31,0
T105933,U10107,M1017,electronics,63.03,2026-05-20 04:00:36,0
T105293,U10166,M1002,restaurant,34.56,2026-05-20 04:29:08,0
T102674,U10225,M1013,utilities,379.85,2026-05-20 04:30:19,0
T107441,U10213,M1042,utilities,16.61,2026-05-20 04:47:31,0
T101950,U10132,M1026,crypto,61.1,2026-05-20 06:11:41,0
T107412,U10068,M1005,fashion,42.57,2026-05-20 06:48:17,0
T104614,U10111,M1008,travel,13.01,2026-05-20 07:00:18,0
T103345,U10180,M1030,crypto,26.02,2026-05-20 07:56:54,0
T106020,U10187,M1010,gambling,61.67,2026-05-20 08:32:52,0
T105601,U10173,M1045,pharmacy,23.73,2026-05-20 09:17:27,0
T104170,U10189,M1013,utilities,11.69,2026-05-20 09:20:42,0
T100105,U10190,M1017,electronics,35.13,2026-05-20 10:00:06,0
T107799,U10081,M1023,pharmacy,27.14,2026-05-20 10:04:29,0
T105904,U10077,M1042,utilities,29.25,2026-05-20 10:13:00,0
T102975,U10119,M1002,restaurant,45.51,2026-05-20 10:18:21,0
T107082,U10280,M1035,grocery,44.31,2026-05-20 10:37:14,0
T107569,U10142,M1052,gaming,25.91,2026-05-20 10:55:25,0
T107464,U10193,M1021,gaming,53.02,2026-05-20 11:20:50,0
T101904,U10237,M1040,electronics,80.61,2026-05-20 11:29:38,0
T100498,U10049,M1006,grocery,93.71,2026-05-20 11:30:04,1
T104832,U10017,M1053,crypto,28.26,2026-05-20 11:38:02,0
T104558,U10159,M1035,grocery,176.37,2026-05-20 11:53:30,0
T105535,U10061,M1049,utilities,38.86,2026-05-20 12:25:12,0
T101133,U10162,M1034,fashion,14.38,2026-05-20 12:28:31,0
T100911,U10292,M1011,pharmacy,44.39,2026-05-20 12:49:17,0
T107348,U10144,M1053,crypto,27.63,2026-05-20 13:03:45,0
T107108,U10076,M1008,travel,42.81,2026-05-20 13:06:22,0
T106307,U10210,M1004,crypto,29.52,2026-05-20 13:10:53,0
T102438,U10016,M1050,utilities,55.51,2026-05-20 13:11:35,0
T105131,U10243,M1015,utilities,114.34,2026-05-20 13:24:21,0
T103436,U10191,M1002,restaurant,15.56,2026-05-20 13:53:27,0
T104350,U10066,M1055,grocery,13.0,2026-05-20 14:07:43,0
T107607,U10032,M1002,restaurant,12.79,2026-05-20 14:16:34,0
T101208,U10209,M1020,gambling,41.27,2026-05-20 15:10:03,0
T104450,U10218,M1024,utilities,1395.2,2026-05-20 15:31:29,1
T106237,U10166,M1005,fashion,86.26,2026-05-20 15:37:33,1
T107912,U10276,M1006,grocery,10.15,2026-05-20 15:53:49,0
T101398,U10124,M1041,utilities,31.64,2026-05-20 15:59:22,0
T107167,U10256,M1059,restaurant,121.79,2026-05-20 16:37:04,0
T100713,U10247,M1058,utilities,6.31,2026-05-20 17:01:40,0
T104010,U10208,M1007,restaurant,14.73,2026-05-20 17:02:29,0
T103382,U10149,M1047,fashion,72.15,2026-05-20 17:25:12,0
T105703,U10271,M1043,gaming,5.04,2026-05-20 17:50:11,0
T103106,U10141,M1033,gambling,51.13,2026-05-20 18:59:29,0
T107947,U10051,M1049,utilities,21.87,2026-05-20 19:13:50,0
T103362,U10171,M1058,utilities,110.08,2026-05-20 19:15:32,0
T104402,U10232,M1043,gaming,61.42,2026-05-20 20:11:04,0
T101915,U10163,M1030,crypto,54.45,2026-05-20 20:28:19,0
T106351,U10192,M1028,gambling,64.88,2026-05-20 20:42:20,0
T104884,U10100,M1034,fashion,64.27,2026-05-20 21:00:31,0
T104031,U10210,M1001,utilities,199.64,2026-05-20 21:20:20,0
T106092,U10271,M1032,grocery,13.64,2026-05-20 21:29:04,0
T104057,U10294,M1052,gaming,75.19,2026-05-20 21:38:02,0
T105413,U10188,M1003,crypto,10.12,2026-05-20 22:14:05,0
T102308,U10040,M1036,fashion,8.08,2026-05-20 22:59:18,0
T101210,U10283,M1013,utilities,33.1,2026-05-20 23:32:13,0
T100062,U10164,M1047,fashion,27.44,2026-05-21 00:01:06,0
T106609,U10270,M1015,utilities,90.03,2026-05-21 00:15:18,0
T100318,U10111,M1024,utilities,32.59,2026-05-21 00:16:57,0
T102921,U10210,M1007,restaurant,43.61,2026-05-21 00:34:29,0
T101228,U10004,M1018,fashion,18.5,2026-05-21 00:49:03,0
T102287,U10146,M1053,crypto,126.44,2026-05-21 00:50:23,0
T104881,U10218,M1032,grocery,49.41,2026-05-21 01:09:08,0
T106865,U10019,M1004,crypto,19.96,2026-05-21 01:52:05,0
T101801,U10064,M1022,electronics,20.44,2026-05-21 02:37:56,0
T107981,U10068,M1042,utilities,29.32,2026-05-21 02:47:32,0
T100537,U10017,M1001,utilities,29.57,2026-05-21 03:09:10,0
T103144,U10119,M1038,travel,47.46,2026-05-21 04:48:06,0
T104637,U10042,M1036,fashion,39.51,2026-05-21 04:53:16,0
T101106,U10160,M1023,pharmacy,58.88,2026-05-21 05:05:10,0
T104660,U10294,M1037,fashion,29.04,2026-05-21 05:36:57,0
T103179,U10184,M1028,gambling,45.1,2026-05-21 05:47:16,0
T105040,U10065,M1010,gambling,10.99,2026-05-21 05:49:11,0
T100445,U10224,M1045,pharmacy,34.69,2026-05-21 06:05:29,0
T101850,U10281,M1007,restaurant,47.03,2026-05-21 06:07:33,0
T107749,U10127,M1034,fashion,66.67,2026-05-21 06:07:38,0
T106543,U10112,M1046,crypto,13.07,2026-05-21 06:35:25,0
T100885,U10049,M1006,grocery,82.97,2026-05-21 06:47:10,0
T104802,U10186,M1002,restaurant,24.24,2026-05-21 07:00:12,0
T100112,U10097,M1047,fashion,8.95,2026-05-21 07:42:54,0
T101868,U10055,M1040,electronics,57.71,2026-05-21 07:47:07,0
T100900,U10108,M1026,crypto,85.06,2026-05-21 08:04:31,0
T101444,U10016,M1015,utilities,40.12,2026-05-21 08:13:02,0
T103603,U10214,M1040,electronics,118.91,2026-05-21 08:19:31,0
T100192,U10197,M1028,gambling,191.19,2026-05-21 08:39:09,0
T104270,U10039,M1038,travel,52.2,2026-05-21 08:40:09,0
T103934,U10008,M1033,gambling,83.89,2026-05-21 08:41:36,0
T106751,U10098,M1059,restaurant,15.04,2026-05-21 08:57:26,0
T107378,U10073,M1049,utilities,53.24,2026-05-21 09:25:19,0
T106998,U10297,M1021,gaming,59.18,2026-05-21 09:28:08,0
T105971,U10031,M1013,utilities,40.23,2026-05-21 09:47:59,0
T102649,U10266,M1001,utilities,51.4,2026-05-21 09:59:14,0
T105154,U10296,M1023,pharmacy,42.25,2026-05-21 10:41:51,0
T104899,U10091,M1008,travel,23.66,2026-05-21 10:42:18,0
T101186,U10000,M1046,crypto,188.58,2026-05-21 11:00:37,1
T101707,U10284,M1005,fashion,61.62,2026-05-21 12:06:48,0
T102254,U10208,M1011,pharmacy,44.92,2026-05-21 12:18:50,0
T106389,U10115,M1035,grocery,44.31,2026-05-21 12:27:39,1
T105928,U10093,M1026,crypto,55.66,2026-05-21 12:37:27,0
T107365,U10224,M1010,gambling,53.3,2026-05-21 12:47:21,0
T100526,U10264,M1010,gambling,39.22,2026-05-21 12:48:44,0
T102173,U10155,M1039,restaurant,39.63,2026-05-21 13:08:45,0
T106185,U10172,M1010,gambling,41.87,2026-05-21 14:04:31,0
T102481,U10219,M1015,utilities,7.33,2026-05-21 14:18:04,0
T107741,U10038,M1026,crypto,37.71,2026-05-21 14:25:23,0
T103892,U10014,M1023,pharmacy,61.15,2026-05-21 14:26:01,0
T101660,U10138,M1036,fashion,43.73,2026-05-21 14:33:24,0
T100273,U10212,M1012,utilities,56.41,2026-05-21 14:45:18,0
T107097,U10064,M1055,grocery,11.36,2026-05-21 14:51:03,0
T100228,U10020,M1050,utilities,86.38,2026-05-21 15:24:52,0
T104540,U10120,M1048,restaurant,23.81,2026-05-21 15:47:52,0
T107160,U10024,M1051,electronics,23.32,2026-05-21 16:07:29,0
T107228,U10216,M1011,pharmacy,9.14,2026-05-21 16:13:25,0
T107153,U10183,M1006,grocery,39.56,2026-05-21 16:45:56,0
T101383,U10201,M1031,travel,79.74,2026-05-21 17:18:45,0
T100746,U10185,M1046,crypto,42.14,2026-05-21 17:34:56,0
T103966,U10141,M1041,utilities,38.18,2026-05-21 17:37:20,0
T105677,U10062,M1042,utilities,17.61,2026-05-21 17:50:15,0
T102592,U10213,M1016,gambling,14.66,2026-05-21 18:14:50,0
T106696,U10253,M1039,restaurant,51.79,2026-05-21 18:33:01,0
T102263,U10078,M1027,fashion,39.86,2026-05-21 18:35:57,0
T105042,U10073,M1031,travel,49.87,2026-05-21 18:59:46,0
T106717,U10109,M1057,electronics,119.39,2026-05-21 19:45:57,0
T104852,U10182,M1034,fashion,58.43,2026-05-21 20:20:52,0
T107933,U10235,M1037,fashion,100.9,2026-05-21 20:41:47,0
T102052,U10173,M1056,gambling,94.47,2026-05-21 20:48:11,0
T107546,U10290,M1021,gaming,67.49,2026-05-21 20:52:34,0
T103798,U10282,M1047,fashion,53.13,2026-05-21 21:08:26,0
T103288,U10023,M1009,grocery,22.15,2026-05-21 21:10:58,0
T104298,U10000,M1017,electronics,152.84,2026-05-21 21:20:28,1
T106963,U10057,M1045,pharmacy,43.7,2026-05-21 21:23:24,0
T103192,U10208,M1012,utilities,16.13,2026-05-21 21:32:01,0
T106625,U10007,M1015,utilities,73.09,2026-05-21 22:22:07,0
T101240,U10062,M1038,travel,15.36,2026-05-21 23:10:35,0
T107603,U10292,M1004,crypto,61.6,2026-05-21 23:19:57,0
T104168,U10286,M1014,utilities,51.78,2026-05-21 23:33:26,0
T102732,U10288,M1024,utilities,139.16,2026-05-21 23:59:27,0
T105115,U10126,M1009,grocery,41.45,2026-05-22 00:18:20,0
T102448,U10229,M1038,travel,20.12,2026-05-22 00:26:32,0
T100111,U10035,M1058,utilities,114.65,2026-05-22 00:35:29,0
T102494,U10230,M1051,electronics,36.12,2026-05-22 00:37:26,0
T105054,U10162,M1023,pharmacy,53.16,2026-05-22 00:38:10,0
T101269,U10007,M1036,fashion,30.53,2026-05-22 00:52:01,0
T106872,U10047,M1013,utilities,122.44,2026-05-22 01:14:46,0
T105544,U10289,M1013,utilities,19.5,2026-05-22 01:40:59,0
T103993,U10294,M1054,crypto,64.29,2026-05-22 02:24:50,0
T100832,U10245,M1013,utilities,23.32,2026-05-22 03:48:08,0
T107475,U10146,M1009,grocery,129.43,2026-05-22 03:48:24,0
T102320,U10031,M1059,restaurant,30.51,2026-05-22 03:59:11,0
T103815,U10202,M1037,fashion,35.15,2026-05-22 05:27:29,0
T100891,U10039,M1035,grocery,20.97,2026-05-22 05:45:04,0
T103006,U10261,M1056,gambling,57.46,2026-05-22 05:49:43,0
T103509,U10225,M1031,travel,71.44,2026-05-22 05:53:36,0
T104030,U10027,M1014,utilities,29.54,2026-05-22 05:53:46,0
T104409,U10167,M1058,utilities,92.0,2026-05-22 06:36:45,0
T102405,U10064,M1026,crypto,7.26,2026-05-22 06:38:33,0
T102088,U10149,M1050,utilities,51.87,2026-05-22 06:46:33,0
T104664,U10286,M1014,utilities,30.05,2026-05-22 07:00:08,0
T101173,U10045,M1011,pharmacy,38.07,2026-05-22 08:25:09,0
T104908,U10068,M1046,crypto,57.31,2026-05-22 08:34:40,0
T106361,U10149,M1045,pharmacy,58.29,2026-05-22 08:54:12,0
T101188,U10244,M1016,gambling,139.17,2026-05-22 08:57:46,0
T103591,U10181,M1002,restaurant,91.17,2026-05-22 09:03:59,0
T105860,U10057,M1040,electronics,49.65,2026-05-22 09:13:38,0
T101737,U10189,M1008,travel,32.59,2026-05-22 09:21:30,0
T105562,U10033,M1023,pharmacy,51.05,2026-05-22 09:53:00,0
T106580,U10040,M1033,gambling,34.62,2026-05-22 10:08:46,0
T105163,U10067,M1038,travel,16.12,2026-05-22 10:32:49,0
T104708,U10243,M1058,utilities,112.46,2026-05-22 10:35:32,0
T106568,U10267,M1018,fashion,9.39,2026-05-22 11:01:06,0
T102414,U10298,M1016,gambling,8.29,2026-05-22 11:07:29,0
T102311,U10280,M1006,grocery,54.91,2026-05-22 11:20:52,0
T104469,U10110,M1059,restaurant,81.85,2026-05-22 11:21:23,0
T101982,U10041,M1054,crypto,8.47,2026-05-22 11:36:24,0
T103402,U10089,M1017,electronics,28.71,2026-05-22 11:51:54,0
T107673,U10040,M1024,utilities,4.51,2026-05-22 13:06:53,0
T106864,U10233,M1011,pharmacy,11.89,2026-05-22 13:07:59,0
T104964,U10068,M1044,grocery,72.69,2026-05-22 13:11:04,0
T103054,U10016,M1012,utilities,58.87,2026-05-22 13:11:28,0
T100804,U10138,M1054,crypto,47.81,2026-05-22 13:22:31,0
T101798,U10279,M1043,gaming,210.34,2026-05-22 14:06:28,0
T103657,U10254,M1025,restaurant,12.34,2026-05-22 14:06:56,0
T103672,U10229,M1011,pharmacy,40.72,2026-05-22 14:09:15,0
T107806,U10114,M1035,grocery,12.13,2026-05-22 14:09:54,0
T101234,U10164,M1015,utilities,9.36,2026-05-22 14:26:45,0
T106648,U10049,M1023,pharmacy,23.26,2026-05-22 14:41:30,0
T100846,U10139,M1028,gambling,18.7,2026-05-22 15:04:03,0
T106223,U10118,M1014,utilities,119.69,2026-05-22 15:43:04,0
T101520,U10028,M1023,pharmacy,20.3,2026-05-22 15:50:14,0
T103747,U10042,M1058,utilities,19.04,2026-05-22 15:55:01,0
T106391,U10182,M1037,fashion,39.02,2026-05-22 16:37:44,0
T101032,U10298,M1046,crypto,25.53,2026-05-22 17:11:45,0
T107155,U10150,M1021,gaming,121.14,2026-05-22 17:20:26,0
T101676,U10278,M1051,electronics,32.45,2026-05-22 18:04:47,0
T100625,U10005,M1026,crypto,67.14,2026-05-22 18:07:21,0
T101960,U10160,M1019,crypto,200.73,2026-05-22 18:34:30,0
T106654,U10150,M1039,restaurant,63.02,2026-05-22 18:51:22,0
T106761,U10014,M1004,crypto,639.2,2026-05-22 19:02:54,0
T104395,U10269,M1034,fashion,20.84,2026-05-22 19:09:37,0
T100823,U10198,M1058,utilities,32.22,2026-05-22 19:10:47,0
T103581,U10244,M1017,electronics,75.37,2026-05-22 20:04:29,0
T101458,U10035,M1029,crypto,54.44,2026-05-22 21:13:21,0
T102394,U10162,M1059,restaurant,192.22,2026-05-22 21:27:16,1
T100323,U10249,M1053,crypto,39.94,2026-05-22 21:29:35,0
T101976,U10123,M1025,restaurant,42.04,2026-05-22 21:41:47,0
T101910,U10206,M1008,travel,15.32,2026-05-22 22:12:27,0
T101609,U10264,M1021,gaming,16.81,2026-05-22 22:20:04,0
T101313,U10298,M1006,grocery,10.1,2026-05-22 22:31:09,0
T104058,U10264,M1023,pharmacy,48.42,2026-05-22 22:35:40,0
T104617,U10284,M1002,restaurant,13.45,2026-05-22 23:05:49,0
T103120,U10113,M1051,electronics,49.89,2026-05-23 00:10:24,0
T106140,U10232,M1036,fashion,32.13,2026-05-23 00:10:48,0
T101841,U10104,M1027,fashion,282.28,2026-05-23 00:34:12,0
T106730,U10129,M1035,grocery,27.66,2026-05-23 00:37:46,0
T104165,U10015,M1026,crypto,53.37,2026-05-23 00:48:24,0
T105026,U10249,M1037,fashion,68.84,2026-05-23 01:08:31,0
T102160,U10221,M1055,grocery,67.71,2026-05-23 01:12:01,0
T102244,U10283,M1008,travel,21.93,2026-05-23 01:21:06,0
T105174,U10291,M1027,fashion,59.66,2026-05-23 01:28:33,0
T103112,U10289,M1038,travel,30.78,2026-05-23 02:00:58,0
T105734,U10202,M1005,fashion,12.01,2026-05-23 02:14:08,0
T104669,U10224,M1032,grocery,13.6,2026-05-23 02:26:15,0
T100850,U10129,M1007,restaurant,7.61,2026-05-23 02:45:42,0
T100709,U10238,M1054,crypto,33.62,2026-05-23 03:01:41,0
T100178,U10102,M1057,electronics,55.41,2026-05-23 03:43:03,0
T100270,U10036,M1054,crypto,39.97,2026-05-23 04:33:51,0
T100731,U10185,M1034,fashion,25.73,2026-05-23 04:54:13,0
T103683,U10159,M1046,crypto,73.4,2026-05-23 05:02:39,0
T106366,U10143,M1001,utilities,4.0,2026-05-23 05:07:08,0
T105643,U10102,M1054,crypto,33.48,2026-05-23 05:26:50,0
T105249,U10272,M1043,gaming,30.1,2026-05-23 05:27:14,0
T104224,U10256,M1035,grocery,29.26,2026-05-23 05:49:55,0
T105385,U10027,M1035,grocery,38.3,2026-05-23 05:52:00,0
T100086,U10084,M1029,crypto,34.27,2026-05-23 06:42:13,0
T101638,U10090,M1011,pharmacy,23.27,2026-05-23 06:57:10,0
T106463,U10068,M1044,grocery,126.61,2026-05-23 06:57:27,0
T102476,U10186,M1055,grocery,36.55,2026-05-23 07:02:34,1
T100600,U10010,M1012,utilities,43.79,2026-05-23 08:02:29,0
T104592,U10253,M1044,grocery,33.61,2026-05-23 08:18:43,0
T103524,U10087,M1056,gambling,70.35,2026-05-23 09:03:19,0
T100021,U10184,M1018,fashion,25.35,2026-05-23 09:30:31,0
T106892,U10193,M1007,restaurant,31.71,2026-05-23 09:49:57,0
T106349,U10192,M1051,electronics,107.19,2026-05-23 10:03:23,0
T107637,U10207,M1056,gambling,19.73,2026-05-23 10:23:57,0
T106346,U10114,M1035,grocery,14.65,2026-05-23 10:50:29,0
T104825,U10229,M1048,restaurant,41.75,2026-05-23 10:54:30,0
T104522,U10222,M1010,gambling,53.65,2026-05-23 10:58:23,0
T103738,U10144,M1029,crypto,24.67,2026-05-23 11:31:49,0
T105110,U10178,M1029,crypto,19.0,2026-05-23 11:36:42,0
T101722,U10051,M1033,gambling,43.06,2026-05-23 12:35:27,0
T103515,U10179,M1014,utilities,42.51,2026-05-23 13:15:33,0
T101258,U10107,M1032,grocery,59.0,2026-05-23 13:41:56,0
T105366,U10137,M1035,grocery,11.29,2026-05-23 15:01:24,0
T107722,U10025,M1008,travel,9.91,2026-05-23 15:33:29,0
T104099,U10226,M1032,grocery,72.02,2026-05-23 16:58:39,0
T102923,U10169,M1036,fashion,33.55,2026-05-23 17:33:54,0
T107409,U10224,M1046,crypto,67.46,2026-05-23 18:24:14,0
T101518,U10088,M1003,crypto,53.32,2026-05-23 18:25:06,0
T104106,U10241,M1019,crypto,25.19,2026-05-23 18:35:11,0
T107325,U10007,M1030,crypto,47.51,2026-05-23 18:53:27,0
T103471,U10161,M1003,crypto,62.55,2026-05-23 19:33:14,0
T100407,U10139,M1011,pharmacy,33.09,2026-05-23 20:01:08,0
T105455,U10212,M1055,grocery,10.21,2026-05-23 20:21:55,0
T105988,U10009,M1030,crypto,39.55,2026-05-23 21:03:38,0
T100893,U10003,M1022,electronics,38.4,2026-05-23 21:26:29,0
T107700,U10193,M1016,gambling,9.63,2026-05-23 21:33:24,0
T106972,U10012,M1023,pharmacy,12.33,2026-05-23 21:40:37,0
T107624,U10108,M1017,electronics,113.04,2026-05-23 21:45:57,0
T101042,U10276,M1036,fashion,24.42,2026-05-23 21:55:54,0
T100097,U10056,M1038,travel,18.69,2026-05-23 22:21:49,0
T104810,U10018,M1016,gambling,87.43,2026-05-23 22:25:01,0
T104356,U10241,M1023,pharmacy,23.72,2026-05-23 22:25:43,0
T104055,U10093,M1039,restaurant,397.37,2026-05-23 22:28:04,0
T100675,U10077,M1033,gambling,39.95,2026-05-23 22:50:20,0
T100831,U10256,M1029,crypto,24.42,2026-05-23 22:59:18,0
T101039,U10199,M1027,fashion,6.51,2026-05-23 22:59:26,0
T102062,U10027,M1038,travel,46.02,2026-05-23 23:46:39,0
T101436,U10050,M1001,utilities,86.06,2026-05-24 00:00:23,0
T107797,U10296,M1006,grocery,41.26,2026-05-24 00:05:14,0
T103846,U10007,M1059,restaurant,12.45,2026-05-24 00:18:24,0
T103708,U10142,M1018,fashion,71.4,2026-05-24 00:18:57,0
T105103,U10116,M1041,utilities,34.32,2026-05-24 00:24:32,0
T105967,U10240,M1018,fashion,16.62,2026-05-24 01:33:58,0
T107692,U10104,M1001,utilities,20.42,2026-05-24 01:36:44,0
T100349,U10142,M1033,gambling,31.21,2026-05-24 01:49:10,0
T100691,U10178,M1037,fashion,38.02,2026-05-24 01:52:41,0
T106899,U10026,M1022,electronics,38.51,2026-05-24 02:34:34,0
T102391,U10022,M1046,crypto,15.64,2026-05-24 03:07:51,0
T106987,U10104,M1053,crypto,25.74,2026-05-24 03:55:50,0
T107975,U10055,M1040,electronics,43.86,2026-05-24 04:22:33,0
T104819,U10271,M1046,crypto,19.35,2026-05-24 04:54:22,0
T107136,U10151,M1015,utilities,27.74,2026-05-24 05:29:03,0
T105445,U10055,M1004,crypto,39.09,2026-05-24 06:23:43,0
T104485,U10284,M1037,fashion,41.77,2026-05-24 06:24:42,0
T104621,U10073,M1055,grocery,114.24,2026-05-24 06:28:51,0
T103542,U10136,M1055,grocery,65.21,2026-05-24 06:29:34,0
T107536,U10064,M1038,travel,29.2,2026-05-24 06:54:37,0
T105469,U10106,M1050,utilities,44.16,2026-05-24 07:45:06,0
T107144,U10004,M1049,utilities,77.9,2026-05-24 09:25:35,0
T100159,U10176,M1029,crypto,27.68,2026-05-24 09:28:40,0
T103531,U10126,M1054,crypto,50.54,2026-05-24 10:17:42,0
T100513,U10206,M1029,crypto,9.76,2026-05-24 12:05:00,0
T100685,U10049,M1040,electronics,30.45,2026-05-24 12:15:28,0
T103839,U10253,M1012,utilities,39.59,2026-05-24 13:45:00,0
T101653,U10114,M1030,crypto,21.35,2026-05-24 14:03:44,0
T102940,U10075,M1014,utilities,21.94,2026-05-24 14:12:30,0
T106281,U10180,M1048,restaurant,75.01,2026-05-24 14:19:58,0
T102144,U10028,M1007,restaurant,22.3,2026-05-24 14:24:37,0
T103625,U10024,M1020,gambling,34.08,2026-05-24 15:29:38,1
T106922,U10278,M1025,restaurant,24.69,2026-05-24 15:40:05,0
T104855,U10167,M1052,gaming,35.34,2026-05-24 15:48:10,0
T101336,U10058,M1052,gaming,73.11,2026-05-24 15:50:03,0
T106492,U10017,M1028,gambling,23.38,2026-05-24 16:00:21,0
T105965,U10218,M1055,grocery,536.49,2026-05-24 16:05:23,0
T100744,U10277,M1039,restaurant,70.8,2026-05-24 16:33:28,0
T106615,U10181,M1027,fashion,70.14,2026-05-24 16:43:06,0
T107450,U10044,M1010,gambling,57.73,2026-05-24 16:47:40,0
T105919,U10090,M1035,grocery,27.46,2026-05-24 17:19:07,0
T101634,U10165,M1047,fashion,30.18,2026-05-24 17:29:56,0
T103060,U10283,M1056,gambling,129.84,2026-05-24 18:01:09,0
T107386,U10281,M1048,restaurant,27.19,2026-05-24 19:06:16,0
T100220,U10006,M1050,utilities,43.77,2026-05-24 19:19:47,0
T100384,U10274,M1024,utilities,17.17,2026-05-24 19:56:59,0
T104866,U10276,M1042,utilities,28.63,2026-05-24 20:25:19,0
T105495,U10076,M1039,restaurant,35.96,2026-05-24 21:22:28,0
T107166,U10089,M1010,gambling,21.12,2026-05-24 22:11:56,0
T100240,U10080,M1055,grocery,171.69,2026-05-24 22:32:54,0
T107250,U10280,M1038,travel,59.16,2026-05-24 23:02:16,0
T100749,U10297,M1026,crypto,27.79,2026-05-24 23:29:34,0
T101250,U10221,M1029,crypto,23.87,2026-05-24 23:39:15,0
T100605,U10143,M1011,pharmacy,18.26,2026-05-24 23:45:22,0
T101214,U10148,M1041,utilities,55.42,2026-05-24 23:50:25,0
T102786,U10206,M1027,fashion,18.5,2026-05-24 23:52:37,0
T100206,U10185,M1040,electronics,41.4,2026-05-25 00:42:45,0
T104616,U10213,M1051,electronics,61.58,2026-05-25 00:47:34,0
T106920,U10278,M1004,crypto,39.81,2026-05-25 01:32:37,0
T100034,U10002,M1020,gambling,504.15,2026-05-25 02:13:04,1
T104282,U10005,M1022,electronics,100.27,2026-05-25 02:16:08,0
T105857,U10028,M1053,crypto,19.39,2026-05-25 02:41:40,0
T107894,U10188,M1034,fashion,18.72,2026-05-25 03:22:40,0
T101454,U10097,M1015,utilities,8.5,2026-05-25 03:32:55,0
T100617,U10126,M1035,grocery,40.11,2026-05-25 03:48:25,0
T100672,U10202,M1001,utilities,15.35,2026-05-25 05:30:27,0
T106774,U10165,M1020,gambling,37.68,2026-05-25 06:07:37,0
T102862,U10299,M1054,crypto,81.86,2026-05-25 06:25:44,0
T103568,U10140,M1009,grocery,15.23,2026-05-25 06:42:37,0
T101789,U10250,M1013,utilities,30.94,2026-05-25 06:43:08,0
T105186,U10286,M1028,gambling,135.86,2026-05-25 06:51:49,1
T104613,U10143,M1001,utilities,17.85,2026-05-25 06:59:35,1
T106795,U10293,M1033,gambling,19.9,2026-05-25 07:09:33,0
T104914,U10170,M1047,fashion,45.25,2026-05-25 07:12:35,0
T102924,U10145,M1010,gambling,42.23,2026-05-25 07:16:25,0
T102090,U10187,M1033,gambling,82.72,2026-05-25 07:45:00,0
T105483,U10186,M1057,electronics,74.3,2026-05-25 08:10:31,0
T101643,U10192,M1053,crypto,34.44,2026-05-25 08:21:44,0
T100982,U10034,M1052,gaming,71.2,2026-05-25 08:47:26,0
T103535,U10257,M1038,travel,78.78,2026-05-25 09:11:08,0
T100687,U10100,M1055,grocery,65.89,2026-05-25 09:18:18,0
T103619,U10266,M1034,fashion,54.18,2026-05-25 09:47:26,0
T101921,U10127,M1047,fashion,315.72,2026-05-25 09:55:04,0
T101135,U10175,M1033,gambling,40.27,2026-05-25 10:14:16,0
T100527,U10131,M1038,travel,11.21,2026-05-25 10:51:51,0
T103548,U10105,M1032,grocery,40.95,2026-05-25 11:40:37,0
T100847,U10158,M1052,gaming,21.19,2026-05-25 11:57:17,0
T102218,U10042,M1054,crypto,20.27,2026-05-25 12:01:45,0
T104397,U10140,M1026,crypto,25.8,2026-05-25 12:13:00,0
T107058,U10014,M1015,utilities,30.29,2026-05-25 13:39:51,0
T107124,U10284,M1056,gambling,18.84,2026-05-25 14:03:49,0
T102822,U10257,M1016,gambling,14.19,2026-05-25 14:23:44,0
T104482,U10077,M1004,crypto,20.34,2026-05-25 14:34:39,0
T100168,U10072,M1046,crypto,15.36,2026-05-25 14:37:35,0
T106160,U10182,M1045,pharmacy,31.67,2026-05-25 15:36:36,0
T106781,U10273,M1034,fashion,34.09,2026-05-25 16:09:32,0
T103149,U10028,M1032,grocery,8.4,2026-05-25 16:17:25,0
T102561,U10066,M1006,grocery,18.04,2026-05-25 16:33:11,0
T107486,U10152,M1037,fashion,36.8,2026-05-25 16:34:33,0
T100975,U10106,M1036,fashion,60.97,2026-05-25 16:54:18,0
T105235,U10064,M1049,utilities,25.1,2026-05-25 16:55:19,0
T105327,U10081,M1059,restaurant,37.43,2026-05-25 17:27:24,0
T105811,U10103,M1056,gambling,24.14,2026-05-25 18:49:08,0
T106594,U10025,M1031,travel,18.1,2026-05-25 19:03:33,0
T104472,U10225,M1044,grocery,44.26,2026-05-25 19:10:12,0
T102870,U10279,M1040,electronics,58.08,2026-05-25 19:24:19,0
T104737,U10139,M1013,utilities,20.61,2026-05-25 19:41:46,0
T101446,U10140,M1036,fashion,28.75,2026-05-25 19:52:27,0
T107691,U10076,M1025,restaurant,63.51,2026-05-25 20:02:06,0
T106356,U10110,M1050,utilities,23.94,2026-05-25 20:21:33,0
T106779,U10167,M1057,electronics,8.17,2026-05-25 20:26:35,0
T102221,U10146,M1001,utilities,101.15,2026-05-25 20:32:00,0
T103959,U10288,M1031,travel,38.43,2026-05-25 20:59:49,0
T105895,U10072,M1035,grocery,23.51,2026-05-25 21:01:31,0
T105759,U10197,M1035,grocery,32.1,2026-05-25 21:17:02,0
T107424,U10250,M1000,grocery,50.37,2026-05-25 21:36:01,1
T103066,U10052,M1055,grocery,13.23,2026-05-25 22:30:36,0
T103325,U10094,M1007,restaurant,39.45,2026-05-25 22:52:13,0
T101788,U10149,M1035,grocery,40.08,2026-05-25 23:09:46,0
T107581,U10154,M1009,grocery,70.9,2026-05-25 23:25:27,0
T103075,U10288,M1019,crypto,42.27,2026-05-25 23:33:05,0
T107988,U10026,M1021,gaming,34.73,2026-05-25 23:45:56,0
T104528,U10194,M1014,utilities,833.96,2026-05-25 23:48:14,0
T103316,U10282,M1032,grocery,138.18,2026-05-26 00:13:58,0
T100896,U10231,M1003,crypto,36.33,2026-05-26 00:42:35,0
T106624,U10136,M1033,gambling,25.44,2026-05-26 00:57:43,0
T104784,U10075,M1040,electronics,20.38,2026-05-26 01:57:05,0
T107942,U10228,M1010,gambling,35.13,2026-05-26 02:06:48,0
T102457,U10026,M1043,gaming,42.93,2026-05-26 02:41:01,0
T107949,U10087,M1028,gambling,66.46,2026-05-26 02:52:46,0
T104748,U10274,M1004,crypto,96.91,2026-05-26 03:21:16,0
T103499,U10133,M1050,utilities,36.34,2026-05-26 03:36:50,0
T102063,U10028,M1025,restaurant,25.49,2026-05-26 03:39:58,0
T100237,U10227,M1006,grocery,34.55,2026-05-26 04:18:50,0
T101455,U10259,M1016,gambling,25.2,2026-05-26 04:45:37,0
T100836,U10134,M1008,travel,60.75,2026-05-26 05:35:04,0
T104569,U10171,M1055,grocery,42.09,2026-05-26 05:40:58,0
T104898,U10146,M1029,crypto,75.34,2026-05-26 05:49:26,0
T105557,U10082,M1006,grocery,13.64,2026-05-26 06:00:11,0
T105447,U10076,M1000,grocery,32.02,2026-05-26 06:03:30,0
T100686,U10297,M1015,utilities,58.86,2026-05-26 06:30:46,0
T104020,U10275,M1054,crypto,27.71,2026-05-26 06:58:18,0
T103407,U10255,M1042,utilities,31.78,2026-05-26 06:58:44,0
T107288,U10052,M1017,electronics,269.06,2026-05-26 07:01:29,0
T103388,U10069,M1042,utilities,27.47,2026-05-26 07:28:01,0
T101160,U10165,M1024,utilities,14.27,2026-05-26 07:44:32,0
T105400,U10000,M1057,electronics,105.5,2026-05-26 08:12:33,0
T100940,U10154,M1035,grocery,39.35,2026-05-26 08:19:38,1
T106177,U10143,M1050,utilities,13.86,2026-05-26 08:26:04,0
T102023,U10283,M1049,utilities,17.58,2026-05-26 09:23:03,0
T104257,U10276,M1057,electronics,28.38,2026-05-26 09:23:46,0
T106789,U10219,M1055,grocery,25.39,2026-05-26 09:59:16,0
T104394,U10048,M1045,pharmacy,30.95,2026-05-26 10:30:57,0
T104732,U10194,M1053,crypto,33.61,2026-05-26 10:37:07,0
T107218,U10285,M1048,restaurant,44.2,2026-05-26 11:00:07,0
T106704,U10102,M1057,electronics,56.4,2026-05-26 11:21:49,0
T107396,U10072,M1033,gambling,16.32,2026-05-26 11:25:03,0
T104747,U10102,M1023,pharmacy,41.56,2026-05-26 11:47:36,0
T103823,U10198,M1050,utilities,22.9,2026-05-26 11:57:17,0
T106283,U10035,M1010,gambling,223.9,2026-05-26 12:02:47,1
T107296,U10199,M1005,fashion,17.24,2026-05-26 12:06:14,0
T101174,U10102,M1055,grocery,25.74,2026-05-26 12:20:20,0
T106318,U10100,M1046,crypto,56.11,2026-05-26 12:25:55,0
T107180,U10006,M1036,fashion,37.22,2026-05-26 12:58:37,0
T106027,U10272,M1023,pharmacy,45.66,2026-05-26 13:31:01,0
T104274,U10046,M1031,travel,25.73,2026-05-26 13:35:50,0
T104288,U10173,M1049,utilities,27.53,2026-05-26 13:57:25,0
T105053,U10119,M1016,gambling,38.75,2026-05-26 13:59:51,0
T100712,U10016,M1046,crypto,77.45,2026-05-26 14:15:12,0
T102119,U10154,M1057,electronics,31.15,2026-05-26 14:46:02,0
T106091,U10116,M1020,gambling,17.13,2026-05-26 14:53:06,0
T105111,U10104,M1018,fashion,26.73,2026-05-26 15:20:49,0
T100312,U10164,M1041,utilities,29.32,2026-05-26 16:15:24,0
T102096,U10200,M1047,fashion,22.51,2026-05-26 16:32:54,0
T102931,U10046,M1034,fashion,55.69,2026-05-26 16:34:13,0
T102830,U10196,M1053,crypto,180.64,2026-05-26 17:23:50,1
T106314,U10120,M1059,restaurant,21.73,2026-05-26 17:30:44,0
T102549,U10234,M1021,gaming,67.08,2026-05-26 18:28:22,0
T107609,U10262,M1012,utilities,113.38,2026-05-26 18:57:24,0
T102395,U10038,M1015,utilities,65.23,2026-05-26 19:06:44,0
T103582,U10191,M1050,utilities,31.57,2026-05-26 19:16:42,0
T102312,U10166,M1032,grocery,39.02,2026-05-26 19:39:47,0
T103866,U10156,M1047,fashion,13.68,2026-05-26 20:01:59,0
T103103,U10145,M1056,gambling,37.73,2026-05-26 20:23:51,0
T103064,U10249,M1029,crypto,104.08,2026-05-26 20:39:33,0
T106727,U10107,M1012,utilities,60.73,2026-05-26 20:53:27,0
T102340,U10297,M1053,crypto,90.44,2026-05-26 21:01:35,0
T102054,U10006,M1033,gambling,59.11,2026-05-26 21:32:47,0
T105839,U10087,M1005,fashion,26.99,2026-05-26 21:35:00,0
T100787,U10264,M1046,crypto,12.92,2026-05-26 21:35:16,0
T100957,U10065,M1017,electronics,40.69,2026-05-26 21:54:05,0
T100143,U10034,M1022,electronics,20.45,2026-05-26 22:18:30,0
T102027,U10089,M1042,utilities,24.81,2026-05-26 23:00:15,0
T101466,U10093,M1042,utilities,203.71,2026-05-26 23:27:05,0
T104634,U10054,M1009,grocery,20.79,2026-05-26 23:33:24,0
T103882,U10170,M1041,utilities,43.8,2026-05-27 00:06:47,0
T102878,U10293,M1046,crypto,1434.38,2026-05-27 00:06:52,1
T102446,U10093,M1012,utilities,122.3,2026-05-27 00:46:12,0
T100481,U10223,M1030,crypto,8.65,2026-05-27 02:18:25,0
T104520,U10213,M1014,utilities,17.19,2026-05-27 02:43:52,0
T103318,U10274,M1014,utilities,52.62,2026-05-27 02:45:37,0
T105353,U10263,M1035,grocery,10.32,2026-05-27 03:08:41,0
T107760,U10045,M1017,electronics,55.57,2026-05-27 03:39:05,0
T103534,U10243,M1005,fashion,78.36,2026-05-27 04:02:52,0
T105373,U10138,M1004,crypto,39.05,2026-05-27 04:07:30,1
T103156,U10173,M1008,travel,58.36,2026-05-27 04:36:28,0
T102299,U10095,M1037,fashion,33.24,2026-05-27 04:47:39,1
T105405,U10057,M1014,utilities,75.99,2026-05-27 05:10:29,0
T100202,U10281,M1042,utilities,33.44,2026-05-27 06:54:43,0
T101843,U10030,M1036,fashion,6.36,2026-05-27 07:26:11,0
T107764,U10150,M1044,grocery,104.96,2026-05-27 07:33:23,0
T100142,U10219,M1052,gaming,18.04,2026-05-27 07:56:56,0
T104731,U10240,M1041,utilities,24.47,2026-05-27 08:06:32,0
T100246,U10151,M1021,gaming,60.69,2026-05-27 08:13:04,0
T102351,U10128,M1034,fashion,78.42,2026-05-27 08:19:04,0
T105273,U10141,M1051,electronics,48.33,2026-05-27 08:37:34,0
T100351,U10156,M1044,grocery,114.8,2026-05-27 08:41:41,0
T104807,U10124,M1041,utilities,56.22,2026-05-27 09:03:17,0
T104173,U10236,M1012,utilities,65.33,2026-05-27 09:03:50,1
T105719,U10115,M1027,fashion,23.76,2026-05-27 09:39:39,0
T105094,U10231,M1049,utilities,29.68,2026-05-27 10:06:46,0
T101727,U10212,M1025,restaurant,3.7,2026-05-27 10:22:12,0
T107667,U10022,M1020,gambling,19.27,2026-05-27 10:47:07,0
T107644,U10123,M1050,utilities,11.39,2026-05-27 11:19:41,0
T104154,U10200,M1040,electronics,11.79,2026-05-27 12:09:52,0
T105576,U10163,M1005,fashion,68.34,2026-05-27 12:22:19,0
T107852,U10131,M1043,gaming,10.04,2026-05-27 12:53:51,0
T107034,U10043,M1034,fashion,33.87,2026-05-27 13:13:18,0
T102085,U10034,M1039,restaurant,26.02,2026-05-27 13:43:10,0
T107240,U10263,M1014,utilities,31.96,2026-05-27 14:06:56,0
T106855,U10267,M1014,utilities,30.95,2026-05-27 14:57:13,0
T106958,U10136,M1020,gambling,19.67,2026-05-27 15:28:49,0
T106775,U10281,M1019,crypto,49.04,2026-05-27 15:37:28,0
T103326,U10186,M1009,grocery,45.7,2026-05-27 15:52:37,0
T106017,U10071,M1044,grocery,42.09,2026-05-27 15:54:02,0
T101221,U10012,M1025,restaurant,33.86,2026-05-27 15:55:46,0
T101034,U10076,M1010,gambling,27.88,2026-05-27 16:30:22,0
T103507,U10094,M1051,electronics,28.61,2026-05-27 16:38:31,0
T100866,U10145,M1014,utilities,128.43,2026-05-27 16:45:22,0
T107362,U10041,M1044,grocery,61.83,2026-05-27 17:38:23,0
T103752,U10184,M1052,gaming,30.98,2026-05-27 17:38:28,0
T102034,U10185,M1056,gambling,82.51,2026-05-27 17:56:36,0
T107390,U10217,M1009,grocery,101.67,2026-05-27 19:16:21,0
T102908,U10127,M1053,crypto,71.43,2026-05-27 19:34:40,0
T103758,U10246,M1000,grocery,30.49,2026-05-27 19:44:20,0
T105124,U10039,M1021,gaming,9.7,2026-05-27 19:45:17,0
T104935,U10259,M1017,electronics,35.73,2026-05-27 20:13:59,0
T105420,U10216,M1019,crypto,122.5,2026-05-27 20:23:38,0
T103321,U10117,M1026,crypto,32.39,2026-05-27 21:56:58,0
T103146,U10255,M1051,electronics,33.58,2026-05-27 22:03:45,0
T104841,U10093,M1035,grocery,38.7,2026-05-27 22:16:05,0
T103684,U10017,M1027,fashion,123.92,2026-05-27 22:21:54,0
T105041,U10285,M1017,electronics,15.27,2026-05-27 22:22:52,0
T102840,U10046,M1050,utilities,104.44,2026-05-27 22:31:48,0
T101669,U10238,M1043,gaming,75.0,2026-05-27 22:46:35,0
T101540,U10026,M1046,crypto,91.67,2026-05-27 22:51:57,0
T100849,U10104,M1019,crypto,11.19,2026-05-27 23:52:44,0
T106619,U10122,M1024,utilities,19.51,2026-05-28 00:19:00,0
T102074,U10067,M1039,restaurant,45.84,2026-05-28 00:56:39,0
T106700,U10087,M1024,utilities,28.58,2026-05-28 01:11:07,1
T104895,U10115,M1033,gambling,16.31,2026-05-28 01:27:45,0
T104845,U10163,M1033,gambling,98.34,2026-05-28 01:30:41,0
T106750,U10206,M1039,restaurant,42.81,2026-05-28 01:43:09,0
T100333,U10007,M1023,pharmacy,13.44,2026-05-28 02:25:37,0
T106703,U10144,M1011,pharmacy,14.65,2026-05-28 02:30:02,0
T105700,U10181,M1018,fashion,16.53,2026-05-28 02:37:37,0
T105672,U10203,M1034,fashion,121.8,2026-05-28 02:48:12,0
T107239,U10139,M1056,gambling,17.19,2026-05-28 04:07:48,0
T104367,U10122,M1056,gambling,40.34,2026-05-28 04:19:09,0
T104787,U10148,M1019,crypto,40.48,2026-05-28 04:36:50,0
T106386,U10176,M1011,pharmacy,26.7,2026-05-28 04:43:53,0
T100229,U10212,M1004,crypto,28.14,2026-05-28 04:56:44,0
T106424,U10161,M1013,utilities,5.96,2026-05-28 05:10:04,0
T101259,U10065,M1051,electronics,14.6,2026-05-28 05:18:55,0
T107807,U10287,M1015,utilities,26.41,2026-05-28 06:12:48,0
T107695,U10113,M1043,gaming,187.86,2026-05-28 06:54:50,0
T104958,U10101,M1020,gambling,24.38,2026-05-28 07:01:06,0
T102269,U10176,M1018,fashion,30.41,2026-05-28 08:40:57,0
T107421,U10265,M1036,fashion,45.45,2026-05-28 09:40:07,0
T107382,U10179,M1018,fashion,43.69,2026-05-28 10:21:53,0
T100988,U10107,M1018,fashion,61.52,2026-05-28 11:20:17,0
T105941,U10039,M1028,gambling,24.03,2026-05-28 11:27:14,0
T104892,U10191,M1026,crypto,25.93,2026-05-28 11:31:05,0
T107148,U10070,M1002,restaurant,30.92,2026-05-28 11:40:32,0
T102602,U10022,M1053,crypto,35.15,2026-05-28 11:40:36,0
T101490,U10278,M1009,grocery,33.65,2026-05-28 11:41:37,0
T100933,U10114,M1007,restaurant,23.92,2026-05-28 13:18:42,0
T102797,U10296,M1004,crypto,48.58,2026-05-28 13:42:06,0
T105201,U10145,M1001,utilities,698.8,2026-05-28 13:51:05,0
T103970,U10280,M1041,utilities,84.27,2026-05-28 14:11:06,0
T106515,U10137,M1012,utilities,34.51,2026-05-28 14:33:17,0
T107070,U10214,M1015,utilities,109.29,2026-05-28 15:12:35,0
T100476,U10114,M1043,gaming,37.7,2026-05-28 15:54:58,0
T104212,U10277,M1021,gaming,232.56,2026-05-28 16:29:07,0
T101079,U10157,M1003,crypto,35.51,2026-05-28 17:28:58,0
T103673,U10262,M1005,fashion,317.09,2026-05-28 17:35:46,0
T107323,U10295,M1041,utilities,49.8,2026-05-28 17:52:53,0
T104050,U10287,M1006,grocery,32.94,2026-05-28 18:25:05,0
T104539,U10060,M1038,travel,48.98,2026-05-28 19:14:39,0
T100503,U10158,M1032,grocery,47.09,2026-05-28 19:25:01,0
T105992,U10064,M1017,electronics,12.23,2026-05-28 19:58:12,0
T100522,U10154,M1045,pharmacy,44.27,2026-05-28 22:14:51,0
T101472,U10218,M1008,travel,65.84,2026-05-28 22:18:58,0
T100642,U10141,M1026,crypto,39.68,2026-05-28 22:18:59,0
T101356,U10100,M1048,restaurant,8.81,2026-05-28 22:27:41,0
T103690,U10112,M1014,utilities,10.32,2026-05-28 22:32:07,0
T107891,U10046,M1009,grocery,75.76,2026-05-28 22:42:06,0
T106544,U10031,M1020,gambling,12.49,2026-05-28 23:27:45,0
T107014,U10050,M1056,gambling,33.53,2026-05-29 00:38:57,1
T105467,U10243,M1058,utilities,103.79,2026-05-29 00:56:39,0
T107072,U10008,M1033,gambling,22.16,2026-05-29 01:56:39,0
T100689,U10103,M1033,gambling,17.74,2026-05-29 02:29:39,1
T104615,U10161,M1055,grocery,47.16,2026-05-29 02:51:15,0
T102185,U10264,M1058,utilities,23.03,2026-05-29 02:58:41,0
T103416,U10025,M1050,utilities,32.02,2026-05-29 03:04:35,0
T100104,U10006,M1044,grocery,30.59,2026-05-29 03:06:17,0
T105610,U10149,M1018,fashion,116.94,2026-05-29 03:09:37,0
T107734,U10060,M1007,restaurant,50.1,2026-05-29 03:32:23,0
T102270,U10113,M1056,gambling,49.84,2026-05-29 04:48:35,0
T100676,U10054,M1017,electronics,32.16,2026-05-29 04:54:52,0
T107904,U10182,M1017,electronics,34.47,2026-05-29 06:07:27,0
T106413,U10286,M1015,utilities,28.54,2026-05-29 06:27:53,0
T104391,U10137,M1010,gambling,9.47,2026-05-29 07:53:18,0
T100628,U10150,M1018,fashion,113.56,2026-05-29 08:21:28,0
T107917,U10267,M1039,restaurant,103.71,2026-05-29 09:16:21,0
T100181,U10070,M1011,pharmacy,16.78,2026-05-29 09:24:16,0
T105061,U10024,M1050,utilities,19.56,2026-05-29 09:46:50,0
T104229,U10204,M1033,gambling,27.44,2026-05-29 10:08:49,0
T107251,U10132,M1048,restaurant,87.23,2026-05-29 10:09:40,0
T106286,U10275,M1021,gaming,33.84,2026-05-29 10:41:58,0
T106591,U10201,M1023,pharmacy,212.43,2026-05-29 10:46:22,0
T102803,U10277,M1006,grocery,160.9,2026-05-29 10:47:42,0
T104493,U10049,M1052,gaming,17.64,2026-05-29 10:52:01,0
T102271,U10124,M1059,restaurant,57.63,2026-05-29 11:33:57,0
T102273,U10042,M1042,utilities,32.12,2026-05-29 12:12:52,0
T101429,U10200,M1050,utilities,18.47,2026-05-29 12:15:31,0
T105238,U10174,M1019,crypto,28.19,2026-05-29 12:43:17,0
T107967,U10016,M1047,fashion,31.1,2026-05-29 13:06:57,0
T100292,U10272,M1058,utilities,45.63,2026-05-29 13:28:02,0
T102504,U10133,M1027,fashion,39.32,2026-05-29 13:43:26,0
T102534,U10104,M1049,utilities,20.32,2026-05-29 13:49:38,0
T106907,U10065,M1047,fashion,3.59,2026-05-29 13:54:18,0
T103537,U10283,M1006,grocery,142.25,2026-05-29 14:12:27,0
T106188,U10278,M1049,utilities,392.6,2026-05-29 14:54:42,0
T101090,U10292,M1013,utilities,103.65,2026-05-29 15:37:50,0
T102107,U10249,M1010,gambling,23.76,2026-05-29 15:43:53,1
T105276,U10098,M1044,grocery,104.66,2026-05-29 15:46:36,0
T106400,U10203,M1021,gaming,30.46,2026-05-29 16:10:31,0
T103661,U10050,M1055,grocery,66.75,2026-05-29 16:17:59,0
T102541,U10056,M1018,fashion,43.01,2026-05-29 19:23:49,0
T105820,U10224,M1006,grocery,22.95,2026-05-29 20:01:43,0
T107289,U10009,M1035,grocery,37.96,2026-05-29 20:12:10,0
T102365,U10191,M1056,gambling,36.42,2026-05-29 20:38:03,0
T101923,U10097,M1055,grocery,40.05,2026-05-29 21:17:59,0
T100678,U10077,M1019,crypto,16.52,2026-05-29 21:28:04,0
T101412,U10258,M1044,grocery,51.85,2026-05-29 21:28:14,0
T105606,U10266,M1007,restaurant,16.65,2026-05-29 21:40:24,0
T100627,U10213,M1044,grocery,16.53,2026-05-29 22:43:10,0
T101594,U10009,M1030,crypto,20.89,2026-05-29 22:52:07,0
T103883,U10207,M1042,utilities,55.4,2026-05-29 23:24:07,0
T101163,U10175,M1021,gaming,33.71,2026-05-29 23:29:17,0
T106001,U10039,M1028,gambling,256.34,2026-05-30 00:09:53,0
T101873,U10276,M1023,pharmacy,55.3,2026-05-30 00:21:34,0
T107525,U10016,M1041,utilities,49.09,2026-05-30 01:05:03,0
T106699,U10159,M1042,utilities,166.04,2026-05-30 01:18:39,0
T100989,U10187,M1009,grocery,180.39,2026-05-30 01:25:44,0
T103792,U10122,M1021,gaming,6.64,2026-05-30 01:55:54,0
T101539,U10274,M1049,utilities,19.46,2026-05-30 03:06:16,0
T105137,U10269,M1006,grocery,64.92,2026-05-30 03:33:38,0
T102409,U10143,M1006,grocery,42.61,2026-05-30 04:05:56,0
T105283,U10008,M1047,fashion,33.94,2026-05-30 04:29:25,0
T107530,U10242,M1056,gambling,56.82,2026-05-30 04:50:51,0
T105705,U10181,M1023,pharmacy,16.82,2026-05-30 05:00:31,0
T105171,U10155,M1029,crypto,92.24,2026-05-30 05:41:45,0
T105059,U10066,M1011,pharmacy,12.57,2026-05-30 05:53:22,0
T102826,U10072,M1014,utilities,23.23,2026-05-30 06:11:42,0
T102406,U10212,M1044,grocery,9.24,2026-05-30 06:54:34,0
T107455,U10005,M1015,utilities,75.05,2026-05-30 07:10:35,0
T106549,U10214,M1027,fashion,336.35,2026-05-30 07:57:50,0
T101953,U10256,M1036,fashion,33.13,2026-05-30 08:00:52,0
T102453,U10242,M1030,crypto,68.04,2026-05-30 08:02:54,0
T102979,U10163,M1014,utilities,89.48,2026-05-30 08:22:08,0
T104371,U10103,M1022,electronics,23.57,2026-05-30 08:26:39,0
T104007,U10005,M1035,grocery,33.28,2026-05-30 08:49:06,0
T102869,U10189,M1056,gambling,24.06,2026-05-30 09:23:15,0
T107789,U10209,M1051,electronics,23.61,2026-05-30 09:56:58,0
T100764,U10058,M1005,fashion,213.02,2026-05-30 10:11:43,0
T106175,U10127,M1001,utilities,40.08,2026-05-30 10:50:44,0
T106964,U10107,M1023,pharmacy,101.34,2026-05-30 11:01:21,0
T104543,U10012,M1045,pharmacy,18.33,2026-05-30 11:02:13,0
T104361,U10168,M1041,utilities,85.4,2026-05-30 11:05:35,0
T103908,U10267,M1028,gambling,22.73,2026-05-30 11:15:44,0
T106369,U10094,M1048,restaurant,31.87,2026-05-30 11:22:47,0
T100416,U10138,M1021,gaming,15.36,2026-05-30 11:23:49,0
T104280,U10084,M1054,crypto,357.52,2026-05-30 11:36:10,0
T106660,U10037,M1022,electronics,34.89,2026-05-30 11:43:09,0
T102848,U10174,M1046,crypto,65.6,2026-05-30 12:19:19,0
T101907,U10286,M1012,utilities,37.29,2026-05-30 12:37:56,0
T104646,U10145,M1022,electronics,62.79,2026-05-30 13:05:25,0
T100208,U10162,M1029,crypto,59.15,2026-05-30 13:06:28,0
T104656,U10077,M1031,travel,34.17,2026-05-30 13:54:03,0
T102705,U10290,M1017,electronics,64.79,2026-05-30 15:49:04,0
T100484,U10120,M1040,electronics,16.33,2026-05-30 15:51:40,0
T104203,U10157,M1001,utilities,23.1,2026-05-30 16:01:14,0
T100339,U10142,M1046,crypto,11.96,2026-05-30 16:13:29,0
T106917,U10043,M1044,grocery,90.58,2026-05-30 16:46:28,0
T102515,U10286,M1008,travel,44.45,2026-05-30 17:03:50,0
T101944,U10046,M1041,utilities,57.11,2026-05-30 17:17:34,0
T102957,U10092,M1031,travel,24.09,2026-05-30 17:39:14,0
T103209,U10272,M1046,crypto,21.97,2026-05-30 17:56:57,0
T104595,U10219,M1019,crypto,48.88,2026-05-30 19:07:39,0
T100931,U10193,M1004,crypto,20.68,2026-05-30 20:06:00,0
T102470,U10020,M1037,fashion,502.28,2026-05-30 20:16:20,0
T102315,U10298,M1006,grocery,27.84,2026-05-30 20:21:18,0
T106807,U10210,M1008,travel,10.92,2026-05-30 20:23:28,0
T105693,U10148,M1024,utilities,12.7,2026-05-30 21:08:22,0
T105797,U10082,M1049,utilities,18.22,2026-05-30 21:16:58,0
T105410,U10155,M1015,utilities,82.47,2026-05-30 21:19:19,0
T104258,U10213,M1049,utilities,14.11,2026-05-30 21:58:40,0
T106787,U10066,M1059,restaurant,11.57,2026-05-30 22:04:10,0
T105444,U10037,M1043,gaming,23.09,2026-05-30 22:17:57,0
T106926,U10094,M1016,gambling,44.71,2026-05-30 22:51:43,0
T107820,U10024,M1006,grocery,15.97,2026-05-30 22:54:13,0
T104079,U10240,M1044,grocery,55.75,2026-05-30 23:10:08,0
T105457,U10215,M1055,grocery,56.44,2026-05-30 23:56:13,0
T100793,U10094,M1018,fashion,60.66,2026-05-31 00:25:17,0
T106152,U10269,M1033,gambling,18.35,2026-05-31 00:25:24,0
T101580,U10238,M1043,gaming,14.27,2026-05-31 00:35:21,0
T105661,U10193,M1030,crypto,9.46,2026-05-31 01:04:12,0
T102432,U10015,M1036,fashion,149.29,2026-05-31 01:06:33,0
T105502,U10198,M1035,grocery,26.31,2026-05-31 01:46:54,0
T100382,U10247,M1038,travel,24.52,2026-05-31 01:57:23,0
T105024,U10158,M1013,utilities,14.67,2026-05-31 02:35:12,0
T106597,U10264,M1019,crypto,58.51,2026-05-31 02:40:15,0
T105985,U10110,M1025,restaurant,84.36,2026-05-31 02:50:15,0
T100586,U10001,M1016,gambling,64.42,2026-05-31 03:00:31,1
T104993,U10233,M1001,utilities,53.08,2026-05-31 03:01:35,0
T102302,U10070,M1025,restaurant,58.92,2026-05-31 03:22:32,0
T107817,U10107,M1054,crypto,31.56,2026-05-31 03:35:40,0
T101297,U10117,M1032,grocery,38.13,2026-05-31 04:11:35,0
T101343,U10282,M1039,restaurant,240.54,2026-05-31 04:36:55,0
T102176,U10084,M1030,crypto,32.82,2026-05-31 04:51:01,0
T102259,U10287,M1019,crypto,56.74,2026-05-31 04:52:13,0
T105422,U10091,M1054,crypto,63.17,2026-05-31 04:54:22,0
T107527,U10057,M1044,grocery,64.23,2026-05-31 05:01:20,0
T103769,U10298,M1009,grocery,31.13,2026-05-31 06:14:38,0
T103508,U10162,M1015,utilities,10.94,2026-05-31 06:36:38,0
T107337,U10268,M1045,pharmacy,10.51,2026-05-31 06:38:23,0
T101544,U10258,M1018,fashion,63.88,2026-05-31 06:44:44,0
T107373,U10179,M1049,utilities,33.18,2026-05-31 07:12:41,0
T103813,U10054,M1056,gambling,51.05,2026-05-31 07:23:37,0
T104413,U10062,M1021,gaming,21.79,2026-05-31 07:42:54,0
T105692,U10016,M1042,utilities,43.07,2026-05-31 07:43:05,0
T106263,U10032,M1013,utilities,99.14,2026-05-31 07:49:03,0
T100280,U10099,M1012,utilities,71.41,2026-05-31 08:09:56,0
T105203,U10011,M1039,restaurant,95.27,2026-05-31 08:21:10,0
T100827,U10293,M1027,fashion,175.75,2026-05-31 08:35:01,0
T104711,U10247,M1004,crypto,50.56,2026-05-31 08:41:19,0
T106782,U10189,M1027,fashion,54.17,2026-05-31 08:47:52,0
T106431,U10180,M1044,grocery,34.58,2026-05-31 08:49:43,0
T106301,U10046,M1032,grocery,27.42,2026-05-31 09:02:22,0
T104389,U10118,M1036,fashion,32.98,2026-05-31 09:17:51,0
T100913,U10189,M1017,electronics,13.81,2026-05-31 09:48:43,0
T102252,U10242,M1027,fashion,31.16,2026-05-31 09:59:22,0
T103015,U10198,M1056,gambling,45.62,2026-05-31 10:38:22,0
T102665,U10215,M1045,pharmacy,7.87,2026-05-31 11:20:32,0
T104654,U10131,M1012,utilities,21.85,2026-05-31 11:37:52,0
T103161,U10096,M1022,electronics,146.79,2026-05-31 11:55:24,0
T105429,U10123,M1034,fashion,19.1,2026-05-31 12:11:51,0
T105720,U10064,M1032,grocery,21.3,2026-05-31 12:58:56,0
T107476,U10164,M1009,grocery,25.93,2026-05-31 13:21:23,0
T100311,U10184,M1019,crypto,19.67,2026-05-31 13:22:36,0
T102965,U10019,M1052,gaming,36.76,2026-05-31 13:45:56,0
T104227,U10267,M1056,gambling,35.95,2026-05-31 14:05:49,0
T107301,U10106,M1022,electronics,59.05,2026-05-31 14:29:51,0
T103040,U10086,M1050,utilities,39.64,2026-05-31 15:28:11,0
T105468,U10126,M1019,crypto,49.12,2026-05-31 15:54:45,0
T102915,U10297,M1059,restaurant,17.34,2026-05-31 16:33:23,0
T100453,U10044,M1031,travel,75.83,2026-05-31 17:15:51,0
T104330,U10009,M1052,gaming,51.33,2026-05-31 17:24:47,0
T105421,U10030,M1001,utilities,12.86,2026-05-31 17:45:07,0
T107660,U10022,M1043,gaming,2.25,2026-05-31 17:57:44,0
T106298,U10221,M1057,electronics,13.91,2026-05-31 18:01:23,0
T103417,U10121,M1053,crypto,38.89,2026-05-31 18:01:40,0
T107910,U10288,M1008,travel,78.66,2026-05-31 18:31:26,0
T102819,U10026,M1008,travel,21.91,2026-05-31 18:54:14,0
T102479,U10052,M1046,crypto,24.51,2026-05-31 19:27:46,0
T105503,U10098,M1041,utilities,34.44,2026-05-31 19:34:19,0
T100189,U10186,M1017,electronics,70.68,2026-05-31 20:24:23,0
T105527,U10122,M1054,crypto,22.17,2026-05-31 20:29:33,0
T106957,U10087,M1024,utilities,21.59,2026-05-31 20:37:49,0
T104693,U10253,M1031,travel,52.64,2026-05-31 20:41:40,0
T107299,U10001,M1036,fashion,43.61,2026-05-31 21:08:44,0
T103576,U10181,M1035,grocery,13.83,2026-05-31 21:09:18,0
T102633,U10291,M1028,gambling,50.72,2026-05-31 21:33:09,0
T107138,U10118,M1034,fashion,58.32,2026-05-31 21:35:26,0
T102383,U10167,M1030,crypto,51.16,2026-05-31 21:56:41,0
T101948,U10141,M1058,utilities,45.54,2026-05-31 22:11:47,0
T107649,U10005,M1007,restaurant,161.15,2026-05-31 22:14:11,0
T100728,U10068,M1001,utilities,42.97,2026-05-31 22:22:00,0
T102954,U10125,M1059,restaurant,60.49,2026-05-31 22:28:47,0
T104432,U10059,M1032,grocery,74.85,2026-05-31 22:31:36,0
T104938,U10218,M1006,grocery,152.08,2026-05-31 22:33:10,0
T101678,U10216,M1030,crypto,21.0,2026-05-31 22:49:15,0
T106978,U10058,M1048,restaurant,47.09,2026-05-31 22:51:04,0
T100022,U10242,M1044,grocery,36.83,2026-05-31 22:56:57,0
T101683,U10118,M1012,utilities,155.25,2026-06-01 00:57:43,0
T100909,U10174,M1037,fashion,18.63,2026-06-01 01:11:33,0
T101405,U10276,M1032,grocery,19.67,2026-06-01 01:40:32,0
T102093,U10267,M1014,utilities,20.86,2026-06-01 01:52:56,0
T105861,U10270,M1024,utilities,83.51,2026-06-01 01:55:53,0
T103195,U10136,M1009,grocery,115.96,2026-06-01 02:33:50,0
T101764,U10190,M1007,restaurant,41.92,2026-06-01 03:17:28,0
T101552,U10170,M1002,restaurant,6.81,2026-06-01 03:20:49,0
T104851,U10171,M1029,crypto,73.34,2026-06-01 03:23:50,1
T100860,U10178,M1054,crypto,151.72,2026-06-01 03:26:00,0
T101364,U10083,M1010,gambling,6.63,2026-06-01 03:30:02,0
T106788,U10254,M1016,gambling,13.25,2026-06-01 03:42:26,0
T101296,U10245,M1030,crypto,34.65,2026-06-01 03:47:52,0
T104904,U10098,M1021,gaming,19.42,2026-06-01 04:02:25,0
T101271,U10091,M1050,utilities,221.54,2026-06-01 04:29:06,0
T106682,U10067,M1045,pharmacy,23.33,2026-06-01 04:40:12,0
T106847,U10212,M1016,gambling,9.41,2026-06-01 05:09:54,0
T106977,U10246,M1015,utilities,39.37,2026-06-01 05:28:48,0
T100843,U10012,M1057,electronics,31.16,2026-06-01 05:32:58,0
T103884,U10162,M1028,gambling,63.73,2026-06-01 05:35:07,0
T107073,U10009,M1054,crypto,61.19,2026-06-01 05:35:12,0
T100506,U10028,M1054,crypto,21.44,2026-06-01 06:08:36,0
T102852,U10200,M1019,crypto,34.47,2026-06-01 06:54:52,1
T107199,U10066,M1056,gambling,21.06,2026-06-01 06:58:28,0
T101775,U10270,M1055,grocery,70.38,2026-06-01 07:04:55,0
T104746,U10272,M1052,gaming,221.49,2026-06-01 07:26:04,0
T106457,U10079,M1048,restaurant,16.67,2026-06-01 07:26:36,0
T107537,U10035,M1018,fashion,72.25,2026-06-01 07:49:36,0
T106265,U10103,M1030,crypto,41.99,2026-06-01 07:59:08,0
T100674,U10054,M1036,fashion,16.38,2026-06-01 08:38:59,0
T103150,U10005,M1024,utilities,45.08,2026-06-01 08:43:29,0
T104793,U10259,M1007,restaurant,36.76,2026-06-01 09:06:31,0
T106862,U10133,M1031,travel,40.98,2026-06-01 09:09:25,0
T107302,U10193,M1040,electronics,32.45,2026-06-01 09:32:13,0
T107763,U10189,M1020,gambling,41.18,2026-06-01 09:49:22,0
T100874,U10152,M1010,gambling,106.35,2026-06-01 10:07:03,0
T104443,U10091,M1003,crypto,33.12,2026-06-01 10:12:47,0
T101859,U10129,M1022,electronics,40.87,2026-06-01 10:23:20,0
T102887,U10032,M1059,restaurant,20.11,2026-06-01 10:46:50,0
T104176,U10181,M1041,utilities,14.73,2026-06-01 11:33:43,1
T107406,U10170,M1009,grocery,71.39,2026-06-01 11:39:37,0
T100946,U10294,M1057,electronics,85.43,2026-06-01 11:49:51,0
T105363,U10021,M1039,restaurant,42.88,2026-06-01 12:04:36,0
T107610,U10297,M1005,fashion,10.23,2026-06-01 12:07:12,0
T102022,U10164,M1038,travel,9.95,2026-06-01 12:21:18,0
T100637,U10206,M1037,fashion,10.63,2026-06-01 12:48:52,0
T103019,U10237,M1013,utilities,58.45,2026-06-01 12:56:08,0
T106161,U10040,M1033,gambling,17.68,2026-06-01 13:21:01,0
T104821,U10176,M1034,fashion,18.43,2026-06-01 14:25:43,0
T104448,U10208,M1001,utilities,14.34,2026-06-01 14:28:07,0
T102519,U10010,M1050,utilities,40.67,2026-06-01 14:59:35,0
T103610,U10060,M1048,restaurant,12.33,2026-06-01 15:00:19,0
T103980,U10007,M1044,grocery,26.83,2026-06-01 15:30:17,0
T103958,U10237,M1056,gambling,39.91,2026-06-01 15:30:30,1
T105088,U10094,M1015,utilities,149.14,2026-06-01 15:43:30,1
T100520,U10209,M1039,restaurant,57.69,2026-06-01 15:50:51,0
T106255,U10049,M1040,electronics,66.65,2026-06-01 16:08:44,1
T106194,U10216,M1047,fashion,20.33,2026-06-01 16:23:34,0
T105166,U10048,M1016,gambling,43.61,2026-06-01 16:26:36,0
T104017,U10131,M1020,gambling,77.01,2026-06-01 16:59:13,0
T101562,U10279,M1024,utilities,55.23,2026-06-01 17:30:18,0
T106157,U10119,M1042,utilities,26.25,2026-06-01 17:59:14,0
T105371,U10146,M1034,fashion,141.13,2026-06-01 18:15:10,0
T105680,U10242,M1033,gambling,24.17,2026-06-01 18:23:23,1
T102443,U10011,M1053,crypto,42.59,2026-06-01 19:31:41,0
T104996,U10236,M1033,gambling,121.7,2026-06-01 19:44:41,1
T106013,U10118,M1019,crypto,85.0,2026-06-01 20:05:51,0
T103315,U10064,M1047,fashion,18.8,2026-06-01 20:26:05,0
T101718,U10043,M1042,utilities,43.58,2026-06-01 20:54:53,0
T107266,U10072,M1034,fashion,20.28,2026-06-01 21:48:32,0
T101763,U10107,M1044,grocery,58.84,2026-06-01 21:55:57,0
T104234,U10092,M1026,crypto,68.43,2026-06-01 22:34:29,0
T106689,U10163,M1031,travel,252.88,2026-06-01 22:34:58,0
T100052,U10095,M1006,grocery,33.22,2026-06-01 23:03:34,0
T102305,U10033,M1005,fashion,97.71,2026-06-01 23:35:39,0
T103842,U10264,M1035,grocery,27.45,2026-06-02 00:35:59,0
T104247,U10013,M1055,grocery,22.21,2026-06-02 00:56:23,0
T101169,U10076,M1024,utilities,46.56,2026-06-02 01:01:18,0
T102744,U10066,M1000,grocery,12.5,2026-06-02 01:56:10,0
T102935,U10285,M1056,gambling,69.66,2026-06-02 02:50:19,0
T101779,U10017,M1026,crypto,21.48,2026-06-02 03:53:35,0
T100778,U10127,M1002,restaurant,111.41,2026-06-02 04:48:58,0
T105566,U10266,M1048,restaurant,24.05,2026-06-02 04:53:34,0
T104424,U10225,M1035,grocery,29.09,2026-06-02 04:57:58,0
T104495,U10073,M1044,grocery,78.93,2026-06-02 05:29:28,0
T102500,U10145,M1005,fashion,51.35,2026-06-02 05:51:29,0
T103481,U10079,M1020,gambling,14.3,2026-06-02 05:58:44,0
T106695,U10125,M1043,gaming,72.06,2026-06-02 06:27:27,0
T100335,U10099,M1030,crypto,136.94,2026-06-02 06:46:16,0
T103579,U10087,M1041,utilities,25.08,2026-06-02 06:47:02,0
T106037,U10068,M1024,utilities,76.0,2026-06-02 07:02:22,0
T103635,U10103,M1028,gambling,15.09,2026-06-02 07:13:55,0
T106639,U10281,M1018,fashion,48.2,2026-06-02 08:29:38,0
T103650,U10087,M1040,electronics,28.67,2026-06-02 08:34:02,0
T105463,U10233,M1038,travel,24.48,2026-06-02 08:34:04,0
T103898,U10179,M1031,travel,73.72,2026-06-02 08:34:52,0
T105048,U10216,M1025,restaurant,35.91,2026-06-02 09:40:23,0
T104263,U10114,M1046,crypto,18.52,2026-06-02 10:20:23,0
T104116,U10062,M1000,grocery,66.55,2026-06-02 10:36:13,0
T105070,U10093,M1044,grocery,39.1,2026-06-02 10:53:39,0
T107131,U10053,M1043,gaming,30.02,2026-06-02 10:56:39,0
T104496,U10017,M1015,utilities,23.4,2026-06-02 11:02:32,0
T107158,U10216,M1034,fashion,17.15,2026-06-02 11:23:08,0
T101936,U10163,M1049,utilities,86.49,2026-06-02 11:40:18,0
T101420,U10143,M1016,gambling,102.32,2026-06-02 11:59:40,0
T103663,U10085,M1013,utilities,206.37,2026-06-02 12:12:19,0
T101641,U10122,M1006,grocery,11.17,2026-06-02 12:37:13,0
T101499,U10092,M1041,utilities,56.75,2026-06-02 12:47:35,0
T105173,U10034,M1012,utilities,45.9,2026-06-02 13:09:30,1
T104826,U10031,M1016,gambling,42.78,2026-06-02 13:10:22,0
T103189,U10072,M1013,utilities,45.75,2026-06-02 13:15:24,0
T106450,U10239,M1051,electronics,68.57,2026-06-02 13:24:25,0
T103710,U10272,M1008,travel,59.0,2026-06-02 13:48:46,0
T102077,U10286,M1058,utilities,88.41,2026-06-02 15:01:43,0
T104871,U10252,M1047,fashion,109.31,2026-06-02 15:21:11,1
T106489,U10105,M1025,restaurant,106.4,2026-06-02 15:43:06,0
T105013,U10125,M1000,grocery,49.16,2026-06-02 15:45:09,0
T105329,U10146,M1010,gambling,19.44,2026-06-02 16:05:33,0
T101509,U10256,M1031,travel,18.74,2026-06-02 16:07:37,0
T104150,U10250,M1001,utilities,48.48,2026-06-02 16:10:10,0
T102774,U10292,M1010,gambling,75.55,2026-06-02 16:55:42,0
T103442,U10291,M1002,restaurant,39.44,2026-06-02 16:57:03,0
T104109,U10240,M1059,restaurant,15.9,2026-06-02 17:13:46,0
T101553,U10013,M1019,crypto,31.88,2026-06-02 17:23:42,0
T100588,U10115,M1045,pharmacy,63.71,2026-06-02 18:21:40,0
T107010,U10068,M1007,restaurant,56.91,2026-06-02 18:21:41,0
T107714,U10279,M1048,restaurant,33.55,2026-06-02 18:37:11,0
T101575,U10141,M1059,restaurant,38.15,2026-06-02 18:46:01,0
T107656,U10199,M1051,electronics,22.47,2026-06-02 19:09:54,0
T105396,U10114,M1041,utilities,14.25,2026-06-02 19:15:54,0
T104049,U10294,M1025,restaurant,84.32,2026-06-02 19:17:38,0
T105189,U10157,M1011,pharmacy,19.7,2026-06-02 19:42:40,0
T100249,U10205,M1059,restaurant,74.17,2026-06-02 19:59:58,0
T100069,U10044,M1025,restaurant,464.19,2026-06-02 20:03:13,0
T106304,U10005,M1023,pharmacy,62.33,2026-06-02 20:24:00,0
T105812,U10084,M1050,utilities,50.1,2026-06-02 20:52:31,0
T100639,U10158,M1014,utilities,53.89,2026-06-02 20:55:48,0
T102044,U10123,M1027,fashion,30.97,2026-06-02 21:17:02,0
T106714,U10037,M1039,restaurant,19.85,2026-06-02 21:41:01,0
T101902,U10211,M1042,utilities,72.77,2026-06-02 21:42:29,0
T103319,U10237,M1000,grocery,46.57,2026-06-02 21:46:26,0
T102683,U10040,M1051,electronics,69.5,2026-06-02 22:13:50,0
T106448,U10043,M1039,restaurant,157.15,2026-06-02 22:32:13,0
T100122,U10104,M1033,gambling,19.18,2026-06-02 22:40:45,0
T103983,U10076,M1035,grocery,28.72,2026-06-02 23:08:30,0
T100783,U10288,M1005,fashion,119.57,2026-06-02 23:25:37,0
T106110,U10137,M1041,utilities,87.08,2026-06-02 23:42:57,0
T104600,U10087,M1019,crypto,92.55,2026-06-03 00:01:34,0
T102912,U10159,M1052,gaming,97.1,2026-06-03 00:41:09,0
T106517,U10084,M1012,utilities,33.29,2026-06-03 00:46:19,0
T101006,U10109,M1021,gaming,94.29,2026-06-03 01:05:54,0
T104509,U10036,M1002,restaurant,35.93,2026-06-03 01:08:40,0
T104231,U10054,M1017,electronics,17.71,2026-06-03 01:12:45,0
T102159,U10227,M1043,gaming,19.56,2026-06-03 01:16:54,0
T101113,U10274,M1053,crypto,95.06,2026-06-03 01:47:02,0
T103170,U10165,M1022,electronics,7.38,2026-06-03 02:11:55,0
T104707,U10011,M1026,crypto,16.76,2026-06-03 02:15:22,0
T104316,U10253,M1042,utilities,38.12,2026-06-03 03:04:16,0
T103124,U10121,M1059,restaurant,18.01,2026-06-03 03:09:09,0
T104858,U10169,M1028,gambling,54.05,2026-06-03 03:09:23,0
T107481,U10168,M1022,electronics,74.22,2026-06-03 03:28:08,0
T106044,U10202,M1011,pharmacy,72.01,2026-06-03 03:57:07,0
T100565,U10103,M1056,gambling,37.42,2026-06-03 04:23:00,0
T106335,U10210,M1002,restaurant,13.74,2026-06-03 05:00:25,0
T100303,U10057,M1003,crypto,34.07,2026-06-03 05:01:17,0
T103152,U10226,M1045,pharmacy,74.62,2026-06-03 05:10:17,0
T103931,U10024,M1002,restaurant,19.3,2026-06-03 05:43:47,0
T107677,U10023,M1056,gambling,38.42,2026-06-03 06:05:08,0
T101573,U10114,M1007,restaurant,14.0,2026-06-03 06:21:46,0
T105254,U10119,M1048,restaurant,25.84,2026-06-03 07:09:47,0
T105233,U10274,M1043,gaming,25.23,2026-06-03 07:33:08,0
T104002,U10243,M1057,electronics,137.2,2026-06-03 07:38:22,0
T102611,U10245,M1052,gaming,30.45,2026-06-03 07:48:47,0
T100355,U10287,M1025,restaurant,38.73,2026-06-03 08:26:27,0
T104186,U10074,M1048,restaurant,290.35,2026-06-03 08:31:05,0
T106691,U10132,M1055,grocery,97.89,2026-06-03 08:39:39,0
T107258,U10224,M1005,fashion,17.21,2026-06-03 08:44:59,0
T107832,U10275,M1052,gaming,39.83,2026-06-03 09:01:34,0
T103323,U10211,M1004,crypto,30.74,2026-06-03 10:47:35,0
T100766,U10244,M1048,restaurant,79.96,2026-06-03 11:11:10,0
T104885,U10019,M1022,electronics,31.47,2026-06-03 11:14:16,0
T105161,U10235,M1002,restaurant,59.7,2026-06-03 12:18:35,0
T103475,U10009,M1044,grocery,120.38,2026-06-03 12:56:03,0
T107702,U10152,M1047,fashion,18.93,2026-06-03 13:05:03,0
T102868,U10084,M1003,crypto,85.68,2026-06-03 13:37:52,0
T106851,U10070,M1056,gambling,26.75,2026-06-03 14:49:40,0
T105822,U10246,M1040,electronics,80.48,2026-06-03 14:55:40,0
T103148,U10049,M1028,gambling,15.21,2026-06-03 15:23:19,0
T100310,U10000,M1026,crypto,244.07,2026-06-03 16:20:09,1
T102016,U10164,M1024,utilities,26.57,2026-06-03 16:40:53,0
T101893,U10232,M1010,gambling,66.65,2026-06-03 16:42:25,0
T104407,U10241,M1014,utilities,29.93,2026-06-03 16:52:46,0
T104032,U10240,M1041,utilities,13.5,2026-06-03 16:55:19,0
T102086,U10273,M1059,restaurant,35.18,2026-06-03 16:55:33,0
T100431,U10143,M1038,travel,31.64,2026-06-03 17:14:00,0
T103768,U10209,M1044,grocery,39.28,2026-06-03 17:53:27,0
T100614,U10114,M1040,electronics,26.65,2026-06-03 18:21:33,0
T105818,U10050,M1030,crypto,30.74,2026-06-03 18:22:35,0
T104275,U10242,M1037,fashion,12.17,2026-06-03 18:48:23,0
T105119,U10215,M1013,utilities,21.94,2026-06-03 18:59:42,0
T105636,U10079,M1055,grocery,13.4,2026-06-03 19:15:15,0
T104225,U10178,M1054,crypto,12.34,2026-06-03 19:19:24,0
T103166,U10079,M1033,gambling,22.78,2026-06-03 19:34:00,0
T100585,U10053,M1006,grocery,46.64,2026-06-03 20:11:09,0
T100214,U10191,M1034,fashion,61.55,2026-06-03 20:26:36,0
T106441,U10063,M1048,restaurant,35.49,2026-06-03 20:44:44,0
T101372,U10081,M1057,electronics,17.78,2026-06-03 21:05:22,0
T105485,U10013,M1024,utilities,28.16,2026-06-03 21:35:01,0
T107215,U10161,M1030,crypto,35.51,2026-06-03 21:37:42,0
T103558,U10060,M1009,grocery,120.26,2026-06-03 21:59:13,0
T107132,U10092,M1017,electronics,70.81,2026-06-03 22:18:32,0
T101696,U10275,M1055,grocery,5.93,2026-06-03 22:29:43,0
T101152,U10073,M1056,gambling,22.66,2026-06-03 23:00:03,0
T106984,U10107,M1012,utilities,38.29,2026-06-03 23:00:05,0
T102031,U10263,M1036,fashion,12.33,2026-06-03 23:04:54,0
T102008,U10208,M1059,restaurant,29.39,2026-06-03 23:42:00,0
T105806,U10051,M1049,utilities,34.35,2026-06-04 00:11:29,0
T102995,U10029,M1056,gambling,90.8,2026-06-04 00:55:08,0
T100188,U10031,M1043,gaming,55.53,2026-06-04 00:57:08,0
T104436,U10163,M1025,restaurant,25.91,2026-06-04 02:00:45,0
T105518,U10117,M1037,fashion,93.45,2026-06-04 02:01:26,0
T106570,U10136,M1042,utilities,101.28,2026-06-04 02:02:31,0
T104313,U10296,M1026,crypto,15.29,2026-06-04 03:18:44,0
T103994,U10061,M1014,utilities,58.72,2026-06-04 03:39:58,0
T106652,U10018,M1032,grocery,20.04,2026-06-04 03:45:41,0
T104006,U10258,M1024,utilities,16.21,2026-06-04 04:05:26,0
T107768,U10299,M1047,fashion,15.74,2026-06-04 04:12:56,0
T102882,U10049,M1009,grocery,33.54,2026-06-04 05:31:14,0
T103894,U10151,M1009,grocery,18.0,2026-06-04 05:39:54,0
T104235,U10216,M1057,electronics,9.16,2026-06-04 05:51:42,0
T105754,U10216,M1055,grocery,29.45,2026-06-04 06:12:10,0
T103284,U10276,M1032,grocery,47.75,2026-06-04 06:52:12,0
T106024,U10269,M1056,gambling,57.23,2026-06-04 06:59:47,1
T105969,U10038,M1043,gaming,22.68,2026-06-04 07:11:32,0
T105666,U10166,M1004,crypto,20.12,2026-06-04 07:23:20,1
T105043,U10212,M1006,grocery,52.14,2026-06-04 07:56:26,0
T101800,U10272,M1029,crypto,53.83,2026-06-04 08:01:42,0
T102775,U10227,M1038,travel,15.88,2026-06-04 08:07:10,0
T105718,U10133,M1037,fashion,13.37,2026-06-04 08:09:55,0
T107254,U10220,M1011,pharmacy,20.48,2026-06-04 08:53:04,0
T104559,U10229,M1058,utilities,47.75,2026-06-04 09:06:01,0
T106827,U10166,M1026,crypto,39.47,2026-06-04 09:57:43,0
T102165,U10064,M1049,utilities,12.47,2026-06-04 10:13:21,0
T106468,U10180,M1029,crypto,43.38,2026-06-04 10:25:31,0
T101690,U10166,M1040,electronics,86.7,2026-06-04 10:40:51,0
T107051,U10099,M1036,fashion,23.48,2026-06-04 10:49:27,0
T105696,U10181,M1022,electronics,18.79,2026-06-04 10:58:13,0
T101170,U10021,M1028,gambling,52.63,2026-06-04 11:07:47,0
T101603,U10056,M1018,fashion,17.06,2026-06-04 12:02:52,0
T101338,U10028,M1053,crypto,61.79,2026-06-04 12:03:46,1
T107495,U10113,M1042,utilities,35.67,2026-06-04 12:09:21,0
T102014,U10290,M1053,crypto,23.0,2026-06-04 12:14:23,1
T104475,U10038,M1057,electronics,101.89,2026-06-04 12:42:27,0
T107026,U10271,M1055,grocery,17.01,2026-06-04 12:47:04,0
T104070,U10002,M1052,gaming,25.03,2026-06-04 12:49:40,0
T107448,U10295,M1037,fashion,54.42,2026-06-04 12:53:02,0
T103187,U10113,M1023,pharmacy,71.38,2026-06-04 12:53:47,0
T100955,U10279,M1057,electronics,206.6,2026-06-04 13:38:28,0
T100649,U10114,M1003,crypto,16.28,2026-06-04 13:56:59,0
T100583,U10022,M1002,restaurant,6.95,2026-06-04 14:18:32,0
T104291,U10180,M1048,restaurant,17.66,2026-06-04 14:19:39,0
T107183,U10178,M1026,crypto,53.35,2026-06-04 14:24:47,0
T106166,U10213,M1002,restaurant,6.97,2026-06-04 15:19:04,0
T100558,U10123,M1024,utilities,10.73,2026-06-04 15:40:13,0
T100244,U10038,M1016,gambling,11.8,2026-06-04 15:55:11,0
T101765,U10154,M1055,grocery,23.1,2026-06-04 16:06:16,0
T103750,U10104,M1009,grocery,28.82,2026-06-04 16:07:23,0
T101358,U10023,M1022,electronics,169.98,2026-06-04 16:56:42,0
T107810,U10059,M1036,fashion,41.54,2026-06-04 17:28:59,0
T106364,U10160,M1031,travel,31.97,2026-06-04 18:18:54,0
T107909,U10131,M1002,restaurant,12.71,2026-06-04 18:20:09,0
T102036,U10171,M1001,utilities,111.98,2026-06-04 18:56:43,0
T102941,U10195,M1014,utilities,56.78,2026-06-04 19:02:16,0
T107044,U10182,M1011,pharmacy,43.78,2026-06-04 19:15:08,0
T106482,U10148,M1024,utilities,53.52,2026-06-04 19:16:09,0
T103560,U10072,M1043,gaming,35.61,2026-06-04 19:17:12,0
T102240,U10185,M1018,fashion,183.23,2026-06-04 19:45:02,0
T107065,U10216,M1056,gambling,9.84,2026-06-04 19:56:44,0
T101104,U10250,M1057,electronics,32.24,2026-06-04 19:59:34,0
T105170,U10006,M1051,electronics,19.41,2026-06-04 20:05:18,0
T107400,U10170,M1002,restaurant,25.55,2026-06-04 20:08:34,0
T105668,U10275,M1015,utilities,17.03,2026-06-04 20:36:37,0
T104755,U10200,M1047,fashion,8.08,2026-06-04 20:37:29,0
T103421,U10184,M1006,grocery,18.62,2026-06-04 21:01:52,0
T107543,U10115,M1006,grocery,17.41,2026-06-04 21:38:05,0
T106042,U10097,M1050,utilities,4.7,2026-06-04 22:12:19,0
T105055,U10117,M1050,utilities,33.88,2026-06-04 23:01:00,0
T107969,U10296,M1053,crypto,27.85,2026-06-04 23:23:03,0
T103004,U10273,M1028,gambling,47.7,2026-06-04 23:41:19,0
T101217,U10281,M1030,crypto,94.48,2026-06-04 23:42:05,0
T105532,U10017,M1037,fashion,55.83,2026-06-04 23:57:21,0
T102816,U10173,M1006,grocery,32.84,2026-06-05 00:26:52,0
T102594,U10134,M1029,crypto,78.72,2026-06-05 00:32:25,0
T100031,U10238,M1045,pharmacy,42.46,2026-06-05 01:57:43,0
T103377,U10199,M1048,restaurant,13.41,2026-06-05 02:32:48,0
T101050,U10257,M1057,electronics,29.64,2026-06-05 02:39:49,0
T106164,U10124,M1037,fashion,10.6,2026-06-05 03:31:10,0
T101064,U10108,M1013,utilities,73.86,2026-06-05 04:04:53,0
T102428,U10045,M1045,pharmacy,130.98,2026-06-05 04:32:28,0
T106752,U10015,M1037,fashion,50.03,2026-06-05 05:34:52,0
T103772,U10134,M1054,crypto,154.62,2026-06-05 05:47:59,0
T103051,U10290,M1011,pharmacy,35.1,2026-06-05 05:58:42,0
T101637,U10260,M1059,restaurant,14.69,2026-06-05 06:00:00,0
T105920,U10089,M1052,gaming,59.81,2026-06-05 06:05:33,0
T104362,U10278,M1036,fashion,124.46,2026-06-05 06:24:27,0
T102617,U10210,M1043,gaming,40.46,2026-06-05 06:48:59,0
T107747,U10044,M1035,grocery,17.02,2026-06-05 06:49:44,0
T100968,U10161,M1058,utilities,72.59,2026-06-05 07:01:36,0
T101697,U10068,M1053,crypto,26.18,2026-06-05 07:30:59,0
T103948,U10132,M1009,grocery,235.86,2026-06-05 07:51:46,0
T100528,U10032,M1018,fashion,47.06,2026-06-05 07:55:24,0
T101125,U10223,M1018,fashion,35.15,2026-06-05 08:42:42,0
T106511,U10151,M1048,restaurant,34.68,2026-06-05 09:40:56,0
T103943,U10185,M1012,utilities,38.31,2026-06-05 09:43:59,0
T100631,U10008,M1000,grocery,46.3,2026-06-05 10:06:15,0
T106956,U10282,M1014,utilities,82.83,2026-06-05 10:13:55,0
T105581,U10095,M1013,utilities,47.64,2026-06-05 10:32:20,0
T103447,U10266,M1032,grocery,56.11,2026-06-05 10:49:50,0
T107223,U10129,M1042,utilities,15.86,2026-06-05 11:01:36,0
T101966,U10293,M1049,utilities,124.17,2026-06-05 12:25:01,0
T104945,U10128,M1010,gambling,38.16,2026-06-05 12:52:52,0
T106088,U10067,M1003,crypto,16.19,2026-06-05 13:44:36,0
T102418,U10290,M1057,electronics,30.92,2026-06-05 13:58:08,0
T102647,U10001,M1050,utilities,39.96,2026-06-05 14:16:41,0
T104640,U10274,M1022,electronics,31.91,2026-06-05 14:16:51,0
T102748,U10039,M1011,pharmacy,17.53,2026-06-05 14:29:39,0
T103029,U10195,M1027,fashion,30.94,2026-06-05 15:37:26,0
T102960,U10108,M1018,fashion,323.08,2026-06-05 15:53:39,0
T106849,U10002,M1055,grocery,32.73,2026-06-05 16:41:27,0
T104824,U10200,M1030,crypto,57.3,2026-06-05 16:49:35,0
T106844,U10134,M1053,crypto,47.21,2026-06-05 17:05:07,0
T107253,U10055,M1059,restaurant,35.83,2026-06-05 17:24:12,0
T103125,U10014,M1048,restaurant,53.66,2026-06-05 17:57:12,0
T105213,U10021,M1053,crypto,162.66,2026-06-05 18:08:35,0
T106586,U10122,M1007,restaurant,9.71,2026-06-05 18:59:07,0
T100622,U10008,M1021,gaming,3.68,2026-06-05 19:15:03,0
T105918,U10232,M1017,electronics,44.02,2026-06-05 19:20:11,0
T107113,U10241,M1025,restaurant,26.17,2026-06-05 19:48:11,0
T105953,U10101,M1052,gaming,3.12,2026-06-05 19:56:01,0
T102593,U10134,M1016,gambling,118.76,2026-06-05 20:00:50,0
T104149,U10277,M1008,travel,96.63,2026-06-05 20:24:37,0
T105721,U10088,M1046,crypto,75.88,2026-06-05 20:28:03,0
T106819,U10291,M1011,pharmacy,38.59,2026-06-05 20:38:10,0
T104751,U10283,M1022,electronics,34.22,2026-06-05 20:40:28,0
T106628,U10243,M1037,fashion,120.93,2026-06-05 20:53:06,0
T107040,U10231,M1025,restaurant,7.24,2026-06-05 21:09:44,0
T102567,U10204,M1005,fashion,40.14,2026-06-05 21:15:36,0
T101721,U10203,M1018,fashion,140.06,2026-06-05 21:36:04,0
T100987,U10290,M1029,crypto,51.27,2026-06-05 21:40:25,0
T103356,U10041,M1054,crypto,15.38,2026-06-05 21:43:22,0
T102607,U10068,M1008,travel,63.26,2026-06-05 21:47:07,0
T107867,U10047,M1004,crypto,110.19,2026-06-05 21:47:32,0
T102283,U10277,M1047,fashion,84.81,2026-06-05 23:18:28,0
T105288,U10216,M1016,gambling,5.28,2026-06-05 23:48:47,0
T101952,U10192,M1022,electronics,22.46,2026-06-06 00:08:08,0
T107621,U10171,M1023,pharmacy,475.77,2026-06-06 00:33:59,0
T107599,U10119,M1053,crypto,26.92,2026-06-06 00:39:09,0
T103952,U10203,M1002,restaurant,81.11,2026-06-06 00:47:48,0
T104675,U10298,M1033,gambling,15.44,2026-06-06 00:49:42,0
T103985,U10115,M1014,utilities,33.47,2026-06-06 01:11:41,0
T101132,U10163,M1020,gambling,33.57,2026-06-06 01:21:04,0
T107334,U10209,M1035,grocery,26.46,2026-06-06 01:46:25,0
T107878,U10271,M1038,travel,21.14,2026-06-06 02:55:31,0
T101331,U10261,M1022,electronics,14.7,2026-06-06 03:07:18,0
T105472,U10152,M1004,crypto,37.77,2026-06-06 03:10:26,0
T104372,U10094,M1013,utilities,110.06,2026-06-06 03:19:41,0
T101179,U10160,M1009,grocery,130.83,2026-06-06 03:37:29,0
T101153,U10002,M1033,gambling,17.46,2026-06-06 03:56:04,0
T102379,U10015,M1050,utilities,92.0,2026-06-06 04:00:58,0
T107602,U10272,M1039,restaurant,55.38,2026-06-06 04:12:12,0
T101803,U10298,M1003,crypto,33.73,2026-06-06 04:31:38,0
T103484,U10157,M1059,restaurant,13.04,2026-06-06 04:37:06,0
T105319,U10237,M1007,restaurant,12.07,2026-06-06 04:49:46,0
T106684,U10006,M1032,grocery,33.21,2026-06-06 05:48:16,0
T106971,U10027,M1028,gambling,71.52,2026-06-06 05:58:07,0
T102692,U10019,M1055,grocery,31.5,2026-06-06 06:03:10,0
T104977,U10254,M1056,gambling,22.69,2026-06-06 06:59:52,0
T102860,U10211,M1001,utilities,52.83,2026-06-06 08:20:51,0
T100603,U10242,M1019,crypto,29.78,2026-06-06 08:45:15,0
T103387,U10291,M1042,utilities,32.63,2026-06-06 08:45:26,0
T100080,U10176,M1004,crypto,28.55,2026-06-06 10:40:27,0
T100665,U10231,M1007,restaurant,44.19,2026-06-06 11:05:18,0
T103114,U10161,M1049,utilities,40.04,2026-06-06 11:09:28,0
T107204,U10095,M1043,gaming,288.82,2026-06-06 11:18:39,0
T102861,U10148,M1055,grocery,142.54,2026-06-06 11:24:44,1
T101349,U10267,M1030,crypto,173.01,2026-06-06 11:29:52,0
T103705,U10260,M1056,gambling,92.36,2026-06-06 11:41:47,0
T104269,U10230,M1038,travel,84.58,2026-06-06 11:57:06,0
T100579,U10271,M1027,fashion,16.19,2026-06-06 14:04:42,0
T102883,U10257,M1036,fashion,54.38,2026-06-06 14:12:41,0
T107699,U10285,M1006,grocery,17.9,2026-06-06 14:15:25,0
T100410,U10183,M1052,gaming,45.79,2026-06-06 15:10:46,1
T106923,U10198,M1009,grocery,32.13,2026-06-06 15:18:10,0
T102644,U10272,M1059,restaurant,56.81,2026-06-06 15:18:57,0
T107919,U10299,M1043,gaming,14.82,2026-06-06 16:10:33,0
T101462,U10217,M1010,gambling,106.53,2026-06-06 16:23:07,0
T100441,U10238,M1058,utilities,23.32,2026-06-06 16:32:46,0
T103543,U10084,M1050,utilities,16.89,2026-06-06 16:59:29,0
T104183,U10219,M1034,fashion,15.29,2026-06-06 17:17:16,1
T101521,U10012,M1026,crypto,29.68,2026-06-06 17:18:51,0
T100167,U10116,M1016,gambling,18.62,2026-06-06 17:36:39,0
T101777,U10171,M1003,crypto,164.75,2026-06-06 17:41:32,0
T100087,U10026,M1028,gambling,85.7,2026-06-06 17:42:17,1
T103483,U10203,M1009,grocery,71.95,2026-06-06 17:50:14,0
T101303,U10119,M1025,restaurant,18.74,2026-06-06 18:06:57,0
T104718,U10064,M1022,electronics,19.77,2026-06-06 18:21:59,0
T100559,U10056,M1059,restaurant,333.44,2026-06-06 18:22:58,0
T107461,U10008,M1049,utilities,31.49,2026-06-06 18:31:05,0
T101007,U10109,M1054,crypto,161.79,2026-06-06 18:49:03,0
T102245,U10132,M1029,crypto,19.04,2026-06-06 18:55:18,0
T107033,U10075,M1033,gambling,15.77,2026-06-06 19:05:40,0
T106540,U10008,M1034,fashion,52.36,2026-06-06 19:17:03,0
T103594,U10282,M1048,restaurant,278.08,2026-06-06 19:50:33,0
T104517,U10281,M1003,crypto,34.46,2026-06-06 20:09:59,1
T106729,U10229,M1041,utilities,4.5,2026-06-06 20:14:10,0
T101148,U10031,M1001,utilities,47.45,2026-06-06 20:26:40,0
T105107,U10004,M1004,crypto,39.11,2026-06-06 20:59:04,0
T103974,U10007,M1009,grocery,768.53,2026-06-06 21:13:24,0
T100698,U10284,M1011,pharmacy,146.02,2026-06-06 21:16:05,0
T104651,U10122,M1031,travel,9.29,2026-06-06 21:23:38,0
T105701,U10219,M1017,electronics,22.12,2026-06-06 21:29:29,0
T104712,U10123,M1035,grocery,54.16,2026-06-06 21:38:19,0
T105717,U10040,M1039,restaurant,11.84,2026-06-06 21:45:39,0
T105384,U10236,M1040,electronics,59.43,2026-06-06 21:58:52,0
T100120,U10283,M1017,electronics,18.45,2026-06-06 22:30:08,0
T101283,U10228,M1035,grocery,74.16,2026-06-06 22:45:54,0
T105337,U10257,M1038,travel,95.93,2026-06-06 23:11:28,0
T106483,U10097,M1036,fashion,23.64,2026-06-06 23:39:04,0
T102907,U10031,M1037,fashion,25.46,2026-06-07 00:17:36,0
T104104,U10225,M1005,fashion,54.15,2026-06-07 00:26:33,0
T100596,U10169,M1039,restaurant,32.66,2026-06-07 00:39:21,0
T101882,U10099,M1055,grocery,6.35,2026-06-07 01:15:49,0
T105785,U10011,M1048,restaurant,38.48,2026-06-07 01:31:02,0
T104838,U10063,M1032,grocery,362.52,2026-06-07 01:58:27,0
T103796,U10194,M1015,utilities,27.75,2026-06-07 02:13:28,0
T100438,U10078,M1019,crypto,22.16,2026-06-07 02:38:29,0
T105805,U10021,M1021,gaming,41.15,2026-06-07 02:40:04,0
T100543,U10284,M1029,crypto,77.1,2026-06-07 02:51:14,0
T106012,U10235,M1013,utilities,46.09,2026-06-07 02:55:06,0
T101054,U10181,M1015,utilities,22.69,2026-06-07 03:36:03,0
T104875,U10244,M1007,restaurant,58.85,2026-06-07 04:16:35,0
T104530,U10181,M1018,fashion,33.99,2026-06-07 04:28:31,0
T101341,U10272,M1011,pharmacy,64.66,2026-06-07 04:55:38,0
T106886,U10208,M1028,gambling,60.2,2026-06-07 05:21:39,0
T106608,U10238,M1043,gaming,43.93,2026-06-07 05:22:34,0
T104603,U10043,M1036,fashion,56.98,2026-06-07 05:58:40,0
T104408,U10190,M1054,crypto,28.04,2026-06-07 06:08:43,0
T101892,U10191,M1035,grocery,43.08,2026-06-07 06:10:49,0
T104005,U10260,M1043,gaming,16.29,2026-06-07 06:19:01,0
T105286,U10004,M1046,crypto,171.29,2026-06-07 06:27:20,0
T103607,U10045,M1025,restaurant,22.55,2026-06-07 06:27:54,0
T105044,U10239,M1022,electronics,69.71,2026-06-07 06:38:41,0
T103660,U10040,M1016,gambling,14.08,2026-06-07 06:44:37,0
T103469,U10293,M1019,crypto,251.34,2026-06-07 06:53:59,1
T103366,U10273,M1031,travel,35.71,2026-06-07 07:21:41,0
T105354,U10060,M1056,gambling,96.47,2026-06-07 07:29:25,0
T105523,U10109,M1050,utilities,200.0,2026-06-07 07:41:01,0
T107708,U10296,M1011,pharmacy,35.75,2026-06-07 07:59:42,0
T102324,U10225,M1035,grocery,44.35,2026-06-07 08:08:20,0
T105770,U10161,M1040,electronics,100.21,2026-06-07 08:19:44,0
T101131,U10210,M1054,crypto,61.09,2026-06-07 10:05:05,0
T101914,U10140,M1023,pharmacy,79.37,2026-06-07 10:07:39,0
T104526,U10075,M1023,pharmacy,14.41,2026-06-07 10:11:02,0
T102719,U10132,M1059,restaurant,88.26,2026-06-07 10:31:26,0
T103922,U10052,M1012,utilities,29.23,2026-06-07 11:08:57,0
T106078,U10141,M1040,electronics,30.39,2026-06-07 11:14:22,0
T104387,U10192,M1051,electronics,74.26,2026-06-07 11:26:40,0
T107529,U10278,M1036,fashion,75.89,2026-06-07 13:01:12,0
T101670,U10051,M1031,travel,92.98,2026-06-07 13:03:17,0
T106693,U10184,M1002,restaurant,39.54,2026-06-07 13:07:20,0
T101898,U10156,M1000,grocery,21.72,2026-06-07 13:14:04,0
T100027,U10213,M1009,grocery,30.12,2026-06-07 13:19:46,0
T100864,U10047,M1044,grocery,25.76,2026-06-07 13:43:26,0
T106765,U10058,M1033,gambling,89.31,2026-06-07 14:41:47,0
T107948,U10210,M1045,pharmacy,10.17,2026-06-07 14:54:41,0
T102441,U10251,M1053,crypto,8.61,2026-06-07 14:56:25,0
T104420,U10034,M1012,utilities,128.6,2026-06-07 15:17:54,0
T104334,U10110,M1051,electronics,62.59,2026-06-07 15:28:59,0
T102497,U10002,M1055,grocery,60.59,2026-06-07 15:41:17,0
T103861,U10120,M1020,gambling,35.95,2026-06-07 15:54:37,0
T103942,U10033,M1035,grocery,49.61,2026-06-07 15:55:09,0
T101262,U10058,M1029,crypto,62.53,2026-06-07 16:03:19,0
T100590,U10287,M1046,crypto,58.33,2026-06-07 16:05:39,0
T102990,U10038,M1031,travel,59.36,2026-06-07 16:44:31,0
T103487,U10201,M1047,fashion,57.82,2026-06-07 17:01:55,0
T102095,U10251,M1053,crypto,17.9,2026-06-07 17:06:33,0
T106373,U10205,M1001,utilities,50.28,2026-06-07 17:23:14,0
T100505,U10052,M1020,gambling,27.43,2026-06-07 17:50:39,0
T101656,U10215,M1009,grocery,6.92,2026-06-07 18:54:37,0
T106720,U10111,M1027,fashion,14.21,2026-06-07 18:56:14,0
T100839,U10227,M1023,pharmacy,51.78,2026-06-07 19:00:39,0
T105515,U10005,M1009,grocery,292.95,2026-06-07 19:24:22,0
T101486,U10189,M1049,utilities,23.96,2026-06-07 19:47:02,0
T104382,U10017,M1039,restaurant,22.92,2026-06-07 19:57:04,0
T106030,U10258,M1003,crypto,16.69,2026-06-07 20:11:17,0
T100411,U10082,M1048,restaurant,11.07,2026-06-07 21:08:35,0
T104770,U10134,M1041,utilities,40.27,2026-06-07 21:32:46,0
T104399,U10275,M1031,travel,20.51,2026-06-07 22:01:46,0
T103427,U10067,M1024,utilities,30.01,2026-06-07 22:22:06,0
T100830,U10161,M1026,crypto,17.46,2026-06-07 22:50:41,0
T104083,U10088,M1059,restaurant,83.22,2026-06-07 22:51:07,0
T107750,U10173,M1027,fashion,19.71,2026-06-07 23:35:19,0
T107727,U10296,M1010,gambling,22.55,2026-06-08 00:07:59,1
T102800,U10100,M1045,pharmacy,36.4,2026-06-08 00:26:18,0
T102435,U10198,M1059,restaurant,45.51,2026-06-08 00:54:31,0
T106475,U10075,M1016,gambling,33.04,2026-06-08 01:15:11,0
T100435,U10261,M1052,gaming,50.83,2026-06-08 01:27:48,0
T106954,U10273,M1024,utilities,16.68,2026-06-08 01:46:22,0
T102974,U10146,M1052,gaming,27.89,2026-06-08 02:11:28,1
T105585,U10213,M1053,crypto,4.8,2026-06-08 02:21:26,0
T102499,U10194,M1032,grocery,69.75,2026-06-08 02:44:18,0
T100442,U10241,M1049,utilities,31.87,2026-06-08 03:47:04,0
T101753,U10156,M1022,electronics,26.91,2026-06-08 04:07:36,0
T104013,U10287,M1028,gambling,62.81,2026-06-08 04:11:20,0
T105664,U10119,M1040,electronics,15.38,2026-06-08 04:51:50,0
T101046,U10175,M1007,restaurant,49.81,2026-06-08 04:53:21,0
T107086,U10296,M1014,utilities,8.06,2026-06-08 05:07:35,0
T100489,U10236,M1037,fashion,60.07,2026-06-08 06:26:20,0
T100134,U10150,M1043,gaming,74.55,2026-06-08 06:37:46,0
T101078,U10198,M1056,gambling,16.9,2026-06-08 06:50:49,0
T102183,U10029,M1000,grocery,82.08,2026-06-08 06:55:52,0
T105586,U10047,M1019,crypto,89.45,2026-06-08 07:11:05,0
T106220,U10000,M1036,fashion,149.65,2026-06-08 07:22:52,0
T104639,U10158,M1028,gambling,11.42,2026-06-08 07:27:54,0
T107500,U10265,M1028,gambling,501.99,2026-06-08 07:34:58,0
T104352,U10206,M1014,utilities,27.0,2026-06-08 07:38:04,0
T103409,U10158,M1033,gambling,22.35,2026-06-08 07:50:50,0
T100865,U10239,M1024,utilities,78.17,2026-06-08 07:51:37,0
T106973,U10182,M1046,crypto,38.27,2026-06-08 09:01:34,0
T106498,U10000,M1043,gaming,365.41,2026-06-08 09:40:03,1
T103816,U10160,M1050,utilities,76.37,2026-06-08 10:29:22,0
T104501,U10085,M1021,gaming,11.66,2026-06-08 10:34:57,0
T100365,U10102,M1041,utilities,23.64,2026-06-08 10:59:46,0
T103992,U10232,M1053,crypto,73.48,2026-06-08 11:16:02,0
T101185,U10218,M1039,restaurant,190.16,2026-06-08 11:34:15,0
T100072,U10026,M1044,grocery,6.42,2026-06-08 11:55:12,0
T102423,U10252,M1027,fashion,36.3,2026-06-08 11:57:04,0
T105940,U10123,M1048,restaurant,11.35,2026-06-08 12:02:02,0
T105948,U10267,M1019,crypto,27.98,2026-06-08 12:05:07,0
T100776,U10081,M1022,electronics,22.69,2026-06-08 13:13:31,0
T100020,U10143,M1028,gambling,38.51,2026-06-08 14:16:16,0
T105993,U10065,M1056,gambling,385.66,2026-06-08 15:26:30,0
T106176,U10178,M1058,utilities,14.69,2026-06-08 15:38:38,0
T102998,U10275,M1041,utilities,18.88,2026-06-08 15:40:50,0
T101767,U10073,M1002,restaurant,35.62,2026-06-08 15:53:47,0
T107048,U10147,M1016,gambling,47.28,2026-06-08 16:14:58,0
T106130,U10029,M1022,electronics,81.49,2026-06-08 16:56:18,0
T100140,U10035,M1006,grocery,78.67,2026-06-08 17:01:20,0
T106759,U10018,M1028,gambling,37.71,2026-06-08 17:29:14,0
T101004,U10255,M1006,grocery,24.84,2026-06-08 17:31:23,0
T104997,U10176,M1027,fashion,16.03,2026-06-08 17:41:48,1
T105728,U10219,M1032,grocery,19.64,2026-06-08 18:23:54,0
T102242,U10241,M1039,restaurant,31.22,2026-06-08 19:10:39,0
T104877,U10069,M1052,gaming,36.32,2026-06-08 19:24:37,0
T106644,U10160,M1005,fashion,70.6,2026-06-08 19:29:23,0
T106823,U10086,M1047,fashion,29.33,2026-06-08 20:09:55,0
T102334,U10077,M1052,gaming,11.81,2026-06-08 20:29:29,0
T100935,U10068,M1032,grocery,33.08,2026-06-08 20:33:37,0
T100470,U10277,M1047,fashion,68.05,2026-06-08 20:38:29,0
T101954,U10137,M1004,crypto,12.67,2026-06-08 20:52:06,0
T105324,U10101,M1024,utilities,18.36,2026-06-08 20:59:47,0
T107516,U10078,M1046,crypto,22.87,2026-06-08 21:19:46,0
T103697,U10034,M1051,electronics,33.22,2026-06-08 21:19:56,0
T101561,U10133,M1008,travel,87.24,2026-06-08 21:24:15,0
T104189,U10202,M1012,utilities,48.14,2026-06-08 21:26:30,0
T104386,U10128,M1017,electronics,45.89,2026-06-08 21:40:11,0
T104689,U10142,M1026,crypto,21.0,2026-06-08 22:23:07,0
T106561,U10230,M1046,crypto,67.43,2026-06-08 23:28:34,0
T104577,U10201,M1017,electronics,12.56,2026-06-08 23:38:20,0
T106802,U10178,M1057,electronics,12.35,2026-06-08 23:44:05,0
T106566,U10000,M1054,crypto,393.55,2026-06-09 00:05:47,0
T101506,U10230,M1040,electronics,48.9,2026-06-09 00:53:53,0
T101993,U10163,M1013,utilities,96.51,2026-06-09 01:06:25,0
T107343,U10138,M1042,utilities,49.98,2026-06-09 01:25:18,0
T101947,U10101,M1051,electronics,25.59,2026-06-09 02:31:44,0
T104740,U10085,M1035,grocery,31.56,2026-06-09 02:34:27,0
T101862,U10137,M1004,crypto,74.36,2026-06-09 03:01:35,0
T106632,U10296,M1017,electronics,29.14,2026-06-09 03:16:10,0
T103211,U10139,M1057,electronics,107.64,2026-06-09 03:42:06,0
T100001,U10156,M1036,fashion,27.12,2026-06-09 03:47:00,0
T107694,U10038,M1035,grocery,24.48,2026-06-09 03:48:40,0
T104703,U10248,M1044,grocery,56.84,2026-06-09 05:48:09,0
T100962,U10037,M1009,grocery,13.95,2026-06-09 06:50:03,0
T106239,U10156,M1032,grocery,91.71,2026-06-09 06:53:32,0
T106117,U10243,M1052,gaming,37.67,2026-06-09 07:07:30,0
T100684,U10098,M1001,utilities,22.26,2026-06-09 07:22:19,0
T106824,U10298,M1050,utilities,16.22,2026-06-09 07:28:35,0
T102565,U10083,M1018,fashion,15.99,2026-06-09 07:45:36,0
T104244,U10238,M1040,electronics,37.08,2026-06-09 08:50:39,0
T101912,U10124,M1028,gambling,27.48,2026-06-09 09:13:29,0
T104284,U10209,M1037,fashion,17.92,2026-06-09 09:50:32,0
T104682,U10110,M1003,crypto,443.44,2026-06-09 09:52:05,0
T101651,U10141,M1030,crypto,59.6,2026-06-09 10:00:04,0
T106378,U10265,M1053,crypto,28.72,2026-06-09 10:17:51,0
T105584,U10044,M1058,utilities,45.19,2026-06-09 10:23:19,0
T105243,U10227,M1006,grocery,31.94,2026-06-09 10:27:51,0
T103072,U10214,M1049,utilities,143.53,2026-06-09 10:59:14,0
T107147,U10021,M1057,electronics,34.97,2026-06-09 11:43:52,0
T103002,U10047,M1020,gambling,53.96,2026-06-09 11:55:16,0
T102632,U10166,M1052,gaming,72.45,2026-06-09 12:18:36,0
T100878,U10158,M1056,gambling,28.47,2026-06-09 12:48:43,0
T100934,U10072,M1054,crypto,12.8,2026-06-09 13:30:16,0
T107729,U10241,M1058,utilities,29.43,2026-06-09 13:48:13,0
T102713,U10037,M1004,crypto,73.72,2026-06-09 13:49:12,0
T104725,U10079,M1030,crypto,51.28,2026-06-09 13:55:39,0
T103026,U10190,M1021,gaming,24.08,2026-06-09 14:14:04,0
T106531,U10059,M1023,pharmacy,81.84,2026-06-09 14:46:58,0
T107514,U10190,M1018,fashion,30.77,2026-06-09 15:06:11,0
T103953,U10283,M1034,fashion,50.96,2026-06-09 15:50:13,0
T100478,U10163,M1056,gambling,64.48,2026-06-09 15:58:34,0
T100577,U10241,M1054,crypto,60.3,2026-06-09 16:01:02,0
T107903,U10254,M1021,gaming,61.66,2026-06-09 16:10:18,0
T106003,U10139,M1047,fashion,12.82,2026-06-09 17:01:51,0
T105250,U10217,M1042,utilities,99.42,2026-06-09 17:06:00,0
T102069,U10156,M1020,gambling,48.01,2026-06-09 17:48:36,0
T106259,U10269,M1056,gambling,38.67,2026-06-09 18:03:43,0
T104378,U10189,M1038,travel,44.14,2026-06-09 18:24:31,0
T106282,U10011,M1005,fashion,42.31,2026-06-09 18:32:22,0
T101101,U10268,M1005,fashion,13.98,2026-06-09 18:46:10,0
T102083,U10040,M1038,travel,46.9,2026-06-09 18:53:45,0
T104421,U10224,M1016,gambling,15.55,2026-06-09 18:54:15,0
T100870,U10269,M1056,gambling,26.61,2026-06-09 19:53:30,0
T101941,U10103,M1029,crypto,67.36,2026-06-09 20:06:50,1
T102124,U10070,M1053,crypto,40.29,2026-06-09 20:16:46,0
T100324,U10113,M1011,pharmacy,74.79,2026-06-09 20:19:59,0
T101450,U10272,M1029,crypto,82.41,2026-06-09 20:52:04,0
T102105,U10017,M1057,electronics,25.97,2026-06-09 21:45:49,0
T101743,U10039,M1008,travel,35.1,2026-06-09 22:54:05,0
T106432,U10205,M1020,gambling,28.23,2026-06-09 22:56:44,0
T107311,U10064,M1017,electronics,12.84,2026-06-09 23:05:01,0
T102202,U10260,M1057,electronics,248.26,2026-06-09 23:29:59,0
T105169,U10294,M1050,utilities,72.43,2026-06-09 23:35:50,0
T102646,U10142,M1044,grocery,64.53,2026-06-09 23:42:15,0
T105244,U10290,M1038,travel,74.7,2026-06-10 00:31:25,0
T100129,U10062,M1024,utilities,45.86,2026-06-10 00:42:29,0
T103678,U10160,M1028,gambling,52.33,2026-06-10 00:56:35,0
T106293,U10185,M1058,utilities,43.55,2026-06-10 01:52:30,0
T106614,U10081,M1056,gambling,54.13,2026-06-10 02:45:51,0
T107478,U10283,M1032,grocery,23.87,2026-06-10 02:54:51,0
T106683,U10055,M1001,utilities,52.26,2026-06-10 02:58:35,0
T100901,U10096,M1002,restaurant,68.87,2026-06-10 03:49:52,0
T103018,U10172,M1048,restaurant,30.53,2026-06-10 03:51:59,0
T107112,U10079,M1006,grocery,29.01,2026-06-10 04:52:14,0
T104418,U10286,M1052,gaming,43.64,2026-06-10 04:54:46,0
T106397,U10048,M1017,electronics,59.39,2026-06-10 06:25:25,0
T101606,U10255,M1052,gaming,18.7,2026-06-10 06:29:13,0
T105416,U10096,M1010,gambling,901.4,2026-06-10 06:33:03,0
T101100,U10103,M1017,electronics,70.5,2026-06-10 06:48:18,0
T100065,U10036,M1059,restaurant,356.1,2026-06-10 06:48:20,0
T100130,U10097,M1029,crypto,21.27,2026-06-10 07:09:39,0
T107457,U10263,M1023,pharmacy,10.29,2026-06-10 07:28:19,0
T103783,U10131,M1051,electronics,35.44,2026-06-10 07:42:35,0
T105906,U10152,M1055,grocery,38.89,2026-06-10 08:02:37,0
T104062,U10066,M1053,crypto,57.93,2026-06-10 08:22:56,0
T104857,U10112,M1028,gambling,13.04,2026-06-10 08:27:14,0
T106529,U10235,M1018,fashion,41.5,2026-06-10 08:27:40,0
T100260,U10277,M1031,travel,116.49,2026-06-10 08:42:35,0
T102465,U10079,M1021,gaming,24.58,2026-06-10 08:49:13,0
T100869,U10070,M1035,grocery,38.04,2026-06-10 09:19:39,0
T102976,U10209,M1046,crypto,28.72,2026-06-10 09:32:54,0
T100907,U10145,M1049,utilities,33.21,2026-06-10 10:09:34,0
T101476,U10024,M1035,grocery,40.12,2026-06-10 10:19:06,0
T102625,U10074,M1045,pharmacy,12.93,2026-06-10 10:22:29,0
T100910,U10072,M1050,utilities,71.75,2026-06-10 10:45:40,0
T107587,U10011,M1040,electronics,72.2,2026-06-10 10:57:32,0
T106021,U10086,M1058,utilities,38.18,2026-06-10 11:22:42,0
T101044,U10176,M1048,restaurant,26.47,2026-06-10 11:24:24,0
T107539,U10081,M1010,gambling,30.36,2026-06-10 12:19:26,0
T104918,U10109,M1036,fashion,67.7,2026-06-10 12:29:20,0
T104806,U10200,M1042,utilities,24.77,2026-06-10 13:21:59,0
T104299,U10299,M1007,restaurant,30.11,2026-06-10 13:44:14,0
T103266,U10274,M1027,fashion,93.49,2026-06-10 13:45:43,0
T104137,U10217,M1026,crypto,73.89,2026-06-10 13:54:51,0
T101756,U10187,M1046,crypto,124.91,2026-06-10 14:35:34,0
T106510,U10205,M1010,gambling,70.38,2026-06-10 14:48:34,0
T104668,U10007,M1002,restaurant,35.78,2026-06-10 15:13:13,0
T104066,U10140,M1043,gaming,24.45,2026-06-10 15:27:29,0
T105172,U10163,M1021,gaming,42.99,2026-06-10 15:36:01,0
T106636,U10270,M1030,crypto,196.43,2026-06-10 16:34:47,0
T105358,U10296,M1002,restaurant,30.75,2026-06-10 17:33:54,0
T104944,U10072,M1029,crypto,60.24,2026-06-10 17:36:49,0
T107030,U10094,M1000,grocery,62.27,2026-06-10 17:53:33,0
T106025,U10230,M1034,fashion,25.34,2026-06-10 18:16:43,0
T105074,U10034,M1005,fashion,165.53,2026-06-10 18:31:44,0
T103016,U10131,M1043,gaming,5.73,2026-06-10 18:32:58,0
T103243,U10155,M1009,grocery,93.62,2026-06-10 19:09:39,0
T105037,U10151,M1035,grocery,33.95,2026-06-10 19:46:04,0
T105957,U10249,M1007,restaurant,25.93,2026-06-10 20:01:34,0
T105784,U10182,M1047,fashion,115.57,2026-06-10 20:16:08,0
T101439,U10278,M1046,crypto,72.87,2026-06-10 20:26:02,0
T106524,U10197,M1001,utilities,102.6,2026-06-10 20:43:54,0
T103810,U10074,M1015,utilities,32.62,2026-06-10 20:45:20,0
T102706,U10165,M1052,gaming,29.9,2026-06-10 20:57:09,0
T103290,U10295,M1046,crypto,65.48,2026-06-10 20:57:57,0
T102098,U10260,M1056,gambling,61.84,2026-06-10 21:06:06,0
T100297,U10017,M1002,restaurant,36.66,2026-06-10 21:07:37,0
T104779,U10250,M1054,crypto,138.54,2026-06-10 21:39:55,0
T100019,U10291,M1024,utilities,20.18,2026-06-10 21:55:51,0
T107868,U10150,M1013,utilities,114.99,2026-06-10 22:02:59,0
T102933,U10033,M1029,crypto,31.24,2026-06-10 22:24:46,0
T103456,U10241,M1021,gaming,41.94,2026-06-10 22:32:32,0
T104325,U10099,M1017,electronics,26.39,2026-06-10 23:05:27,0
T102610,U10024,M1031,travel,90.95,2026-06-10 23:07:11,0
T105652,U10255,M1049,utilities,27.46,2026-06-10 23:07:15,0
T104574,U10066,M1017,electronics,18.36,2026-06-11 00:44:34,0
T100661,U10097,M1036,fashion,42.52,2026-06-11 01:34:51,0
T101772,U10057,M1016,gambling,10.19,2026-06-11 02:14:18,0
T102696,U10205,M1058,utilities,92.02,2026-06-11 03:31:21,0
T107665,U10102,M1013,utilities,42.68,2026-06-11 03:53:19,0
T103293,U10007,M1042,utilities,15.39,2026-06-11 04:15:12,0
T106310,U10066,M1049,utilities,26.43,2026-06-11 04:22:25,0
T102433,U10036,M1010,gambling,53.66,2026-06-11 04:27:15,1
T100626,U10165,M1018,fashion,106.17,2026-06-11 04:53:57,0
T103084,U10131,M1048,restaurant,28.08,2026-06-11 04:55:49,0
T103733,U10038,M1008,travel,35.64,2026-06-11 06:21:00,0
T107245,U10134,M1039,restaurant,74.56,2026-06-11 06:34:43,0
T103811,U10154,M1045,pharmacy,19.89,2026-06-11 07:38:45,0
T102909,U10230,M1034,fashion,35.93,2026-06-11 07:53:11,0
T101061,U10209,M1007,restaurant,71.22,2026-06-11 08:18:33,0
T106173,U10109,M1028,gambling,141.26,2026-06-11 08:35:42,0
T105470,U10019,M1041,utilities,44.35,2026-06-11 09:06:16,0
T103375,U10089,M1039,restaurant,15.4,2026-06-11 09:47:56,0
T102967,U10134,M1025,restaurant,21.94,2026-06-11 09:48:20,0
T100364,U10262,M1009,grocery,62.3,2026-06-11 11:00:40,0
T100790,U10190,M1039,restaurant,14.18,2026-06-11 11:11:43,0
T105878,U10154,M1038,travel,40.97,2026-06-11 11:17:53,0
T107880,U10059,M1050,utilities,58.8,2026-06-11 11:39:24,0
T107879,U10117,M1038,travel,26.64,2026-06-11 11:46:20,0
T107620,U10048,M1044,grocery,53.54,2026-06-11 12:56:30,0
T102640,U10251,M1039,restaurant,15.53,2026-06-11 12:58:19,0
T102256,U10125,M1004,crypto,20.05,2026-06-11 13:01:16,0
T104916,U10100,M1047,fashion,9.47,2026-06-11 13:24:46,0
T102554,U10267,M1038,travel,14.0,2026-06-11 13:28:39,0
T102906,U10193,M1002,restaurant,28.21,2026-06-11 13:34:35,0
T107465,U10289,M1032,grocery,52.52,2026-06-11 14:04:45,0
T106422,U10221,M1050,utilities,37.66,2026-06-11 14:51:26,0
T105588,U10203,M1020,gambling,54.03,2026-06-11 15:51:14,0
T105867,U10062,M1027,fashion,109.76,2026-06-11 16:18:12,0
T106435,U10139,M1041,utilities,29.92,2026-06-11 16:33:15,0
T101897,U10074,M1026,crypto,45.88,2026-06-11 17:09:57,0
T101256,U10269,M1029,crypto,44.43,2026-06-11 17:27:43,0
T107077,U10016,M1041,utilities,141.28,2026-06-11 18:04:21,0
T107434,U10188,M1018,fashion,29.01,2026-06-11 18:25:21,0
T104034,U10201,M1051,electronics,486.51,2026-06-11 19:07:45,0
T103633,U10157,M1032,grocery,13.23,2026-06-11 19:49:48,0
T103443,U10012,M1024,utilities,10.47,2026-06-11 19:52:43,0
T106643,U10288,M1008,travel,61.25,2026-06-11 20:47:12,0
T106401,U10095,M1050,utilities,52.34,2026-06-11 21:45:30,0
T103858,U10197,M1017,electronics,45.28,2026-06-11 21:49:14,0
T104442,U10005,M1045,pharmacy,41.07,2026-06-11 22:01:39,0
T105580,U10067,M1009,grocery,37.28,2026-06-11 22:39:58,0
T107597,U10000,M1016,gambling,206.62,2026-06-11 23:51:20,1
T107087,U10081,M1005,fashion,32.73,2026-06-11 23:57:48,0
T104794,U10113,M1035,grocery,38.68,2026-06-12 00:28:25,0
T104967,U10158,M1058,utilities,17.96,2026-06-12 01:39:40,0
T105704,U10142,M1005,fashion,20.83,2026-06-12 01:57:05,0
T107152,U10013,M1054,crypto,16.77,2026-06-12 01:59:34,0
T105739,U10089,M1056,gambling,8.56,2026-06-12 02:13:38,0
T107549,U10020,M1025,restaurant,36.65,2026-06-12 02:18:53,0
T100814,U10071,M1058,utilities,67.3,2026-06-12 02:57:42,0
T100472,U10181,M1036,fashion,19.67,2026-06-12 03:00:04,0
T102777,U10062,M1059,restaurant,39.07,2026-06-12 03:27:28,0
T101309,U10086,M1003,crypto,121.64,2026-06-12 03:55:42,0
T107780,U10088,M1057,electronics,55.39,2026-06-12 05:13:11,0
T102716,U10232,M1059,restaurant,30.33,2026-06-12 05:15:21,0
T103480,U10285,M1022,electronics,39.11,2026-06-12 05:18:26,0
T100640,U10096,M1023,pharmacy,422.48,2026-06-12 05:21:19,0
T105688,U10136,M1048,restaurant,25.59,2026-06-12 05:57:26,0
T102210,U10284,M1012,utilities,36.5,2026-06-12 05:57:47,0
T101597,U10284,M1033,gambling,31.45,2026-06-12 06:27:23,0
T104129,U10165,M1059,restaurant,11.54,2026-06-12 07:03:15,0
T101435,U10139,M1010,gambling,70.68,2026-06-12 07:06:48,0
T103273,U10197,M1000,grocery,1657.81,2026-06-12 07:13:15,1
T101712,U10161,M1012,utilities,47.77,2026-06-12 07:29:29,0
T100290,U10118,M1011,pharmacy,153.58,2026-06-12 08:46:34,0
T104752,U10145,M1051,electronics,31.88,2026-06-12 08:52:05,0
T100573,U10152,M1001,utilities,22.84,2026-06-12 09:13:44,0
T107604,U10164,M1023,pharmacy,175.16,2026-06-12 09:29:40,0
T107523,U10236,M1017,electronics,72.64,2026-06-12 09:41:19,0
T105809,U10046,M1045,pharmacy,104.88,2026-06-12 09:44:14,0
T104650,U10136,M1016,gambling,27.48,2026-06-12 09:45:25,0
T101360,U10125,M1016,gambling,75.75,2026-06-12 09:55:41,0
T106141,U10082,M1017,electronics,24.61,2026-06-12 10:17:22,0
T101754,U10167,M1007,restaurant,47.83,2026-06-12 11:30:08,0
T107742,U10253,M1004,crypto,27.22,2026-06-12 11:50:45,0
T106438,U10264,M1030,crypto,67.85,2026-06-12 12:07:47,0
T103007,U10195,M1006,grocery,41.86,2026-06-12 12:39:20,0
T104094,U10208,M1054,crypto,63.45,2026-06-12 12:46:49,0
T103050,U10172,M1002,restaurant,294.07,2026-06-12 12:59:29,0
T104959,U10267,M1022,electronics,44.54,2026-06-12 13:06:06,0
T100261,U10105,M1033,gambling,14.3,2026-06-12 13:24:25,0
T105962,U10142,M1015,utilities,14.5,2026-06-12 13:31:36,0
T102475,U10044,M1054,crypto,32.87,2026-06-12 13:36:07,0
T103438,U10050,M1043,gaming,36.84,2026-06-12 14:32:55,0
T106480,U10098,M1037,fashion,20.41,2026-06-12 14:44:45,0
T103477,U10191,M1024,utilities,43.39,2026-06-12 15:11:22,0
T100974,U10042,M1052,gaming,29.57,2026-06-12 15:34:30,0
T106500,U10256,M1028,gambling,126.54,2026-06-12 15:37:40,0
T104934,U10103,M1014,utilities,17.83,2026-06-12 15:51:33,0
T101199,U10005,M1010,gambling,73.68,2026-06-12 16:02:13,0
T104296,U10276,M1006,grocery,23.24,2026-06-12 16:11:04,0
T100277,U10027,M1019,crypto,94.32,2026-06-12 16:16:42,0
T100495,U10151,M1016,gambling,58.2,2026-06-12 16:24:26,0
T103011,U10124,M1027,fashion,76.88,2026-06-12 16:54:28,0
T105761,U10099,M1010,gambling,35.9,2026-06-12 17:29:31,0
T105229,U10017,M1004,crypto,31.01,2026-06-12 17:45:58,0
T105007,U10024,M1007,restaurant,18.6,2026-06-12 17:52:07,0
T101272,U10050,M1018,fashion,15.69,2026-06-12 18:19:21,0
T101268,U10139,M1031,travel,62.78,2026-06-12 18:20:06,0
T103714,U10007,M1038,travel,47.28,2026-06-12 18:47:16,0
T104728,U10014,M1007,restaurant,44.67,2026-06-12 18:47:57,0
T102833,U10167,M1007,restaurant,37.52,2026-06-12 19:17:41,0
T107762,U10280,M1058,utilities,46.68,2026-06-12 19:23:25,0
T100372,U10052,M1036,fashion,37.82,2026-06-12 19:35:39,0
T104791,U10052,M1037,fashion,26.41,2026-06-12 19:49:47,0
T107453,U10087,M1036,fashion,61.95,2026-06-12 20:48:40,0
T104131,U10101,M1027,fashion,21.87,2026-06-12 20:57:25,0
T100898,U10267,M1029,crypto,26.4,2026-06-12 20:59:26,0
T105934,U10135,M1040,electronics,12.34,2026-06-12 21:01:32,0
T106243,U10201,M1012,utilities,29.3,2026-06-12 21:01:48,0
T100854,U10164,M1037,fashion,35.35,2026-06-12 21:26:40,0
T103575,U10114,M1002,restaurant,19.54,2026-06-12 21:33:41,0
T101652,U10095,M1003,crypto,24.17,2026-06-12 22:03:55,0
T103133,U10020,M1038,travel,71.19,2026-06-12 22:45:04,0
T105858,U10134,M1036,fashion,89.76,2026-06-12 22:55:43,0
T100880,U10124,M1058,utilities,29.5,2026-06-12 23:02:58,0
T101724,U10279,M1024,utilities,73.18,2026-06-12 23:07:08,0
T106889,U10145,M1003,crypto,27.03,2026-06-12 23:36:37,0
T100969,U10172,M1030,crypto,30.02,2026-06-12 23:42:04,0
T104265,U10139,M1023,pharmacy,31.21,2026-06-12 23:57:21,0
T100461,U10119,M1019,crypto,15.71,2026-06-13 00:01:56,0
T106015,U10179,M1036,fashion,29.51,2026-06-13 00:05:34,0
T102318,U10169,M1030,crypto,65.9,2026-06-13 00:41:00,0
T103430,U10143,M1024,utilities,26.2,2026-06-13 01:16:01,0
T107906,U10209,M1035,grocery,161.09,2026-06-13 02:02:19,0
T105835,U10037,M1056,gambling,3.66,2026-06-13 02:10:54,0
T105155,U10245,M1016,gambling,78.14,2026-06-13 02:55:19,0
T102186,U10041,M1046,crypto,28.39,2026-06-13 03:22:36,0
T103118,U10286,M1009,grocery,54.84,2026-06-13 03:58:56,0
T102530,U10065,M1044,grocery,24.33,2026-06-13 04:05:43,0
T105198,U10085,M1004,crypto,41.5,2026-06-13 04:10:04,0
T102938,U10082,M1005,fashion,10.31,2026-06-13 04:24:17,0
T105112,U10269,M1032,grocery,28.52,2026-06-13 04:40:43,0
T102420,U10238,M1044,grocery,7.2,2026-06-13 04:44:01,0
T105488,U10111,M1021,gaming,17.4,2026-06-13 04:47:28,0
T100879,U10088,M1041,utilities,62.8,2026-06-13 04:48:37,0
T106495,U10271,M1007,restaurant,14.58,2026-06-13 05:19:08,0
T107566,U10265,M1001,utilities,24.3,2026-06-13 05:19:37,0
T102407,U10009,M1002,restaurant,21.74,2026-06-13 05:26:44,0
T105004,U10043,M1031,travel,25.71,2026-06-13 05:56:36,0
T104644,U10158,M1011,pharmacy,9.06,2026-06-13 06:08:21,0
T101896,U10209,M1021,gaming,48.63,2026-06-13 06:12:34,0
T105269,U10273,M1022,electronics,47.12,2026-06-13 07:09:04,0
T100444,U10088,M1035,grocery,79.57,2026-06-13 07:58:11,0
T103504,U10100,M1021,gaming,16.22,2026-06-13 08:06:00,0
T100420,U10291,M1026,crypto,40.73,2026-06-13 08:43:48,0
T104508,U10266,M1027,fashion,31.88,2026-06-13 08:55:55,0
T103429,U10204,M1017,electronics,137.32,2026-06-13 09:16:24,0
T100770,U10155,M1039,restaurant,67.31,2026-06-13 09:21:01,0
T107129,U10246,M1032,grocery,42.89,2026-06-13 09:39:19,0
T103364,U10170,M1007,restaurant,12.67,2026-06-13 10:24:20,0
T100014,U10004,M1016,gambling,80.65,2026-06-13 10:33:12,1
T100088,U10114,M1007,restaurant,27.67,2026-06-13 10:34:20,0
T104018,U10006,M1005,fashion,16.83,2026-06-13 10:34:30,0
T102686,U10068,M1034,fashion,80.52,2026-06-13 10:41:34,0
T100011,U10272,M1002,restaurant,52.53,2026-06-13 12:18:00,0
T104497,U10274,M1037,fashion,65.38,2026-06-13 12:22:30,0
T102001,U10041,M1038,travel,19.11,2026-06-13 12:26:40,0
T102042,U10013,M1040,electronics,26.25,2026-06-13 12:32:56,1
T104777,U10223,M1014,utilities,40.5,2026-06-13 13:30:08,0
T102547,U10192,M1008,travel,51.79,2026-06-13 13:51:37,0
T101335,U10283,M1003,crypto,68.25,2026-06-13 14:14:32,0
T107489,U10075,M1004,crypto,28.4,2026-06-13 14:31:38,0
T107533,U10075,M1039,restaurant,39.99,2026-06-13 14:56:28,0
T107020,U10001,M1056,gambling,30.74,2026-06-13 15:51:35,0
T105003,U10024,M1040,electronics,20.61,2026-06-13 15:54:41,0
T104027,U10275,M1026,crypto,29.15,2026-06-13 16:07:42,0
T103452,U10298,M1009,grocery,15.13,2026-06-13 16:17:24,0
T106363,U10075,M1056,gambling,26.82,2026-06-13 17:06:44,0
T106410,U10147,M1027,fashion,22.06,2026-06-13 17:11:03,0
T100517,U10019,M1029,crypto,32.7,2026-06-13 17:32:03,0
T104426,U10105,M1045,pharmacy,9.98,2026-06-13 17:57:37,0
T100745,U10189,M1026,crypto,16.76,2026-06-13 18:11:37,0
T101880,U10094,M1028,gambling,16.28,2026-06-13 18:13:43,0
T103411,U10266,M1033,gambling,241.56,2026-06-13 18:34:02,0
T102258,U10062,M1008,travel,64.69,2026-06-13 18:36:22,0
T101963,U10177,M1049,utilities,42.07,2026-06-13 18:40:44,1
T105526,U10220,M1007,restaurant,15.14,2026-06-13 18:47:45,0
T107986,U10241,M1039,restaurant,42.52,2026-06-13 19:16:10,0
T101618,U10276,M1044,grocery,43.85,2026-06-13 19:34:11,0
T107510,U10227,M1033,gambling,98.13,2026-06-13 20:02:11,0
T105100,U10008,M1049,utilities,18.63,2026-06-13 20:30:22,0
T100205,U10074,M1017,electronics,33.46,2026-06-13 20:43:51,0
T105350,U10100,M1001,utilities,40.18,2026-06-13 21:01:22,0
T105141,U10008,M1057,electronics,30.43,2026-06-13 21:45:40,0
T104458,U10151,M1058,utilities,23.98,2026-06-13 21:47:25,0
T104568,U10039,M1030,crypto,18.31,2026-06-13 22:07:42,0
T102642,U10252,M1034,fashion,99.64,2026-06-13 22:41:31,0
T105082,U10081,M1013,utilities,44.64,2026-06-13 22:45:30,0
T103997,U10089,M1029,crypto,58.8,2026-06-13 22:53:58,0
T107052,U10209,M1007,restaurant,30.04,2026-06-13 23:13:21,0
T105627,U10297,M1055,grocery,64.38,2026-06-13 23:34:06,0
T105292,U10024,M1052,gaming,12.25,2026-06-13 23:41:37,0
T102925,U10123,M1031,travel,61.41,2026-06-14 00:03:57,0
T102284,U10277,M1019,crypto,62.35,2026-06-14 00:13:00,0
T101860,U10176,M1006,grocery,34.16,2026-06-14 00:31:27,0
T107576,U10150,M1057,electronics,175.36,2026-06-14 00:35:58,0
T105148,U10195,M1007,restaurant,25.36,2026-06-14 00:49:22,0
T107782,U10127,M1047,fashion,122.43,2026-06-14 01:14:51,0
T101463,U10258,M1026,crypto,150.8,2026-06-14 01:22:34,0
T101906,U10260,M1006,grocery,8.4,2026-06-14 01:29:25,0
T101991,U10270,M1038,travel,87.02,2026-06-14 01:43:58,0
T103848,U10272,M1020,gambling,66.42,2026-06-14 01:52:17,0
T106442,U10067,M1026,crypto,12.83,2026-06-14 02:06:44,0
T100819,U10225,M1009,grocery,142.13,2026-06-14 02:24:02,0
T100328,U10182,M1004,crypto,16.72,2026-06-14 03:51:58,0
T105451,U10066,M1006,grocery,12.64,2026-06-14 04:01:26,0
T107745,U10119,M1001,utilities,31.79,2026-06-14 04:05:20,0
T100761,U10229,M1053,crypto,15.07,2026-06-14 04:43:48,0
T104114,U10125,M1022,electronics,74.64,2026-06-14 04:54:11,0
T102738,U10238,M1039,restaurant,625.09,2026-06-14 05:03:22,0
T105066,U10079,M1054,crypto,24.33,2026-06-14 05:55:11,0
T103765,U10190,M1049,utilities,34.31,2026-06-14 05:56:06,0
T105757,U10085,M1032,grocery,29.4,2026-06-14 06:44:31,0
T107528,U10174,M1023,pharmacy,8.6,2026-06-14 06:59:28,0
T106737,U10224,M1022,electronics,27.88,2026-06-14 07:02:08,0
T101890,U10235,M1040,electronics,53.14,2026-06-14 07:27:09,0
T107813,U10016,M1025,restaurant,172.37,2026-06-14 07:43:10,0
T101322,U10127,M1045,pharmacy,46.52,2026-06-14 07:51:04,0
T107997,U10164,M1053,crypto,9.05,2026-06-14 07:52:28,0
T100700,U10095,M1015,utilities,155.68,2026-06-14 07:53:51,1
T105133,U10238,M1051,electronics,30.19,2026-06-14 08:12:04,0
T106550,U10280,M1004,crypto,92.93,2026-06-14 08:38:58,0
T105729,U10268,M1021,gaming,14.39,2026-06-14 08:42:09,0
T103860,U10166,M1051,electronics,25.27,2026-06-14 08:49:04,0
T106884,U10086,M1001,utilities,21.32,2026-06-14 10:18:42,0
T106846,U10027,M1006,grocery,94.97,2026-06-14 11:03:00,0
T101875,U10288,M1047,fashion,354.18,2026-06-14 11:03:01,0
T106345,U10290,M1033,gambling,49.39,2026-06-14 12:04:05,0
T101649,U10104,M1026,crypto,261.04,2026-06-14 12:22:32,0
T102033,U10242,M1030,crypto,69.39,2026-06-14 12:30:31,0
T106809,U10174,M1052,gaming,18.2,2026-06-14 12:32:22,0
T104107,U10008,M1034,fashion,10.95,2026-06-14 13:00:47,0
T103971,U10084,M1033,gambling,67.31,2026-06-14 13:13:50,0
T104143,U10084,M1035,grocery,36.69,2026-06-14 13:19:09,0
T103841,U10293,M1054,crypto,62.47,2026-06-14 13:22:19,0
T101191,U10040,M1015,utilities,51.72,2026-06-14 14:03:27,0
T104921,U10146,M1058,utilities,117.19,2026-06-14 14:20:05,0
T104078,U10038,M1026,crypto,63.13,2026-06-14 14:33:05,0
T102766,U10145,M1035,grocery,34.15,2026-06-14 16:46:13,0
T105578,U10005,M1008,travel,64.05,2026-06-14 17:00:23,0
T102467,U10190,M1025,restaurant,10.78,2026-06-14 18:56:34,0
T107437,U10209,M1040,electronics,76.81,2026-06-14 18:58:36,0
T106007,U10003,M1043,gaming,10.27,2026-06-14 19:33:14,0
T101492,U10276,M1055,grocery,14.32,2026-06-14 20:27:19,0
T100497,U10166,M1019,crypto,66.53,2026-06-14 21:08:00,0
T106107,U10177,M1019,crypto,13.9,2026-06-14 21:15:46,0
T105168,U10107,M1008,travel,45.77,2026-06-14 21:25:55,0
T105259,U10040,M1020,gambling,6.71,2026-06-14 21:49:36,0
T101071,U10041,M1012,utilities,30.17,2026-06-14 21:50:07,0
T105114,U10033,M1009,grocery,24.25,2026-06-14 22:01:23,0
T100492,U10240,M1056,gambling,9.15,2026-06-14 22:11:03,0
T107499,U10242,M1042,utilities,37.88,2026-06-14 22:21:40,0
T107841,U10270,M1052,gaming,93.75,2026-06-14 22:22:46,0
T100748,U10037,M1047,fashion,36.98,2026-06-14 22:52:39,0
T107050,U10006,M1059,restaurant,50.99,2026-06-15 00:14:46,0
T105982,U10277,M1028,gambling,24.57,2026-06-15 00:20:26,0
T104992,U10081,M1044,grocery,24.28,2026-06-15 00:27:48,0
T103863,U10224,M1057,electronics,27.49,2026-06-15 00:33:50,0
T104683,U10137,M1024,utilities,88.97,2026-06-15 00:47:04,0
T104989,U10226,M1058,utilities,59.88,2026-06-15 00:47:32,0
T106394,U10271,M1035,grocery,23.48,2026-06-15 00:54:18,0
T100308,U10014,M1054,crypto,22.51,2026-06-15 01:21:48,1
T106811,U10051,M1024,utilities,30.2,2026-06-15 01:35:51,0
T101456,U10165,M1059,restaurant,19.24,2026-06-15 01:40:20,0
T101973,U10133,M1005,fashion,5.22,2026-06-15 01:43:28,0
T107532,U10186,M1011,pharmacy,38.97,2026-06-15 01:48:22,0
T101238,U10121,M1050,utilities,24.43,2026-06-15 02:00:06,0
T107122,U10006,M1006,grocery,134.24,2026-06-15 02:46:55,0
T100677,U10070,M1002,restaurant,17.3,2026-06-15 03:22:29,0
T100915,U10111,M1033,gambling,19.61,2026-06-15 03:23:17,0
T105980,U10258,M1028,gambling,18.53,2026-06-15 03:25:35,0
T101260,U10075,M1003,crypto,30.74,2026-06-15 03:54:16,0
T104775,U10288,M1044,grocery,36.64,2026-06-15 04:06:29,0
T100433,U10161,M1003,crypto,44.84,2026-06-15 04:34:25,0
T102400,U10098,M1049,utilities,42.49,2026-06-15 04:35:08,0
T106464,U10014,M1000,grocery,26.15,2026-06-15 05:05:07,0
T104364,U10222,M1039,restaurant,36.1,2026-06-15 05:15:35,0
T101082,U10153,M1045,pharmacy,164.94,2026-06-15 06:21:57,0
T104820,U10265,M1055,grocery,51.47,2026-06-15 06:32:51,0
T101895,U10282,M1016,gambling,108.86,2026-06-15 06:39:27,0
T105284,U10051,M1006,grocery,23.71,2026-06-15 06:51:01,0
T107471,U10006,M1039,restaurant,17.38,2026-06-15 07:11:15,0
T100155,U10044,M1034,fashion,45.82,2026-06-15 07:41:41,0
T101326,U10001,M1004,crypto,430.4,2026-06-15 07:47:26,0
T106528,U10156,M1017,electronics,35.68,2026-06-15 08:28:49,0
T105381,U10042,M1005,fashion,16.61,2026-06-15 08:51:14,0
T106071,U10068,M1050,utilities,63.62,2026-06-15 09:18:27,0
T106135,U10228,M1019,crypto,92.93,2026-06-15 09:20:51,0
T106982,U10072,M1011,pharmacy,122.66,2026-06-15 09:32:34,0
T102289,U10263,M1013,utilities,20.99,2026-06-15 10:10:52,0
T106894,U10240,M1055,grocery,42.95,2026-06-15 10:37:25,0
T103263,U10231,M1021,gaming,40.72,2026-06-15 10:46:16,0
T105101,U10080,M1007,restaurant,22.06,2026-06-15 11:58:26,0
T104929,U10263,M1018,fashion,44.1,2026-06-15 12:16:08,0
T101793,U10262,M1043,gaming,216.62,2026-06-15 12:21:51,1
T101785,U10099,M1041,utilities,18.39,2026-06-15 12:57:10,0
T101878,U10134,M1008,travel,177.2,2026-06-15 13:16:35,0
T106300,U10259,M1054,crypto,22.5,2026-06-15 13:19:38,0
T102080,U10189,M1001,utilities,28.35,2026-06-15 13:20:02,0
T105793,U10026,M1051,electronics,36.6,2026-06-15 13:24:38,0
T107935,U10268,M1024,utilities,9.01,2026-06-15 13:39:04,0
T102573,U10072,M1000,grocery,61.84,2026-06-15 13:47:38,0
T104498,U10134,M1016,gambling,46.7,2026-06-15 14:26:50,0
T104783,U10284,M1058,utilities,63.67,2026-06-15 14:34:47,0
T106837,U10057,M1012,utilities,27.61,2026-06-15 14:50:11,0
T101825,U10042,M1025,restaurant,17.45,2026-06-15 15:00:15,0
T101293,U10174,M1037,fashion,7.06,2026-06-15 15:14:24,0
T102832,U10172,M1032,grocery,49.48,2026-06-15 15:22:20,0
T101810,U10115,M1049,utilities,22.8,2026-06-15 16:08:22,0
T105804,U10296,M1016,gambling,30.51,2026-06-15 16:08:54,0
T105841,U10017,M1022,electronics,26.89,2026-06-15 16:27:06,0
T105694,U10252,M1040,electronics,76.84,2026-06-15 16:42:40,0
T103278,U10155,M1053,crypto,104.42,2026-06-15 16:58:58,0
T101726,U10296,M1027,fashion,14.6,2026-06-15 17:40:56,0
T104518,U10245,M1006,grocery,38.86,2026-06-15 17:43:04,0
T100897,U10148,M1043,gaming,28.71,2026-06-15 17:45:27,0
T107363,U10056,M1025,restaurant,39.61,2026-06-15 17:46:53,0
T101951,U10127,M1044,grocery,41.04,2026-06-15 18:17:58,0
T106348,U10205,M1001,utilities,18.57,2026-06-15 18:23:23,0
T105378,U10263,M1005,fashion,10.4,2026-06-15 18:25:24,0
T105642,U10244,M1010,gambling,82.21,2026-06-15 18:44:47,0
T106470,U10066,M1041,utilities,48.84,2026-06-15 18:50:53,0
T102419,U10103,M1012,utilities,24.78,2026-06-15 19:48:40,0
T100415,U10030,M1005,fashion,11.35,2026-06-15 20:07:04,0
T107706,U10091,M1008,travel,83.54,2026-06-15 20:46:53,0
T105525,U10141,M1016,gambling,45.51,2026-06-15 20:50:43,0
T106744,U10038,M1002,restaurant,83.42,2026-06-15 21:54:09,0
T107629,U10005,M1010,gambling,38.08,2026-06-15 22:01:47,0
T104087,U10012,M1003,crypto,38.78,2026-06-15 22:05:53,0
T107330,U10101,M1021,gaming,32.22,2026-06-15 22:27:04,0
T102687,U10036,M1014,utilities,35.17,2026-06-15 22:35:11,0
T107428,U10253,M1013,utilities,36.87,2026-06-15 23:09:41,0
T102506,U10139,M1025,restaurant,15.09,2026-06-15 23:35:44,0
T107823,U10295,M1003,crypto,42.15,2026-06-16 00:49:21,0
T104179,U10021,M1046,crypto,68.69,2026-06-16 01:02:37,0
T100307,U10105,M1009,grocery,48.7,2026-06-16 01:13:54,0
T107932,U10166,M1019,crypto,53.39,2026-06-16 01:19:19,0
T103023,U10038,M1055,grocery,63.86,2026-06-16 01:21:25,0
T103322,U10149,M1001,utilities,48.83,2026-06-16 01:36:47,0
T100162,U10271,M1025,restaurant,15.87,2026-06-16 01:48:45,0
T104580,U10150,M1054,crypto,112.2,2026-06-16 02:14:38,0
T107829,U10063,M1011,pharmacy,28.46,2026-06-16 02:53:57,0
T107684,U10130,M1012,utilities,14.38,2026-06-16 02:56:34,0
T107526,U10166,M1052,gaming,28.65,2026-06-16 03:01:05,0
T103655,U10152,M1029,crypto,19.4,2026-06-16 03:40:54,0
T100655,U10239,M1009,grocery,49.65,2026-06-16 03:53:45,0
T103753,U10200,M1015,utilities,12.02,2026-06-16 03:56:04,0
T106784,U10236,M1041,utilities,35.15,2026-06-16 04:24:58,0
T101962,U10140,M1026,crypto,56.56,2026-06-16 05:07:41,0
T105777,U10189,M1018,fashion,16.94,2026-06-16 05:09:46,0
T102000,U10250,M1040,electronics,43.62,2026-06-16 06:08:50,0
T101674,U10190,M1045,pharmacy,20.44,2026-06-16 07:02:13,0
T107719,U10214,M1055,grocery,2105.5,2026-06-16 07:59:41,0
T105051,U10250,M1011,pharmacy,61.12,2026-06-16 08:25:26,0
T106673,U10129,M1002,restaurant,9.57,2026-06-16 08:31:25,0
T101355,U10059,M1002,restaurant,75.71,2026-06-16 08:35:33,0
T102989,U10164,M1022,electronics,7.4,2026-06-16 09:59:29,0
T105501,U10259,M1036,fashion,58.71,2026-06-16 10:33:55,0
T100047,U10024,M1004,crypto,313.8,2026-06-16 11:42:53,0
T103250,U10044,M1000,grocery,88.89,2026-06-16 11:47:08,0
T106925,U10010,M1051,electronics,57.1,2026-06-16 12:00:15,0
T105236,U10192,M1003,crypto,35.93,2026-06-16 12:26:27,0
T100145,U10073,M1004,crypto,78.53,2026-06-16 12:53:30,1
T100294,U10278,M1043,gaming,66.29,2026-06-16 13:15:59,0
T106055,U10221,M1020,gambling,50.97,2026-06-16 13:24:11,0
T103592,U10189,M1056,gambling,37.16,2026-06-16 13:25:06,0
T104903,U10132,M1005,fashion,135.82,2026-06-16 13:33:46,0
T105553,U10232,M1009,grocery,21.31,2026-06-16 13:44:14,0
T102759,U10004,M1006,grocery,165.22,2026-06-16 13:55:08,0
T103400,U10025,M1038,travel,28.03,2026-06-16 13:59:15,0
T105744,U10292,M1050,utilities,52.16,2026-06-16 14:11:26,0
T100201,U10158,M1049,utilities,13.44,2026-06-16 14:11:55,0
T106680,U10170,M1041,utilities,36.75,2026-06-16 14:15:07,0
T103954,U10283,M1034,fashion,160.19,2026-06-16 14:40:51,0
T100807,U10197,M1034,fashion,112.93,2026-06-16 14:48:05,0
T102513,U10063,M1059,restaurant,24.61,2026-06-16 14:51:53,0
T104573,U10205,M1009,grocery,21.7,2026-06-16 14:52:03,0
T101974,U10225,M1051,electronics,63.94,2026-06-16 14:57:38,0
T103205,U10048,M1032,grocery,31.58,2026-06-16 15:05:44,0
T100380,U10215,M1037,fashion,18.86,2026-06-16 15:28:19,0
T104036,U10027,M1006,grocery,76.24,2026-06-16 15:38:10,0
T102890,U10197,M1044,grocery,256.2,2026-06-16 15:52:03,0
T100091,U10248,M1012,utilities,71.82,2026-06-16 16:24:52,0
T107701,U10081,M1023,pharmacy,37.32,2026-06-16 16:36:44,0
T107168,U10276,M1026,crypto,41.74,2026-06-16 16:39:04,0
T106866,U10198,M1050,utilities,30.73,2026-06-16 17:17:27,0
T107505,U10037,M1011,pharmacy,52.02,2026-06-16 17:30:00,0
T101453,U10174,M1050,utilities,17.3,2026-06-16 17:51:10,0
T101899,U10278,M1026,crypto,34.63,2026-06-16 18:01:47,0
T106460,U10119,M1029,crypto,25.4,2026-06-16 18:08:40,0
T107314,U10120,M1044,grocery,22.78,2026-06-16 18:24:00,0
T104200,U10188,M1051,electronics,48.39,2026-06-16 20:28:11,0
T100785,U10234,M1047,fashion,124.83,2026-06-16 21:00:03,0
T104110,U10208,M1047,fashion,16.11,2026-06-16 21:11:39,0
T104673,U10099,M1006,grocery,25.65,2026-06-16 21:30:13,1
T100539,U10191,M1016,gambling,25.2,2026-06-16 21:35:20,0
T104705,U10060,M1005,fashion,18.93,2026-06-16 21:36:35,0
T102354,U10110,M1011,pharmacy,63.73,2026-06-16 21:46:00,0
T107041,U10157,M1045,pharmacy,14.05,2026-06-16 22:33:53,0
T106767,U10192,M1045,pharmacy,57.51,2026-06-16 22:34:54,0
T100741,U10183,M1047,fashion,343.69,2026-06-16 22:44:42,0
T104123,U10044,M1037,fashion,25.79,2026-06-16 22:52:11,0
T102388,U10051,M1008,travel,35.27,2026-06-16 23:33:07,0
T101590,U10293,M1059,restaurant,29.59,2026-06-17 00:02:32,1
T107125,U10112,M1056,gambling,6.04,2026-06-17 00:15:59,0
T106974,U10181,M1012,utilities,13.48,2026-06-17 00:52:11,0
T105145,U10220,M1013,utilities,21.71,2026-06-17 01:11:35,0
T103844,U10028,M1000,grocery,12.33,2026-06-17 01:15:41,0
T106251,U10058,M1050,utilities,35.54,2026-06-17 01:25:20,0
T102570,U10217,M1044,grocery,128.93,2026-06-17 02:07:57,0
T103062,U10113,M1003,crypto,33.05,2026-06-17 02:49:03,0
T101636,U10122,M1047,fashion,10.05,2026-06-17 03:24:02,0
T104868,U10001,M1052,gaming,37.07,2026-06-17 03:39:38,0
T105671,U10118,M1003,crypto,64.72,2026-06-17 03:50:33,0
T104567,U10061,M1039,restaurant,60.93,2026-06-17 04:04:02,0
T101888,U10154,M1023,pharmacy,61.84,2026-06-17 05:17:15,0
T103046,U10067,M1038,travel,26.6,2026-06-17 05:23:59,0
T103203,U10183,M1046,crypto,66.84,2026-06-17 05:28:27,0
T107107,U10155,M1005,fashion,190.06,2026-06-17 05:32:08,0
T101869,U10052,M1022,electronics,22.22,2026-06-17 05:48:57,0
T103126,U10082,M1009,grocery,39.56,2026-06-17 06:03:16,0
T103990,U10136,M1050,utilities,154.2,2026-06-17 07:22:39,0
T106895,U10143,M1054,crypto,15.86,2026-06-17 07:27:50,0
T100463,U10102,M1033,gambling,45.84,2026-06-17 07:36:57,0
T104379,U10212,M1020,gambling,26.57,2026-06-17 09:27:16,0
T104331,U10115,M1024,utilities,25.83,2026-06-17 09:30:08,0
T106760,U10176,M1006,grocery,18.3,2026-06-17 09:40:15,0
T104865,U10033,M1001,utilities,41.39,2026-06-17 10:04:30,0
T101692,U10150,M1013,utilities,37.25,2026-06-17 10:49:01,0
T104072,U10296,M1041,utilities,12.94,2026-06-17 10:53:44,0
T100792,U10152,M1027,fashion,23.26,2026-06-17 11:22:14,0
T107272,U10296,M1028,gambling,11.7,2026-06-17 11:30:39,0
T106764,U10005,M1021,gaming,39.16,2026-06-17 11:58:08,1
T101038,U10287,M1009,grocery,28.4,2026-06-17 12:04:31,0
T107427,U10063,M1002,restaurant,43.77,2026-06-17 12:06:36,1
T100954,U10255,M1003,crypto,25.18,2026-06-17 12:55:12,0
T100305,U10179,M1056,gambling,18.85,2026-06-17 12:58:35,0
T101196,U10219,M1053,crypto,21.58,2026-06-17 13:03:28,0
T103921,U10096,M1008,travel,63.44,2026-06-17 13:29:44,0
T100389,U10066,M1011,pharmacy,11.41,2026-06-17 14:08:52,0
T101713,U10226,M1057,electronics,21.16,2026-06-17 14:31:42,0
T104757,U10175,M1034,fashion,22.5,2026-06-17 14:39:08,0
T107736,U10027,M1001,utilities,61.73,2026-06-17 14:51:55,0
T107479,U10299,M1038,travel,15.53,2026-06-17 14:58:19,0
T102274,U10051,M1013,utilities,43.45,2026-06-17 15:48:30,0
T103675,U10153,M1048,restaurant,49.76,2026-06-17 15:48:52,0
T103547,U10131,M1035,grocery,4.5,2026-06-17 16:01:06,0
T102600,U10105,M1055,grocery,18.11,2026-06-17 16:07:54,0
T106236,U10160,M1028,gambling,95.69,2026-06-17 16:25:28,0
T100413,U10097,M1008,travel,38.12,2026-06-17 17:01:12,0
T104324,U10080,M1022,electronics,70.54,2026-06-17 17:19:02,0
T106768,U10164,M1041,utilities,10.09,2026-06-17 17:26:42,0
T107328,U10237,M1046,crypto,13.68,2026-06-17 17:26:51,0
T101430,U10053,M1058,utilities,41.56,2026-06-17 17:56:17,0
T103440,U10271,M1014,utilities,3.5,2026-06-17 19:00:27,0
T105640,U10045,M1052,gaming,94.19,2026-06-17 19:40:23,0
T106034,U10226,M1040,electronics,26.08,2026-06-17 20:18:07,0
T105952,U10210,M1033,gambling,11.06,2026-06-17 21:07:24,0
T106222,U10039,M1005,fashion,44.56,2026-06-17 22:11:16,0
T106228,U10031,M1050,utilities,8.45,2026-06-17 22:49:58,0
T100930,U10124,M1043,gaming,60.54,2026-06-17 23:33:39,0
T104084,U10189,M1050,utilities,14.6,2026-06-18 00:12:39,0
T101558,U10037,M1018,fashion,12.43,2026-06-18 01:02:36,0
T106444,U10157,M1003,crypto,16.97,2026-06-18 01:41:23,0
T107781,U10121,M1011,pharmacy,8.59,2026-06-18 02:08:30,0
T100856,U10035,M1043,gaming,115.57,2026-06-18 02:29:00,0
T104451,U10065,M1002,restaurant,31.26,2026-06-18 02:57:04,0
T102018,U10251,M1050,utilities,7.33,2026-06-18 03:49:35,0
T107446,U10003,M1048,restaurant,35.88,2026-06-18 04:23:19,0
T103336,U10249,M1016,gambling,81.01,2026-06-18 04:46:10,0
T100234,U10095,M1050,utilities,75.44,2026-06-18 05:04:11,0
T104861,U10177,M1052,gaming,8.81,2026-06-18 05:09:24,0
T107298,U10000,M1033,gambling,33.99,2026-06-18 05:22:02,0
T102672,U10168,M1013,utilities,33.41,2026-06-18 05:39:40,0
T101564,U10113,M1056,gambling,157.68,2026-06-18 05:49:39,0
T105749,U10115,M1033,gambling,31.06,2026-06-18 06:34:21,0
T107246,U10087,M1000,grocery,27.85,2026-06-18 07:23:20,0
T102508,U10160,M1009,grocery,90.21,2026-06-18 07:26:16,0
T102214,U10223,M1010,gambling,55.02,2026-06-18 07:30:24,0
T104155,U10284,M1029,crypto,66.41,2026-06-18 07:38:58,0
T107955,U10127,M1004,crypto,69.66,2026-06-18 08:16:43,0
T100343,U10046,M1002,restaurant,28.26,2026-06-18 08:17:45,0
T107503,U10278,M1050,utilities,86.79,2026-06-18 08:18:49,0
T106951,U10136,M1035,grocery,33.84,2026-06-18 08:22:32,0
T102099,U10198,M1046,crypto,55.05,2026-06-18 08:44:07,0
T102166,U10145,M1000,grocery,10.56,2026-06-18 08:54:24,0
T104796,U10167,M1052,gaming,53.32,2026-06-18 09:02:11,0
T104897,U10089,M1007,restaurant,45.7,2026-06-18 09:27:08,0
T105331,U10220,M1041,utilities,44.66,2026-06-18 09:56:18,0
T102461,U10209,M1033,gambling,35.79,2026-06-18 10:00:49,0
T105477,U10219,M1023,pharmacy,32.66,2026-06-18 10:36:43,0
T101616,U10045,M1011,pharmacy,111.76,2026-06-18 10:49:13,0
T107674,U10214,M1022,electronics,53.71,2026-06-18 10:56:27,0
T105262,U10188,M1009,grocery,51.9,2026-06-18 11:12:00,0
T101198,U10171,M1034,fashion,66.18,2026-06-18 12:07:30,0
T107954,U10005,M1012,utilities,92.3,2026-06-18 12:37:37,0
T107174,U10131,M1056,gambling,24.31,2026-06-18 13:20:16,0
T103780,U10192,M1020,gambling,27.12,2026-06-18 14:06:13,1
T102264,U10114,M1022,electronics,20.29,2026-06-18 14:34:27,0
T100487,U10247,M1009,grocery,30.02,2026-06-18 15:32:48,0
T103160,U10133,M1023,pharmacy,40.1,2026-06-18 15:59:30,0
T103214,U10034,M1036,fashion,28.47,2026-06-18 16:32:08,0
T102707,U10249,M1040,electronics,209.59,2026-06-18 16:37:42,0
T100710,U10178,M1008,travel,164.96,2026-06-18 16:58:27,0
T100049,U10091,M1031,travel,8.59,2026-06-18 17:05:24,0
T102020,U10022,M1017,electronics,6.53,2026-06-18 17:52:59,0
T100266,U10177,M1002,restaurant,15.9,2026-06-18 17:58:46,0
T104216,U10148,M1001,utilities,43.9,2026-06-18 18:04:31,0
T105631,U10179,M1026,crypto,40.1,2026-06-18 18:04:55,1
T105442,U10099,M1057,electronics,21.09,2026-06-18 18:09:12,0
T104956,U10050,M1052,gaming,282.1,2026-06-18 18:53:53,1
T101828,U10260,M1059,restaurant,29.29,2026-06-18 18:53:57,0
T104242,U10205,M1020,gambling,48.28,2026-06-18 19:04:48,0
T100658,U10281,M1002,restaurant,59.4,2026-06-18 19:05:27,0
T100078,U10038,M1002,restaurant,30.7,2026-06-18 19:08:50,0
T104974,U10015,M1048,restaurant,36.28,2026-06-18 20:35:14,0
T100692,U10032,M1018,fashion,44.0,2026-06-18 21:02:54,0
T100822,U10276,M1020,gambling,58.64,2026-06-18 21:18:51,0
T105010,U10082,M1027,fashion,16.19,2026-06-18 21:28:59,0
T104312,U10295,M1005,fashion,38.97,2026-06-18 21:29:59,0
T100601,U10136,M1037,fashion,43.76,2026-06-18 21:41:26,0
T103571,U10234,M1047,fashion,56.09,2026-06-18 21:41:42,0
T101741,U10297,M1018,fashion,50.73,2026-06-18 21:50:47,0
T105058,U10089,M1010,gambling,12.2,2026-06-18 22:24:42,0
T103606,U10292,M1030,crypto,49.46,2026-06-18 22:59:14,0
T100591,U10298,M1033,gambling,22.56,2026-06-18 22:59:53,0
T102019,U10129,M1052,gaming,23.72,2026-06-18 23:24:02,0
T106353,U10106,M1009,grocery,100.72,2026-06-18 23:41:32,0
T104735,U10217,M1036,fashion,83.5,2026-06-19 00:16:38,0
T102539,U10103,M1049,utilities,25.75,2026-06-19 00:41:22,0
T104767,U10026,M1031,travel,34.44,2026-06-19 00:59:18,0
T105217,U10297,M1043,gaming,48.97,2026-06-19 01:06:19,0
T103386,U10201,M1044,grocery,117.4,2026-06-19 01:24:18,0
T104447,U10045,M1042,utilities,27.51,2026-06-19 01:53:26,0
T103367,U10284,M1010,gambling,69.94,2026-06-19 02:49:08,0
T106106,U10084,M1012,utilities,96.03,2026-06-19 03:25:04,0
T107190,U10088,M1025,restaurant,41.86,2026-06-19 03:42:46,0
T100371,U10078,M1055,grocery,56.38,2026-06-19 04:17:15,0
T102401,U10265,M1013,utilities,292.36,2026-06-19 04:19:19,1
T103939,U10222,M1030,crypto,190.01,2026-06-19 04:32:12,0
T102876,U10288,M1036,fashion,78.17,2026-06-19 04:52:41,0
T101827,U10134,M1059,restaurant,22.08,2026-06-19 06:25:44,0
T101805,U10257,M1038,travel,61.31,2026-06-19 06:44:31,0
T101746,U10072,M1015,utilities,34.09,2026-06-19 07:00:29,0
T107761,U10280,M1055,grocery,88.26,2026-06-19 07:21:57,0
T102895,U10007,M1026,crypto,19.94,2026-06-19 07:40:22,0
T100986,U10175,M1012,utilities,38.72,2026-06-19 08:17:15,0
T105252,U10210,M1016,gambling,8.6,2026-06-19 08:38:30,0
T100541,U10038,M1033,gambling,109.25,2026-06-19 09:03:17,1
T105819,U10272,M1050,utilities,130.14,2026-06-19 09:10:49,0
T102880,U10140,M1049,utilities,14.44,2026-06-19 09:13:50,0
T102417,U10096,M1055,grocery,218.16,2026-06-19 09:28:24,0
T104266,U10245,M1013,utilities,44.23,2026-06-19 09:47:58,0
T103596,U10206,M1054,crypto,15.54,2026-06-19 09:49:43,0
T101687,U10026,M1042,utilities,63.58,2026-06-19 09:57:04,0
T102542,U10202,M1035,grocery,31.88,2026-06-19 10:03:34,0
T100978,U10253,M1042,utilities,44.71,2026-06-19 10:08:42,0
T101009,U10201,M1044,grocery,72.4,2026-06-19 10:26:38,0
T102387,U10062,M1013,utilities,7.07,2026-06-19 11:16:40,0
T103616,U10142,M1039,restaurant,30.44,2026-06-19 11:45:17,0
T105543,U10122,M1011,pharmacy,21.54,2026-06-19 11:49:11,0
T100095,U10223,M1044,grocery,32.11,2026-06-19 12:02:49,0
T101374,U10294,M1013,utilities,90.04,2026-06-19 12:09:42,0
T103422,U10006,M1039,restaurant,26.83,2026-06-19 12:32:58,0
T106962,U10232,M1020,gambling,36.52,2026-06-19 13:05:38,0
T105476,U10084,M1021,gaming,16.28,2026-06-19 13:39:51,0
T100707,U10228,M1012,utilities,43.18,2026-06-19 13:57:39,0
T101829,U10239,M1026,crypto,29.48,2026-06-19 14:37:05,0
T100737,U10080,M1010,gambling,23.7,2026-06-19 15:04:55,0
T104207,U10090,M1041,utilities,159.42,2026-06-19 15:06:09,0
T107280,U10255,M1019,crypto,66.61,2026-06-19 15:30:11,0
T105537,U10056,M1044,grocery,21.46,2026-06-19 15:48:30,0
T106803,U10047,M1043,gaming,65.62,2026-06-19 15:57:23,0
T101762,U10212,M1016,gambling,13.15,2026-06-19 16:03:21,0
T103967,U10244,M1035,grocery,34.97,2026-06-19 16:18:15,0
T100504,U10053,M1018,fashion,25.94,2026-06-19 16:27:36,0
T107965,U10046,M1001,utilities,16.33,2026-06-19 16:56:04,0
T103311,U10104,M1012,utilities,37.45,2026-06-19 17:07:35,0
T107284,U10191,M1051,electronics,28.37,2026-06-19 17:36:17,0
T105325,U10071,M1015,utilities,37.2,2026-06-19 17:38:01,0
T100093,U10194,M1019,crypto,20.5,2026-06-19 19:03:08,0
T101994,U10297,M1039,restaurant,36.49,2026-06-19 19:33:28,0
T107176,U10255,M1022,electronics,51.08,2026-06-19 19:44:43,0
T104561,U10126,M1027,fashion,29.51,2026-06-19 19:58:07,0
T101145,U10210,M1033,gambling,15.14,2026-06-19 20:25:50,0
T105404,U10207,M1047,fashion,26.4,2026-06-19 22:02:04,1
T104663,U10141,M1048,restaurant,105.07,2026-06-19 22:10:38,0
T107306,U10011,M1055,grocery,26.51,2026-06-19 22:29:29,0
T106896,U10189,M1005,fashion,14.64,2026-06-19 22:36:26,0
T104141,U10231,M1050,utilities,73.96,2026-06-19 23:25:18,0
T107264,U10173,M1059,restaurant,8.18,2026-06-19 23:31:47,0
T101735,U10236,M1057,electronics,16.87,2026-06-19 23:52:56,0
T103294,U10231,M1025,restaurant,39.99,2026-06-20 00:14:18,0
T104532,U10279,M1013,utilities,38.95,2026-06-20 00:28:53,0
T105310,U10001,M1005,fashion,53.59,2026-06-20 00:57:29,0
T100949,U10156,M1056,gambling,17.51,2026-06-20 01:23:35,0
T102588,U10084,M1035,grocery,44.64,2026-06-20 01:43:06,0
T104512,U10184,M1030,crypto,20.03,2026-06-20 01:49:06,0
T100483,U10127,M1047,fashion,62.75,2026-06-20 01:50:18,0
T105323,U10118,M1010,gambling,26.48,2026-06-20 01:58:07,0
T106202,U10230,M1009,grocery,17.1,2026-06-20 02:20:31,0
T106439,U10012,M1047,fashion,53.63,2026-06-20 02:33:09,0
T100567,U10188,M1044,grocery,83.88,2026-06-20 02:45:25,0
T106880,U10034,M1054,crypto,115.56,2026-06-20 02:48:39,0
T106965,U10208,M1015,utilities,25.8,2026-06-20 03:06:29,0
T103035,U10051,M1027,fashion,20.48,2026-06-20 03:17:59,0
T102569,U10225,M1004,crypto,73.39,2026-06-20 03:19:12,0
T105530,U10275,M1022,electronics,18.53,2026-06-20 03:24:17,0
T100894,U10298,M1053,crypto,13.77,2026-06-20 03:38:13,0
T107611,U10079,M1003,crypto,97.95,2026-06-20 03:51:15,0
T101959,U10186,M1019,crypto,65.13,2026-06-20 04:18:10,0
T107659,U10146,M1025,restaurant,143.04,2026-06-20 04:29:37,0
T107739,U10238,M1007,restaurant,131.34,2026-06-20 04:56:43,0
T103578,U10097,M1045,pharmacy,23.91,2026-06-20 05:04:52,0
T104876,U10145,M1058,utilities,86.38,2026-06-20 05:13:45,0
T106487,U10062,M1031,travel,37.08,2026-06-20 06:08:06,0
T104047,U10085,M1042,utilities,26.46,2026-06-20 06:08:42,0
T101586,U10249,M1004,crypto,21.53,2026-06-20 06:45:13,0
T104092,U10297,M1034,fashion,58.09,2026-06-20 06:46:02,0
T107567,U10170,M1038,travel,99.01,2026-06-20 07:30:40,0
T105098,U10038,M1023,pharmacy,129.79,2026-06-20 08:09:25,0
T104043,U10145,M1004,crypto,26.31,2026-06-20 08:15:25,0
T104582,U10136,M1049,utilities,233.99,2026-06-20 08:18:32,0
T103787,U10174,M1009,grocery,2.33,2026-06-20 08:22:52,0
T100425,U10169,M1033,gambling,96.01,2026-06-20 08:29:04,0
T105546,U10262,M1044,grocery,28.21,2026-06-20 09:06:01,0
T103089,U10033,M1011,pharmacy,45.99,2026-06-20 09:20:37,0
T105669,U10051,M1017,electronics,15.03,2026-06-20 09:26:05,0
T104317,U10136,M1052,gaming,26.24,2026-06-20 09:42:24,1
T107828,U10004,M1052,gaming,46.56,2026-06-20 09:54:38,0
T103396,U10180,M1004,crypto,44.32,2026-06-20 10:17:54,0
T101278,U10262,M1051,electronics,48.03,2026-06-20 10:23:52,0
T107787,U10224,M1011,pharmacy,8.35,2026-06-20 10:27:44,0
T106655,U10211,M1000,grocery,23.74,2026-06-20 10:44:49,0
T101123,U10228,M1045,pharmacy,12.15,2026-06-20 10:50:54,0
T106002,U10171,M1057,electronics,65.79,2026-06-20 11:11:47,0
T106213,U10176,M1006,grocery,40.66,2026-06-20 11:19:01,0
T107229,U10211,M1001,utilities,63.1,2026-06-20 12:34:48,0
T103735,U10041,M1036,fashion,31.21,2026-06-20 12:37:07,0
T100009,U10233,M1050,utilities,42.25,2026-06-20 12:46:30,0
T101288,U10249,M1037,fashion,60.9,2026-06-20 12:58:44,0
T107326,U10264,M1011,pharmacy,20.49,2026-06-20 14:07:35,0
T102591,U10040,M1002,restaurant,14.36,2026-06-20 14:45:34,0
T101708,U10239,M1013,utilities,78.51,2026-06-20 15:32:02,0
T104489,U10143,M1014,utilities,19.35,2026-06-20 15:37:32,0
T105347,U10035,M1013,utilities,11.56,2026-06-20 16:50:52,0
T106434,U10043,M1011,pharmacy,68.26,2026-06-20 17:02:01,0
T106171,U10231,M1007,restaurant,38.34,2026-06-20 17:08:47,0
T103951,U10212,M1011,pharmacy,22.62,2026-06-20 18:24:25,0
T101818,U10108,M1036,fashion,85.64,2026-06-20 18:37:33,0
T101599,U10242,M1042,utilities,38.9,2026-06-20 18:49:01,0
T101035,U10061,M1054,crypto,16.34,2026-06-20 19:51:53,0
T100523,U10100,M1022,electronics,9.06,2026-06-20 19:57:35,0
T105795,U10166,M1005,fashion,31.21,2026-06-20 20:31:56,0
T104278,U10124,M1055,grocery,6.49,2026-06-20 20:34:57,0
T100890,U10051,M1018,fashion,21.42,2026-06-20 20:37:14,0
T107351,U10239,M1044,grocery,36.44,2026-06-20 20:40:56,0
T100003,U10146,M1039,restaurant,133.95,2026-06-20 21:09:13,0
T105817,U10183,M1038,travel,8.5,2026-06-20 21:25:11,0
T102585,U10249,M1053,crypto,39.11,2026-06-20 22:09:50,0
T107631,U10049,M1024,utilities,32.03,2026-06-20 22:23:41,0
T102094,U10141,M1006,grocery,74.19,2026-06-20 22:25:18,0
T101644,U10087,M1006,grocery,22.48,2026-06-20 22:29:52,0
T105296,U10165,M1019,crypto,51.51,2026-06-20 22:42:41,0
T101128,U10122,M1044,grocery,22.29,2026-06-20 23:24:40,0
T103744,U10259,M1048,restaurant,26.95,2026-06-20 23:46:11,0
T105592,U10274,M1022,electronics,16.76,2026-06-21 00:06:43,0
T103988,U10011,M1041,utilities,26.33,2026-06-21 00:06:48,0
T106772,U10109,M1010,gambling,113.77,2026-06-21 00:42:03,0
T107066,U10122,M1003,crypto,9.44,2026-06-21 00:45:53,0
T106808,U10142,M1005,fashion,31.01,2026-06-21 01:03:15,0
T100779,U10171,M1001,utilities,83.17,2026-06-21 02:17:11,0
T103173,U10048,M1017,electronics,33.53,2026-06-21 02:43:20,0
T100858,U10184,M1041,utilities,17.22,2026-06-21 02:53:29,0
T102121,U10231,M1017,electronics,72.99,2026-06-21 04:25:01,0
T104100,U10245,M1054,crypto,43.83,2026-06-21 04:45:15,0
T104505,U10103,M1049,utilities,21.93,2026-06-21 04:52:12,0
T103178,U10004,M1040,electronics,74.91,2026-06-21 05:17:56,0
T106929,U10239,M1041,utilities,41.17,2026-06-21 05:23:36,0
T106004,U10209,M1007,restaurant,23.48,2026-06-21 05:46:59,0
T107730,U10277,M1045,pharmacy,95.38,2026-06-21 06:09:30,0
T106058,U10149,M1042,utilities,46.62,2026-06-21 06:20:49,0
T107518,U10111,M1033,gambling,60.4,2026-06-21 06:56:10,0
T102100,U10111,M1045,pharmacy,8.53,2026-06-21 07:03:11,0
T106250,U10091,M1055,grocery,150.85,2026-06-21 07:08:19,0
T100042,U10030,M1037,fashion,98.31,2026-06-21 07:17:53,0
T105019,U10081,M1050,utilities,66.41,2026-06-21 07:52:52,0
T106848,U10162,M1020,gambling,29.92,2026-06-21 08:00:07,0
T106093,U10238,M1023,pharmacy,19.71,2026-06-21 08:08:46,0
T103426,U10159,M1033,gambling,67.87,2026-06-21 08:35:27,0
T102749,U10220,M1004,crypto,60.61,2026-06-21 08:49:49,0
T106620,U10011,M1054,crypto,31.23,2026-06-21 08:56:57,0
T101852,U10042,M1029,crypto,41.62,2026-06-21 09:18:09,0
T100399,U10197,M1040,electronics,313.05,2026-06-21 09:38:15,0
T101231,U10110,M1036,fashion,22.61,2026-06-21 09:56:38,0
T100423,U10112,M1009,grocery,2.42,2026-06-21 10:07:43,0
T100922,U10042,M1013,utilities,153.03,2026-06-21 10:52:53,0
T102875,U10233,M1023,pharmacy,24.1,2026-06-21 10:59:45,0
T105434,U10010,M1019,crypto,42.51,2026-06-21 11:03:35,0
T103478,U10250,M1001,utilities,30.27,2026-06-21 11:03:45,0
T107833,U10208,M1049,utilities,15.39,2026-06-21 11:10:22,0
T107534,U10104,M1027,fashion,44.88,2026-06-21 11:21:24,0
T107369,U10088,M1047,fashion,90.27,2026-06-21 11:39:41,0
T101611,U10217,M1037,fashion,114.5,2026-06-21 11:40:10,0
T105775,U10074,M1007,restaurant,65.26,2026-06-21 11:41:05,0
T102844,U10280,M1057,electronics,93.36,2026-06-21 11:50:42,0
T104679,U10215,M1032,grocery,13.39,2026-06-21 12:05:04,0
T102834,U10004,M1054,crypto,27.4,2026-06-21 12:20:19,0
T105730,U10283,M1058,utilities,23.61,2026-06-21 12:44:58,0
T104619,U10050,M1005,fashion,31.9,2026-06-21 12:54:11,0
T104403,U10100,M1020,gambling,21.14,2026-06-21 12:55:49,0
T106829,U10069,M1054,crypto,27.0,2026-06-21 13:12:46,0
T106732,U10206,M1019,crypto,7.67,2026-06-21 13:37:05,0
T106415,U10051,M1050,utilities,33.99,2026-06-21 13:57:12,0
T102291,U10152,M1003,crypto,26.65,2026-06-21 14:00:05,0
T107966,U10139,M1005,fashion,111.12,2026-06-21 14:02:06,0
T101081,U10044,M1035,grocery,58.0,2026-06-21 14:04:30,0
T102546,U10190,M1025,restaurant,29.82,2026-06-21 14:22:11,0
T104009,U10201,M1006,grocery,13.28,2026-06-21 14:32:33,0
T102531,U10231,M1022,electronics,21.42,2026-06-21 15:10:54,0
T101413,U10130,M1049,utilities,18.13,2026-06-21 15:12:59,0
T101314,U10014,M1050,utilities,21.67,2026-06-21 16:00:59,0
T104797,U10031,M1054,crypto,22.26,2026-06-21 16:18:32,0
T102623,U10032,M1045,pharmacy,34.18,2026-06-21 16:36:44,0
T103642,U10119,M1036,fashion,119.35,2026-06-21 16:40:15,0
T101073,U10085,M1053,crypto,15.85,2026-06-21 16:53:21,0
T103717,U10173,M1058,utilities,63.78,2026-06-21 17:30:57,0
T101517,U10133,M1035,grocery,18.79,2026-06-21 17:57:14,0
T102959,U10070,M1000,grocery,44.73,2026-06-21 18:05:07,0
T103129,U10017,M1059,restaurant,51.02,2026-06-21 18:05:39,0
T105143,U10140,M1049,utilities,11.05,2026-06-21 18:21:30,0
T100468,U10066,M1012,utilities,23.16,2026-06-21 18:35:23,0
T100245,U10059,M1001,utilities,48.99,2026-06-21 18:51:08,0
T103197,U10262,M1023,pharmacy,499.0,2026-06-21 19:14:29,0
T107678,U10080,M1049,utilities,30.97,2026-06-21 19:33:48,0
T102788,U10213,M1003,crypto,45.42,2026-06-21 20:24:39,0
T106453,U10161,M1039,restaurant,43.27,2026-06-21 20:44:21,0
T101717,U10185,M1042,utilities,58.7,2026-06-21 21:30:58,0
T100443,U10271,M1033,gambling,26.02,2026-06-21 21:55:16,0
T105449,U10256,M1056,gambling,18.94,2026-06-21 21:56:01,0
T102509,U10192,M1050,utilities,102.11,2026-06-21 22:25:49,0
T103689,U10028,M1054,crypto,42.23,2026-06-21 22:44:41,0
T100176,U10188,M1056,gambling,27.21,2026-06-21 22:50:05,0
T103488,U10057,M1008,travel,53.77,2026-06-21 23:03:13,0
T106721,U10139,M1036,fashion,126.79,2026-06-21 23:43:17,0
T103165,U10014,M1022,electronics,71.42,2026-06-21 23:44:48,0
T101151,U10256,M1046,crypto,32.07,2026-06-22 00:13:14,0
T105221,U10237,M1058,utilities,69.84,2026-06-22 00:13:15,0
T107743,U10194,M1007,restaurant,21.08,2026-06-22 00:25:33,0
T105936,U10117,M1013,utilities,28.2,2026-06-22 01:21:05,0
T105624,U10027,M1038,travel,34.59,2026-06-22 01:23:57,0
T103759,U10140,M1005,fashion,48.61,2026-06-22 02:22:54,0
T103105,U10038,M1059,restaurant,12.57,2026-06-22 02:29:49,0
T106493,U10222,M1038,travel,83.83,2026-06-22 02:38:18,0
T102574,U10286,M1045,pharmacy,136.86,2026-06-22 03:07:29,0
T100177,U10293,M1015,utilities,42.11,2026-06-22 03:20:53,0
T104605,U10271,M1051,electronics,12.17,2026-06-22 03:37:36,0
T107540,U10291,M1045,pharmacy,19.99,2026-06-22 04:04:07,0
T103181,U10165,M1027,fashion,71.83,2026-06-22 04:08:36,0
T106797,U10271,M1029,crypto,10.2,2026-06-22 05:00:39,0
T102236,U10063,M1054,crypto,19.08,2026-06-22 05:01:32,0
T100136,U10276,M1034,fashion,31.4,2026-06-22 05:06:36,0
T104038,U10006,M1034,fashion,23.93,2026-06-22 05:10:50,0
T107994,U10121,M1019,crypto,12.16,2026-06-22 05:17:08,0
T100630,U10137,M1026,crypto,52.9,2026-06-22 05:22:07,0
T106127,U10282,M1020,gambling,51.85,2026-06-22 05:36:09,0
T105737,U10195,M1023,pharmacy,25.43,2026-06-22 05:42:01,0
T104556,U10014,M1052,gaming,93.47,2026-06-22 05:55:05,0
T104281,U10276,M1007,restaurant,30.9,2026-06-22 06:13:09,0
T101189,U10187,M1004,crypto,34.59,2026-06-22 06:15:20,0
T102148,U10201,M1022,electronics,44.94,2026-06-22 06:33:01,0
T100101,U10019,M1019,crypto,77.2,2026-06-22 06:35:21,0
T102440,U10043,M1004,crypto,34.91,2026-06-22 06:39:43,0
T105029,U10188,M1004,crypto,92.73,2026-06-22 06:44:22,0
T100921,U10209,M1002,restaurant,23.11,2026-06-22 06:47:49,0
T102469,U10027,M1026,crypto,77.0,2026-06-22 06:54:38,0
T103277,U10138,M1051,electronics,56.69,2026-06-22 07:37:21,0
T103620,U10183,M1018,fashion,45.06,2026-06-22 07:39:39,0
T104966,U10195,M1057,electronics,123.89,2026-06-22 08:23:59,0
T107666,U10008,M1032,grocery,32.25,2026-06-22 08:58:43,0
T102456,U10104,M1055,grocery,3.85,2026-06-22 10:14:26,0
T103191,U10218,M1020,gambling,239.67,2026-06-22 10:48:52,1
T101480,U10013,M1045,pharmacy,43.99,2026-06-22 11:04:12,0
T107918,U10238,M1001,utilities,43.26,2026-06-22 11:38:18,0
T100285,U10087,M1028,gambling,38.26,2026-06-22 11:44:15,0
T101167,U10186,M1006,grocery,45.44,2026-06-22 11:57:00,0
T103041,U10021,M1047,fashion,76.2,2026-06-22 12:03:56,0
T101048,U10074,M1005,fashion,44.84,2026-06-22 12:19:51,0
T107391,U10090,M1051,electronics,20.49,2026-06-22 12:27:15,0
T101390,U10236,M1000,grocery,33.53,2026-06-22 12:36:29,0
T101253,U10041,M1058,utilities,7.56,2026-06-22 12:42:27,0
T105435,U10146,M1054,crypto,74.03,2026-06-22 12:56:13,0
T104957,U10005,M1017,electronics,40.73,2026-06-22 13:11:56,0
T104184,U10094,M1048,restaurant,109.21,2026-06-22 14:02:16,0
T103155,U10236,M1021,gaming,27.69,2026-06-22 14:41:58,0
T100633,U10235,M1054,crypto,118.16,2026-06-22 14:45:28,0
T103680,U10148,M1018,fashion,89.56,2026-06-22 15:07:05,0
T104455,U10247,M1008,travel,38.67,2026-06-22 15:20:50,0
T106612,U10288,M1011,pharmacy,207.57,2026-06-22 15:31:30,0
T102661,U10014,M1012,utilities,9.91,2026-06-22 15:44:53,0
T104474,U10128,M1015,utilities,27.1,2026-06-22 15:52:16,0
T102335,U10211,M1040,electronics,78.54,2026-06-22 16:17:39,0
T102196,U10299,M1020,gambling,26.78,2026-06-22 16:18:52,0
T106785,U10060,M1008,travel,65.62,2026-06-22 16:30:04,0
T102612,U10001,M1031,travel,16.48,2026-06-22 17:30:59,0
T107049,U10260,M1023,pharmacy,23.26,2026-06-22 17:31:19,0
T101967,U10031,M1059,restaurant,41.64,2026-06-22 17:48:53,0
T106494,U10120,M1007,restaurant,28.03,2026-06-22 17:59:41,0
T107135,U10139,M1048,restaurant,40.89,2026-06-22 18:38:00,0
T101703,U10289,M1012,utilities,24.13,2026-06-22 18:44:14,0
T101255,U10229,M1006,grocery,23.95,2026-06-22 18:45:05,0
T102329,U10049,M1045,pharmacy,19.08,2026-06-22 19:18:11,0
T101770,U10162,M1039,restaurant,60.19,2026-06-22 19:38:11,0
T104360,U10219,M1046,crypto,31.28,2026-06-22 20:18:42,0
T101017,U10170,M1040,electronics,57.2,2026-06-22 21:19:45,0
T105541,U10031,M1046,crypto,17.97,2026-06-22 21:20:49,0
T103629,U10114,M1021,gaming,62.29,2026-06-22 21:27:00,0
T107212,U10104,M1044,grocery,25.06,2026-06-22 21:49:08,0
T106198,U10059,M1050,utilities,20.65,2026-06-22 22:27:06,0
T107274,U10250,M1020,gambling,50.99,2026-06-22 22:57:11,0
T101525,U10154,M1007,restaurant,30.2,2026-06-23 00:29:07,0
T101127,U10287,M1004,crypto,14.5,2026-06-23 00:29:23,0
T103110,U10009,M1052,gaming,21.26,2026-06-23 00:31:57,0
T107496,U10232,M1029,crypto,99.52,2026-06-23 01:47:38,0
T106966,U10073,M1021,gaming,62.22,2026-06-23 02:11:47,0
T106311,U10016,M1037,fashion,41.67,2026-06-23 02:19:35,0
T107368,U10103,M1034,fashion,33.95,2026-06-23 02:30:41,0
T105587,U10135,M1035,grocery,9.03,2026-06-23 02:38:14,0
T105207,U10055,M1019,crypto,70.74,2026-06-23 02:55:56,0
T106749,U10106,M1030,crypto,45.53,2026-06-23 03:33:18,0
T105369,U10232,M1001,utilities,28.91,2026-06-23 03:51:59,0
T105473,U10290,M1005,fashion,97.48,2026-06-23 04:50:41,0
T105380,U10066,M1023,pharmacy,22.64,2026-06-23 05:56:10,0
T103128,U10238,M1035,grocery,52.01,2026-06-23 06:13:59,0
T102734,U10170,M1004,crypto,104.84,2026-06-23 06:49:23,0
T101933,U10072,M1014,utilities,13.02,2026-06-23 06:57:23,0
T104377,U10055,M1020,gambling,58.63,2026-06-23 07:55:44,0
T107083,U10151,M1035,grocery,56.74,2026-06-23 08:29:17,0
T105678,U10120,M1033,gambling,51.1,2026-06-23 09:03:23,0
T101479,U10175,M1025,restaurant,28.55,2026-06-23 09:33:58,0
T102152,U10080,M1027,fashion,16.99,2026-06-23 10:01:00,0
T107748,U10000,M1002,restaurant,314.25,2026-06-23 10:08:46,0
T103887,U10280,M1026,crypto,85.51,2026-06-23 10:15:47,0
T102877,U10168,M1052,gaming,26.5,2026-06-23 10:32:23,0
T102982,U10184,M1050,utilities,22.71,2026-06-23 10:41:43,0
T105245,U10292,M1051,electronics,80.19,2026-06-23 10:53:55,0
T106292,U10141,M1036,fashion,17.14,2026-06-23 10:56:25,0
T101282,U10285,M1046,crypto,30.7,2026-06-23 11:22:26,0
T104833,U10025,M1054,crypto,77.27,2026-06-23 11:27:57,1
T105968,U10042,M1011,pharmacy,22.12,2026-06-23 11:41:05,0
T104584,U10099,M1013,utilities,35.97,2026-06-23 12:56:51,0
T104710,U10094,M1041,utilities,49.88,2026-06-23 13:10:09,0
T101103,U10092,M1013,utilities,42.75,2026-06-23 13:13:42,0
T100204,U10264,M1045,pharmacy,24.2,2026-06-23 13:52:16,0
T103698,U10142,M1001,utilities,24.96,2026-06-23 13:58:32,0
T103907,U10211,M1042,utilities,48.69,2026-06-23 14:01:38,0
T107185,U10259,M1008,travel,17.1,2026-06-23 14:29:08,0
T100406,U10250,M1016,gambling,76.82,2026-06-23 14:31:33,0
T107350,U10093,M1033,gambling,180.43,2026-06-23 14:59:16,0
T101074,U10095,M1056,gambling,50.69,2026-06-23 15:25:56,0
T101823,U10000,M1014,utilities,1655.13,2026-06-23 15:42:01,0
T106857,U10255,M1015,utilities,15.96,2026-06-23 16:01:42,0
T103261,U10198,M1004,crypto,34.89,2026-06-23 16:41:35,0
T105702,U10000,M1021,gaming,303.94,2026-06-23 17:30:40,0
T105663,U10200,M1052,gaming,16.51,2026-06-23 17:50:13,0
T107459,U10269,M1057,electronics,41.86,2026-06-23 17:57:39,0
T102225,U10162,M1004,crypto,26.52,2026-06-23 18:08:54,0
T100751,U10087,M1031,travel,36.18,2026-06-23 18:46:09,0
T105648,U10204,M1015,utilities,58.17,2026-06-23 19:24:00,0
T107252,U10099,M1027,fashion,68.0,2026-06-23 21:37:15,0
T104422,U10010,M1003,crypto,39.23,2026-06-23 22:12:16,0
T100426,U10259,M1035,grocery,66.17,2026-06-23 22:23:14,0
T100566,U10208,M1039,restaurant,16.59,2026-06-23 22:31:43,0
T105176,U10199,M1048,restaurant,24.07,2026-06-23 23:50:17,0
T100486,U10058,M1057,electronics,45.15,2026-06-23 23:58:26,0
T101986,U10235,M1018,fashion,62.52,2026-06-24 00:01:24,0
T107096,U10028,M1040,electronics,18.25,2026-06-24 00:20:32,0
T104042,U10016,M1004,crypto,66.36,2026-06-24 00:41:34,0
T102653,U10104,M1008,travel,20.14,2026-06-24 01:11:14,0
T103808,U10293,M1017,electronics,39.65,2026-06-24 01:15:10,0
T107924,U10236,M1043,gaming,95.18,2026-06-24 01:27:25,0
T106739,U10229,M1002,restaurant,8.93,2026-06-24 02:37:34,0
T100287,U10241,M1052,gaming,103.57,2026-06-24 02:39:31,0
T104907,U10274,M1017,electronics,20.72,2026-06-24 02:41:54,0
T103912,U10145,M1024,utilities,53.8,2026-06-24 02:55:04,0
T103408,U10246,M1002,restaurant,31.76,2026-06-24 03:27:03,0
T101990,U10121,M1002,restaurant,23.62,2026-06-24 03:54:55,0
T100739,U10179,M1040,electronics,11.84,2026-06-24 04:10:02,0
T101432,U10243,M1054,crypto,316.04,2026-06-24 04:21:28,0
T104164,U10002,M1023,pharmacy,46.08,2026-06-24 04:23:04,0
T107134,U10003,M1033,gambling,34.91,2026-06-24 04:25:09,0
T102164,U10073,M1038,travel,39.42,2026-06-24 05:19:21,0
T106935,U10247,M1055,grocery,9.73,2026-06-24 05:45:30,0
T104178,U10185,M1051,electronics,23.14,2026-06-24 06:07:02,0
T106970,U10234,M1037,fashion,28.36,2026-06-24 06:15:22,0
T102658,U10093,M1046,crypto,92.31,2026-06-24 06:23:24,0
T104250,U10191,M1008,travel,27.48,2026-06-24 06:39:01,0
T101968,U10285,M1027,fashion,72.59,2026-06-24 06:50:42,0
T102277,U10039,M1003,crypto,20.63,2026-06-24 06:59:05,0
T106932,U10002,M1054,crypto,103.06,2026-06-24 07:09:49,0
T102132,U10286,M1036,fashion,60.54,2026-06-24 07:10:03,0
T102750,U10206,M1058,utilities,13.42,2026-06-24 07:12:44,0
T105138,U10240,M1027,fashion,55.54,2026-06-24 07:16:08,0
T104187,U10084,M1054,crypto,33.66,2026-06-24 07:19:27,0
T101310,U10117,M1056,gambling,11.54,2026-06-24 07:26:45,0
T104346,U10069,M1024,utilities,21.78,2026-06-24 07:42:31,0
T104638,U10003,M1024,utilities,23.33,2026-06-24 08:04:38,0
T107650,U10272,M1032,grocery,26.22,2026-06-24 08:15:38,0
T101299,U10008,M1035,grocery,26.62,2026-06-24 08:27:36,0
T103730,U10033,M1057,electronics,67.52,2026-06-24 08:31:22,0
T101485,U10214,M1016,gambling,143.76,2026-06-24 08:59:08,1
T100711,U10048,M1012,utilities,121.49,2026-06-24 09:18:55,0
T104984,U10147,M1022,electronics,54.25,2026-06-24 09:21:39,0
T101739,U10061,M1057,electronics,19.96,2026-06-24 09:21:41,0
T104776,U10142,M1030,crypto,38.66,2026-06-24 09:31:43,1
T100800,U10113,M1046,crypto,140.41,2026-06-24 09:34:21,0
T105165,U10243,M1050,utilities,89.16,2026-06-24 09:39:45,0
T102226,U10142,M1036,fashion,30.05,2026-06-24 10:00:21,0
T106374,U10054,M1013,utilities,7.95,2026-06-24 10:46:53,0
T103701,U10253,M1002,restaurant,51.16,2026-06-24 12:20:53,0
T105698,U10104,M1017,electronics,16.5,2026-06-24 12:40:39,0
T104012,U10203,M1017,electronics,237.61,2026-06-24 12:58:26,0
T102207,U10021,M1036,fashion,39.75,2026-06-24 13:01:30,0
T104466,U10213,M1040,electronics,48.16,2026-06-24 14:02:13,0
T105714,U10039,M1000,grocery,24.9,2026-06-24 14:14:09,0
T106905,U10105,M1016,gambling,59.43,2026-06-24 14:39:14,0
T101393,U10011,M1041,utilities,48.03,2026-06-24 14:50:29,0
T105466,U10221,M1027,fashion,59.1,2026-06-24 14:56:24,0
T102742,U10053,M1038,travel,6.28,2026-06-24 14:57:40,0
T102835,U10192,M1027,fashion,47.61,2026-06-24 14:59:46,0
T102292,U10172,M1003,crypto,43.7,2026-06-24 15:09:28,0
T101274,U10011,M1046,crypto,51.32,2026-06-24 15:09:36,0
T101369,U10214,M1038,travel,148.53,2026-06-24 15:42:13,0
T106167,U10190,M1029,crypto,21.77,2026-06-24 16:16:45,0
T106670,U10197,M1021,gaming,189.88,2026-06-24 16:55:22,1
T104381,U10288,M1049,utilities,81.79,2026-06-24 17:13:35,0
T100851,U10137,M1052,gaming,30.48,2026-06-24 17:49:05,0
T102359,U10299,M1047,fashion,27.37,2026-06-24 17:55:23,0
T107804,U10005,M1042,utilities,91.18,2026-06-24 18:13:56,0
T101391,U10268,M1046,crypto,12.4,2026-06-24 18:25:44,0
T107815,U10105,M1011,pharmacy,28.18,2026-06-24 18:31:13,0
T101222,U10043,M1014,utilities,350.79,2026-06-24 18:32:39,0
T104310,U10191,M1036,fashion,75.22,2026-06-24 18:36:06,0
T105113,U10041,M1029,crypto,13.6,2026-06-24 18:57:15,0
T107090,U10141,M1018,fashion,45.72,2026-06-24 19:27:38,0
T103749,U10265,M1051,electronics,38.36,2026-06-24 19:38:32,0
T103563,U10226,M1022,electronics,73.42,2026-06-24 19:50:44,0
T101080,U10011,M1053,crypto,524.84,2026-06-24 19:56:22,0
T107960,U10047,M1017,electronics,61.79,2026-06-24 20:03:05,0
T101023,U10065,M1036,fashion,20.51,2026-06-24 20:22:49,0
T103374,U10043,M1018,fashion,31.61,2026-06-24 21:02:41,0
T100494,U10154,M1039,restaurant,40.25,2026-06-24 21:21:52,0
T104920,U10153,M1052,gaming,94.95,2026-06-24 21:38:09,0
T101559,U10097,M1020,gambling,20.85,2026-06-24 21:44:04,0
T104756,U10165,M1042,utilities,34.71,2026-06-24 21:47:16,0
T107854,U10107,M1039,restaurant,54.58,2026-06-24 22:26:57,0
T104598,U10293,M1001,utilities,63.59,2026-06-24 22:29:20,0
T102396,U10126,M1057,electronics,27.56,2026-06-24 22:59:29,0
T101284,U10165,M1010,gambling,20.33,2026-06-24 23:03:29,0
T102477,U10203,M1022,electronics,34.17,2026-06-24 23:10:08,0
T101122,U10013,M1016,gambling,40.71,2026-06-24 23:14:11,0
T105497,U10120,M1028,gambling,32.12,2026-06-24 23:31:46,0
T102510,U10163,M1016,gambling,79.51,2026-06-25 00:02:01,0
T103340,U10065,M1013,utilities,106.19,2026-06-25 00:51:24,0
T107012,U10232,M1040,electronics,64.02,2026-06-25 00:57:46,0
T103724,U10238,M1038,travel,18.83,2026-06-25 01:09:11,0
T100151,U10116,M1032,grocery,32.09,2026-06-25 01:31:29,0
T101529,U10268,M1034,fashion,14.09,2026-06-25 01:48:29,0
T101063,U10159,M1056,gambling,642.89,2026-06-25 01:51:28,1
T104446,U10085,M1022,electronics,46.27,2026-06-25 01:52:26,0
T106104,U10234,M1027,fashion,73.29,2026-06-25 02:08:00,0
T106056,U10125,M1044,grocery,63.93,2026-06-25 02:38:53,0
T103298,U10133,M1044,grocery,12.34,2026-06-25 02:50:12,0
T107417,U10078,M1020,gambling,45.92,2026-06-25 03:06:59,0
T100743,U10020,M1003,crypto,22.37,2026-06-25 03:10:35,0
T101940,U10077,M1006,grocery,38.84,2026-06-25 03:56:10,0
T104655,U10178,M1045,pharmacy,212.07,2026-06-25 04:08:13,0
T107690,U10066,M1058,utilities,36.56,2026-06-25 04:42:13,0
T103414,U10057,M1050,utilities,20.48,2026-06-25 04:47:04,0
T103313,U10121,M1033,gambling,30.04,2026-06-25 05:26:34,0
T102191,U10084,M1054,crypto,43.27,2026-06-25 05:49:19,0
T104941,U10168,M1012,utilities,16.56,2026-06-25 05:51:48,0
T100973,U10112,M1050,utilities,18.35,2026-06-25 06:00:46,0
T103829,U10021,M1007,restaurant,57.84,2026-06-25 06:06:08,0
T103602,U10111,M1054,crypto,9.54,2026-06-25 06:16:58,0
T100967,U10091,M1057,electronics,42.37,2026-06-25 06:26:11,1
T106557,U10257,M1055,grocery,18.51,2026-06-25 07:29:32,0
T101216,U10191,M1037,fashion,13.83,2026-06-25 07:39:43,0
T102255,U10172,M1028,gambling,58.94,2026-06-25 07:59:01,0
T101709,U10129,M1016,gambling,14.26,2026-06-25 07:59:47,0
T106975,U10186,M1051,electronics,30.89,2026-06-25 08:17:01,0
T103651,U10232,M1039,restaurant,72.9,2026-06-25 08:25:54,0
T101257,U10051,M1049,utilities,59.81,2026-06-25 08:51:02,0
T104370,U10188,M1048,restaurant,36.93,2026-06-25 09:18:08,0
T102842,U10161,M1042,utilities,26.63,2026-06-25 09:23:22,0
T102773,U10067,M1045,pharmacy,15.03,2026-06-25 09:28:56,0
T103030,U10069,M1025,restaurant,37.74,2026-06-25 09:30:23,0
T106407,U10080,M1026,crypto,34.34,2026-06-25 09:35:49,0
T106953,U10157,M1033,gambling,28.02,2026-06-25 09:39:08,0
T100747,U10257,M1006,grocery,24.06,2026-06-25 10:00:12,0
T105089,U10138,M1048,restaurant,29.78,2026-06-25 10:08:59,0
T104388,U10051,M1012,utilities,17.19,2026-06-25 10:45:43,0
T105450,U10050,M1036,fashion,34.47,2026-06-25 10:55:16,0
T102447,U10130,M1028,gambling,25.75,2026-06-25 12:15:17,0
T100852,U10201,M1052,gaming,18.31,2026-06-25 13:27:12,0
T107716,U10009,M1004,crypto,42.69,2026-06-25 13:39:10,0
T105660,U10271,M1028,gambling,16.85,2026-06-25 14:36:30,1
T106390,U10221,M1000,grocery,73.3,2026-06-25 14:51:43,0
T107670,U10103,M1016,gambling,41.8,2026-06-25 15:10:05,0
T104745,U10185,M1025,restaurant,145.3,2026-06-25 15:20:27,0
T107542,U10203,M1005,fashion,132.0,2026-06-25 15:25:24,0
T101857,U10089,M1015,utilities,40.32,2026-06-25 15:56:03,0
T105231,U10029,M1051,electronics,130.82,2026-06-25 15:56:30,0
T105853,U10135,M1056,gambling,27.3,2026-06-25 16:44:02,0
T103272,U10141,M1029,crypto,71.32,2026-06-25 17:19:15,0
T106047,U10050,M1028,gambling,43.73,2026-06-25 17:25:48,0
T102725,U10074,M1009,grocery,26.45,2026-06-25 17:44:26,0
T102892,U10288,M1052,gaming,64.71,2026-06-25 17:57:38,0
T106915,U10002,M1012,utilities,26.54,2026-06-25 18:04:06,0
T100624,U10161,M1039,restaurant,18.98,2026-06-25 18:34:02,1
T100781,U10033,M1028,gambling,96.91,2026-06-25 18:44:04,0
T102900,U10072,M1024,utilities,39.78,2026-06-25 18:47:35,0
T100540,U10119,M1032,grocery,92.58,2026-06-25 19:35:34,0
T100197,U10239,M1014,utilities,150.55,2026-06-25 20:06:07,0
T101491,U10182,M1001,utilities,61.18,2026-06-25 20:09:55,0
T102932,U10299,M1025,restaurant,65.18,2026-06-25 20:10:33,0
T105050,U10136,M1012,utilities,106.91,2026-06-25 20:25:13,0
T106941,U10114,M1056,gambling,16.19,2026-06-25 20:27:33,0
T104730,U10091,M1004,crypto,12.9,2026-06-25 20:28:37,0
T106733,U10181,M1024,utilities,18.44,2026-06-25 20:32:03,0
T100509,U10034,M1025,restaurant,25.2,2026-06-25 20:36:54,0
T105724,U10219,M1018,fashion,10.99,2026-06-25 20:37:24,0
T103022,U10224,M1002,restaurant,24.28,2026-06-25 21:00:51,0
T107873,U10034,M1030,crypto,198.24,2026-06-25 21:03:48,0
T102386,U10199,M1044,grocery,27.88,2026-06-25 21:34:31,1
T104978,U10021,M1012,utilities,66.0,2026-06-25 21:39:07,0
T102017,U10034,M1011,pharmacy,56.7,2026-06-25 23:14:54,0
T102670,U10085,M1007,restaurant,29.6,2026-06-25 23:22:15,0
T101359,U10174,M1020,gambling,14.93,2026-06-25 23:29:30,0
T100194,U10088,M1039,restaurant,303.82,2026-06-25 23:50:52,1
T103896,U10144,M1012,utilities,10.16,2026-06-26 00:02:58,0
T107265,U10128,M1054,crypto,31.1,2026-06-26 00:09:51,0
T100499,U10244,M1025,restaurant,203.55,2026-06-26 00:14:22,0
T101158,U10100,M1036,fashion,35.77,2026-06-26 00:21:13,0
T107583,U10179,M1016,gambling,401.28,2026-06-26 01:09:29,0
T102212,U10245,M1047,fashion,99.07,2026-06-26 01:27:04,0
T107127,U10172,M1014,utilities,17.7,2026-06-26 01:42:16,0
T101524,U10018,M1010,gambling,130.73,2026-06-26 01:57:41,0
T107123,U10183,M1040,electronics,29.92,2026-06-26 02:19:48,0
T107772,U10260,M1005,fashion,42.63,2026-06-26 02:25:21,0
T105695,U10061,M1016,gambling,31.9,2026-06-26 02:28:01,0
T106184,U10193,M1008,travel,31.67,2026-06-26 02:46:12,0
T106315,U10076,M1011,pharmacy,27.59,2026-06-26 03:15:56,0
T105756,U10278,M1027,fashion,31.46,2026-06-26 03:18:20,0
T102230,U10245,M1020,gambling,65.78,2026-06-26 03:19:28,0
T103854,U10106,M1043,gaming,118.07,2026-06-26 03:49:24,0
T103446,U10280,M1034,fashion,95.16,2026-06-26 04:02:26,0
T105930,U10011,M1013,utilities,39.1,2026-06-26 04:34:36,0
T102473,U10048,M1043,gaming,60.83,2026-06-26 05:09:42,1
T106408,U10054,M1025,restaurant,35.79,2026-06-26 05:12:35,0
T100959,U10080,M1042,utilities,39.84,2026-06-26 07:28:03,0
T103963,U10121,M1052,gaming,14.82,2026-06-26 08:17:59,0
T104260,U10213,M1035,grocery,261.68,2026-06-26 08:31:20,0
T102779,U10001,M1013,utilities,14.16,2026-06-26 08:53:28,0
T106183,U10044,M1017,electronics,36.78,2026-06-26 09:13:56,0
T101632,U10101,M1027,fashion,15.35,2026-06-26 09:18:52,0
T106692,U10008,M1001,utilities,29.4,2026-06-26 09:47:05,0
T107191,U10241,M1024,utilities,49.0,2026-06-26 11:12:38,0
T105294,U10097,M1055,grocery,28.88,2026-06-26 11:34:08,0
T106596,U10029,M1037,fashion,65.61,2026-06-26 11:59:29,0
T107463,U10168,M1059,restaurant,26.35,2026-06-26 12:11:04,0
T102377,U10031,M1043,gaming,23.5,2026-06-26 12:15:16,0
T103973,U10205,M1006,grocery,10.35,2026-06-26 12:17:19,0
T104431,U10072,M1032,grocery,44.45,2026-06-26 12:22:02,0
T107654,U10256,M1054,crypto,14.14,2026-06-26 12:33:05,0
T104146,U10276,M1043,gaming,31.62,2026-06-26 12:39:11,0
T102024,U10177,M1057,electronics,33.56,2026-06-26 13:48:50,0
T103621,U10099,M1050,utilities,15.36,2026-06-26 13:51:57,0
T104230,U10175,M1006,grocery,49.38,2026-06-26 14:03:36,0
T105395,U10119,M1023,pharmacy,42.89,2026-06-26 14:14:36,0
T104812,U10239,M1053,crypto,25.7,2026-06-26 14:25:46,1
T103175,U10039,M1027,fashion,28.0,2026-06-26 15:41:02,0
T100773,U10094,M1024,utilities,32.87,2026-06-26 16:25:12,0
T106032,U10280,M1012,utilities,29.59,2026-06-26 16:33:29,0
T101760,U10066,M1055,grocery,7.96,2026-06-26 16:43:41,0
T105551,U10264,M1021,gaming,13.59,2026-06-26 16:47:00,0
T100932,U10231,M1046,crypto,15.9,2026-06-26 17:27:42,0
T103784,U10021,M1051,electronics,47.23,2026-06-26 17:30:38,0
T104160,U10096,M1035,grocery,36.89,2026-06-26 18:04:12,0
T102659,U10052,M1050,utilities,33.79,2026-06-26 18:07:55,0
T103840,U10010,M1048,restaurant,136.12,2026-06-26 18:13:18,0
T103458,U10139,M1022,electronics,23.78,2026-06-26 18:14:05,0
T102503,U10270,M1030,crypto,47.82,2026-06-26 18:16:24,0
T107907,U10022,M1055,grocery,6.89,2026-06-26 18:19:13,0
T101677,U10116,M1043,gaming,30.33,2026-06-26 18:35:49,1
T103070,U10198,M1036,fashion,13.37,2026-06-26 19:03:52,0
T104983,U10230,M1048,restaurant,29.77,2026-06-26 19:07:52,0
T107085,U10054,M1024,utilities,18.04,2026-06-26 19:33:19,0
T102755,U10205,M1050,utilities,24.92,2026-06-26 19:41:03,0
T102376,U10002,M1038,travel,37.39,2026-06-26 19:54:31,0
T102756,U10153,M1050,utilities,101.95,2026-06-26 19:57:05,0
T104096,U10228,M1014,utilities,90.79,2026-06-26 20:45:12,0
T100820,U10220,M1055,grocery,5.08,2026-06-26 20:58:26,0
T105509,U10271,M1033,gambling,19.71,2026-06-26 21:01:30,0
T100096,U10220,M1044,grocery,28.5,2026-06-26 21:11:17,0
T106154,U10206,M1017,electronics,18.63,2026-06-26 21:14:47,0
T106372,U10004,M1014,utilities,100.03,2026-06-26 21:31:14,0
T106277,U10078,M1030,crypto,1155.65,2026-06-26 21:34:53,1
T107811,U10225,M1040,electronics,54.68,2026-06-26 21:50:25,0
T106545,U10280,M1032,grocery,74.65,2026-06-26 22:46:01,0
T104589,U10269,M1026,crypto,55.89,2026-06-26 23:45:10,0
T101057,U10100,M1036,fashion,68.7,2026-06-26 23:49:25,0
T101938,U10138,M1045,pharmacy,38.3,2026-06-27 00:07:42,0
T104736,U10100,M1024,utilities,34.01,2026-06-27 00:17:25,0
T106883,U10175,M1030,crypto,25.49,2026-06-27 00:31:38,0
T102986,U10238,M1015,utilities,24.59,2026-06-27 01:02:30,0
T105886,U10227,M1028,gambling,23.78,2026-06-27 01:48:39,0
T100917,U10267,M1053,crypto,41.38,2026-06-27 01:53:14,0
T105193,U10255,M1036,fashion,31.42,2026-06-27 01:58:32,0
T105596,U10192,M1011,pharmacy,29.87,2026-06-27 02:04:23,0
T103289,U10232,M1019,crypto,48.88,2026-06-27 02:30:36,0
T104979,U10239,M1040,electronics,24.76,2026-06-27 02:38:04,0
T102325,U10286,M1027,fashion,61.29,2026-06-27 02:43:26,0
T105132,U10074,M1046,crypto,12.8,2026-06-27 03:00:07,1
T105612,U10228,M1029,crypto,67.89,2026-06-27 03:13:24,0
T104321,U10229,M1021,gaming,16.32,2026-06-27 04:19:32,0
T103395,U10225,M1050,utilities,71.55,2026-06-27 05:00:56,0
T101367,U10062,M1039,restaurant,14.03,2026-06-27 05:31:46,0
T104846,U10199,M1042,utilities,23.99,2026-06-27 06:00:54,0
T100491,U10125,M1037,fashion,67.78,2026-06-27 07:07:46,0
T106339,U10059,M1043,gaming,114.56,2026-06-27 07:12:27,0
T100300,U10088,M1020,gambling,117.99,2026-06-27 07:38:11,1
T102972,U10244,M1011,pharmacy,45.99,2026-06-27 07:40:14,0
T105471,U10180,M1018,fashion,90.74,2026-06-27 07:59:56,1
T104197,U10249,M1020,gambling,8.12,2026-06-27 08:03:47,0
T100863,U10079,M1040,electronics,7.76,2026-06-27 08:47:37,0
T104169,U10085,M1000,grocery,57.4,2026-06-27 08:59:16,0
T106121,U10102,M1032,grocery,94.16,2026-06-27 09:22:44,0
T102209,U10099,M1005,fashion,21.3,2026-06-27 09:46:49,0
T102807,U10036,M1045,pharmacy,47.15,2026-06-27 10:14:49,0
T103206,U10130,M1029,crypto,104.24,2026-06-27 10:31:24,0
T102013,U10263,M1016,gambling,11.82,2026-06-27 10:46:11,0
T106381,U10261,M1056,gambling,31.88,2026-06-27 11:22:15,0
T103257,U10204,M1056,gambling,58.9,2026-06-27 11:53:24,0
T102452,U10152,M1032,grocery,83.87,2026-06-27 11:57:17,0
T106630,U10065,M1057,electronics,34.37,2026-06-27 12:13:09,0
T101853,U10159,M1008,travel,234.57,2026-06-27 12:17:59,0
T105407,U10249,M1030,crypto,74.55,2026-06-27 12:31:57,0
T103212,U10261,M1004,crypto,38.09,2026-06-27 12:33:42,0
T100648,U10145,M1037,fashion,44.31,2026-06-27 13:19:01,0
T101836,U10188,M1049,utilities,39.94,2026-06-27 13:23:05,0
T104727,U10061,M1025,restaurant,749.23,2026-06-27 13:26:27,0
T104869,U10208,M1017,electronics,38.69,2026-06-27 13:52:59,0
T102115,U10086,M1003,crypto,21.51,2026-06-27 14:36:11,0
T102770,U10087,M1034,fashion,28.99,2026-06-27 14:47:11,0
T106969,U10145,M1048,restaurant,12.36,2026-06-27 15:20:12,0
T101934,U10111,M1018,fashion,27.4,2026-06-27 15:22:47,0
T107324,U10035,M1051,electronics,203.16,2026-06-27 15:37:17,0
T100068,U10055,M1033,gambling,57.41,2026-06-27 15:49:22,0
T106904,U10245,M1046,crypto,189.72,2026-06-27 15:54:42,1
T107444,U10158,M1007,restaurant,22.78,2026-06-27 16:27:36,0
T103055,U10258,M1020,gambling,21.16,2026-06-27 16:32:36,1
T103233,U10231,M1046,crypto,26.37,2026-06-27 16:54:06,0
T105644,U10114,M1004,crypto,45.63,2026-06-27 17:15:54,0
T102316,U10099,M1057,electronics,10.59,2026-06-27 17:19:36,0
T107413,U10267,M1039,restaurant,38.27,2026-06-27 17:23:33,0
T100063,U10220,M1020,gambling,32.01,2026-06-27 17:31:19,0
T103574,U10204,M1051,electronics,23.23,2026-06-27 17:40:13,0
T102485,U10279,M1031,travel,481.55,2026-06-27 18:00:08,0
T104182,U10215,M1033,gambling,26.16,2026-06-27 18:07:45,0
T106988,U10153,M1004,crypto,49.66,2026-06-27 18:11:05,0
T101693,U10078,M1029,crypto,25.91,2026-06-27 18:23:43,0
T102342,U10161,M1041,utilities,18.52,2026-06-27 18:46:26,0
T107340,U10262,M1054,crypto,26.02,2026-06-27 18:46:39,0
T101094,U10236,M1011,pharmacy,16.97,2026-06-27 18:51:08,0
T104551,U10135,M1042,utilities,14.39,2026-06-27 19:12:09,0
T107582,U10189,M1024,utilities,30.86,2026-06-27 19:20:43,0
T103398,U10090,M1032,grocery,224.45,2026-06-27 19:44:58,0
T107367,U10156,M1039,restaurant,126.49,2026-06-27 21:36:16,0
T105474,U10232,M1036,fashion,17.96,2026-06-27 21:42:36,0
T107926,U10091,M1017,electronics,41.19,2026-06-27 21:43:38,0
T103217,U10013,M1057,electronics,65.89,2026-06-27 22:23:30,0
T105399,U10252,M1052,gaming,82.15,2026-06-27 23:00:31,0
T103174,U10058,M1031,travel,31.6,2026-06-27 23:00:34,0
T105979,U10088,M1033,gambling,160.42,2026-06-27 23:09:51,0
T104286,U10021,M1014,utilities,47.39,2026-06-27 23:35:28,0
T101026,U10262,M1048,restaurant,49.6,2026-06-27 23:44:59,0
T102294,U10032,M1048,restaurant,13.8,2026-06-27 23:53:02,0
T100960,U10168,M1043,gaming,70.08,2026-06-27 23:55:19,0
T102011,U10132,M1039,restaurant,64.9,2026-06-28 00:03:27,0
T106607,U10254,M1044,grocery,23.16,2026-06-28 00:18:07,0
T105882,U10032,M1033,gambling,35.46,2026-06-28 01:07:36,0
T106747,U10131,M1049,utilities,17.85,2026-06-28 01:13:22,0
T102798,U10071,M1023,pharmacy,307.03,2026-06-28 02:24:58,0
T106324,U10000,M1000,grocery,119.6,2026-06-28 02:51:41,0
T105403,U10120,M1023,pharmacy,22.2,2026-06-28 03:19:54,0
T107079,U10038,M1002,restaurant,371.74,2026-06-28 03:48:05,0
T104292,U10134,M1005,fashion,48.69,2026-06-28 03:54:32,0
T104738,U10049,M1004,crypto,54.91,2026-06-28 03:58:26,0
T101957,U10171,M1032,grocery,106.11,2026-06-28 04:21:46,0
T104687,U10270,M1031,travel,39.48,2026-06-28 04:54:13,0
T106581,U10254,M1050,utilities,10.13,2026-06-28 04:56:24,0
T105710,U10017,M1032,grocery,29.27,2026-06-28 05:33:35,0
T107802,U10122,M1013,utilities,5.58,2026-06-28 05:34:45,0
T107024,U10174,M1058,utilities,17.55,2026-06-28 05:55:24,0
T106613,U10035,M1044,grocery,64.29,2026-06-28 06:03:09,0
T102410,U10057,M1014,utilities,13.71,2026-06-28 06:07:55,1
T100531,U10094,M1054,crypto,64.81,2026-06-28 06:14:38,0
T107467,U10224,M1045,pharmacy,20.26,2026-06-28 06:54:29,0
T107098,U10232,M1002,restaurant,39.87,2026-06-28 07:05:07,0
T103171,U10207,M1014,utilities,29.62,2026-06-28 07:11:08,0
T103611,U10039,M1018,fashion,18.65,2026-06-28 07:23:49,0
T103541,U10283,M1023,pharmacy,35.54,2026-06-28 07:48:54,0
T106357,U10240,M1028,gambling,25.83,2026-06-28 08:13:13,0
T101236,U10295,M1031,travel,81.24,2026-06-28 08:44:01,0
T104562,U10125,M1014,utilities,92.71,2026-06-28 08:52:07,0
T106508,U10176,M1046,crypto,72.08,2026-06-28 09:03:17,0
T101546,U10199,M1033,gambling,152.21,2026-06-28 09:21:27,0
T101782,U10070,M1047,fashion,25.68,2026-06-28 09:40:49,0
T104594,U10192,M1043,gaming,131.09,2026-06-28 10:08:31,0
T105335,U10093,M1017,electronics,35.53,2026-06-28 10:12:29,0
T100871,U10061,M1045,pharmacy,43.84,2026-06-28 10:46:34,0
T105955,U10153,M1047,fashion,141.98,2026-06-28 11:05:28,1
T104102,U10098,M1014,utilities,20.11,2026-06-28 11:05:30,0
T101051,U10256,M1010,gambling,65.36,2026-06-28 11:35:34,0
T106290,U10141,M1005,fashion,67.86,2026-06-28 11:36:31,0
T101932,U10296,M1022,electronics,15.62,2026-06-28 11:43:57,0
T107187,U10203,M1035,grocery,42.17,2026-06-28 11:56:08,0
T102689,U10179,M1002,restaurant,65.44,2026-06-28 11:58:56,0
T107544,U10224,M1016,gambling,30.73,2026-06-28 12:22:39,0
T107861,U10214,M1042,utilities,131.99,2026-06-28 12:28:57,0
T106217,U10094,M1052,gaming,47.24,2026-06-28 12:30:37,1
T105947,U10197,M1045,pharmacy,65.01,2026-06-28 12:41:03,0
T103852,U10236,M1027,fashion,59.8,2026-06-28 13:09:16,0
T105135,U10225,M1039,restaurant,124.62,2026-06-28 13:10:45,0
T103807,U10175,M1011,pharmacy,12.71,2026-06-28 13:41:00,0
T104181,U10207,M1033,gambling,155.63,2026-06-28 14:06:34,0
T105554,U10186,M1048,restaurant,48.49,2026-06-28 14:20:34,0
T103418,U10131,M1030,crypto,44.85,2026-06-28 14:58:53,0
T101394,U10248,M1042,utilities,85.68,2026-06-28 15:14:27,0
T107724,U10035,M1029,crypto,97.93,2026-06-28 15:38:44,0
T103895,U10109,M1026,crypto,160.83,2026-06-28 15:52:34,0
T107320,U10146,M1001,utilities,78.56,2026-06-28 15:58:11,0
T107002,U10046,M1051,electronics,23.53,2026-06-28 16:03:15,0
T106706,U10045,M1003,crypto,79.3,2026-06-28 16:08:57,0
T104610,U10270,M1025,restaurant,94.63,2026-06-28 16:22:09,0
T103700,U10121,M1011,pharmacy,9.21,2026-06-28 17:47:04,0
T102114,U10091,M1035,grocery,23.49,2026-06-28 19:00:56,0
T103870,U10050,M1015,utilities,30.95,2026-06-28 19:30:20,0
T106070,U10243,M1004,crypto,37.15,2026-06-28 19:36:56,0
T106526,U10274,M1059,restaurant,55.36,2026-06-28 19:38:24,0
T104933,U10151,M1006,grocery,57.94,2026-06-28 20:04:59,0
T104374,U10073,M1035,grocery,42.07,2026-06-28 20:14:50,0
T102741,U10004,M1016,gambling,50.69,2026-06-28 20:36:40,0
T106395,U10002,M1027,fashion,18.68,2026-06-28 20:43:21,0
T105653,U10083,M1005,fashion,19.34,2026-06-28 20:53:52,0
T103583,U10041,M1016,gambling,34.25,2026-06-28 21:01:30,0
T104804,U10107,M1047,fashion,41.87,2026-06-28 21:16:08,0
T104192,U10137,M1027,fashion,43.23,2026-06-28 21:20:01,0
T100071,U10295,M1054,crypto,26.26,2026-06-28 21:32:45,0
T106476,U10152,M1031,travel,16.03,2026-06-28 21:47:24,0
T100299,U10099,M1005,fashion,59.27,2026-06-28 21:49:34,0
T100395,U10021,M1003,crypto,84.02,2026-06-28 22:06:46,0
T102980,U10041,M1002,restaurant,203.48,2026-06-28 22:15:40,0
T104345,U10119,M1044,grocery,76.5,2026-06-28 22:20:24,0
T104219,U10298,M1022,electronics,29.8,2026-06-28 22:34:39,0
T106822,U10294,M1035,grocery,527.48,2026-06-28 23:42:17,0
T107519,U10123,M1028,gambling,48.36,2026-06-29 00:09:04,0
T105796,U10225,M1055,grocery,38.06,2026-06-29 00:59:44,0
T102918,U10296,M1043,gaming,13.37,2026-06-29 01:04:11,0
T105813,U10222,M1012,utilities,142.16,2026-06-29 01:17:00,0
T100190,U10249,M1047,fashion,30.8,2026-06-29 01:27:29,0
T105790,U10015,M1014,utilities,49.43,2026-06-29 01:54:21,0
T106618,U10131,M1005,fashion,295.49,2026-06-29 03:12:54,0
T105182,U10282,M1007,restaurant,114.98,2026-06-29 03:22:01,0
T100350,U10182,M1003,crypto,24.5,2026-06-29 03:42:00,0
T105598,U10247,M1044,grocery,5.88,2026-06-29 03:55:00,0
T102964,U10260,M1046,crypto,34.88,2026-06-29 04:45:59,0
T105994,U10201,M1025,restaurant,16.84,2026-06-29 04:50:54,0
T106736,U10181,M1047,fashion,26.89,2026-06-29 05:11:48,0
T101010,U10171,M1011,pharmacy,42.16,2026-06-29 05:34:30,0
T103069,U10190,M1024,utilities,103.89,2026-06-29 05:35:16,0
T107263,U10124,M1042,utilities,18.5,2026-06-29 05:56:31,0
T100574,U10226,M1009,grocery,159.55,2026-06-29 05:59:05,0
T100073,U10258,M1047,fashion,26.0,2026-06-29 06:07:27,0
T100650,U10240,M1039,restaurant,55.12,2026-06-29 06:09:14,0
T106095,U10222,M1037,fashion,55.89,2026-06-29 06:15:10,0
T103643,U10262,M1018,fashion,109.82,2026-06-29 06:43:23,0
T102390,U10151,M1019,crypto,100.17,2026-06-29 06:52:06,0
T102999,U10256,M1045,pharmacy,51.78,2026-06-29 07:56:26,0
T100704,U10230,M1026,crypto,12.06,2026-06-29 08:31:15,0
T103702,U10229,M1018,fashion,5.37,2026-06-29 08:42:03,0
T106992,U10023,M1001,utilities,27.32,2026-06-29 09:24:55,0
T107025,U10022,M1057,electronics,18.62,2026-06-29 09:59:00,0
T104818,U10256,M1033,gambling,78.74,2026-06-29 10:07:55,0
T102620,U10105,M1006,grocery,27.7,2026-06-29 10:33:21,0
T101730,U10257,M1025,restaurant,29.67,2026-06-29 10:49:58,0
T105080,U10145,M1022,electronics,45.68,2026-06-29 10:57:39,0
T100089,U10198,M1011,pharmacy,4.12,2026-06-29 11:06:01,0
T103770,U10052,M1006,grocery,48.55,2026-06-29 12:08:03,0
T106103,U10108,M1016,gambling,102.51,2026-06-29 12:16:35,0
T100041,U10228,M1042,utilities,44.74,2026-06-29 12:47:00,0
T100927,U10130,M1044,grocery,54.67,2026-06-29 12:49:49,0
T102102,U10128,M1032,grocery,24.67,2026-06-29 13:05:55,0
T102357,U10009,M1015,utilities,116.41,2026-06-29 13:19:53,0
T104912,U10106,M1034,fashion,81.51,2026-06-29 13:51:57,0
T104923,U10064,M1048,restaurant,21.35,2026-06-29 14:00:10,0
T102855,U10282,M1010,gambling,102.7,2026-06-29 14:21:05,0
T103671,U10179,M1018,fashion,29.0,2026-06-29 14:55:48,0
T102032,U10106,M1044,grocery,14.11,2026-06-29 15:08:07,0
T103779,U10275,M1012,utilities,13.54,2026-06-29 16:18:40,0
T106261,U10255,M1042,utilities,24.69,2026-06-29 16:55:15,0
T105002,U10280,M1021,gaming,22.2,2026-06-29 17:29:11,0
T101025,U10119,M1019,crypto,44.65,2026-06-29 17:39:41,0
T106449,U10281,M1055,grocery,56.15,2026-06-29 18:23:07,0
T104572,U10272,M1038,travel,62.74,2026-06-29 18:45:47,0
T104696,U10282,M1048,restaurant,563.56,2026-06-29 19:21:11,0
T100562,U10245,M1012,utilities,57.07,2026-06-29 19:31:41,0
T105788,U10241,M1004,crypto,27.99,2026-06-29 19:50:58,0
T106319,U10014,M1022,electronics,87.71,2026-06-29 20:04:14,0
T103248,U10168,M1049,utilities,74.35,2026-06-29 20:12:07,0
T104314,U10046,M1002,restaurant,15.71,2026-06-29 20:14:15,0
T103384,U10037,M1038,travel,43.45,2026-06-29 20:57:00,0
T100721,U10220,M1032,grocery,158.04,2026-06-29 21:00:22,0
T101192,U10240,M1053,crypto,53.31,2026-06-29 21:07:39,0
T107295,U10157,M1045,pharmacy,26.12,2026-06-29 21:09:35,0
T104800,U10081,M1059,restaurant,8.82,2026-06-29 21:10:22,0
T101840,U10110,M1056,gambling,39.78,2026-06-29 21:51:05,0
T104503,U10156,M1040,electronics,55.74,2026-06-29 22:00:10,0
T102516,U10139,M1058,utilities,57.96,2026-06-29 22:23:09,0
T106959,U10008,M1007,restaurant,36.07,2026-06-29 22:24:13,0
T105240,U10186,M1023,pharmacy,20.16,2026-06-29 22:43:11,0
T105650,U10030,M1044,grocery,14.74,2026-06-29 22:56:27,0
T102128,U10015,M1056,gambling,20.04,2026-06-30 00:11:35,0
T107488,U10222,M1019,crypto,539.04,2026-06-30 00:38:14,0
T106294,U10219,M1000,grocery,25.01,2026-06-30 00:57:14,0
T100838,U10118,M1043,gaming,99.69,2026-06-30 01:11:59,0
T101157,U10291,M1058,utilities,65.49,2026-06-30 01:31:15,0
T104332,U10152,M1031,travel,52.92,2026-06-30 01:46:56,0
T101290,U10164,M1021,gaming,6.23,2026-06-30 01:59:43,0
T103615,U10296,M1014,utilities,38.35,2026-06-30 02:22:40,0
T103099,U10222,M1038,travel,166.67,2026-06-30 03:20:18,0
T100961,U10008,M1059,restaurant,33.92,2026-06-30 04:02:51,0
T102143,U10075,M1034,fashion,18.3,2026-06-30 04:08:31,0
T107414,U10018,M1047,fashion,26.04,2026-06-30 04:24:54,0
T104688,U10061,M1029,crypto,15.85,2026-06-30 04:59:04,0
T100801,U10215,M1003,crypto,14.23,2026-06-30 05:03:24,0
T100755,U10025,M1006,grocery,18.78,2026-06-30 05:28:54,0
T104721,U10278,M1016,gambling,20.42,2026-06-30 05:51:48,0
T102536,U10192,M1007,restaurant,24.17,2026-06-30 05:53:08,0
T100926,U10251,M1019,crypto,21.87,2026-06-30 06:01:37,0
T100117,U10092,M1022,electronics,12.29,2026-06-30 07:08:50,0
T104194,U10080,M1041,utilities,28.32,2026-06-30 07:17:51,0
T102781,U10203,M1016,gambling,107.96,2026-06-30 07:40:05,0
T101251,U10290,M1037,fashion,92.66,2026-06-30 08:41:13,0
T104514,U10117,M1042,utilities,37.5,2026-06-30 09:23:16,0
T106637,U10105,M1046,crypto,34.2,2026-06-30 09:28:53,0
T105498,U10089,M1008,travel,17.59,2026-06-30 09:39:14,0
T104926,U10088,M1007,restaurant,183.15,2026-06-30 09:49:42,0
T106440,U10019,M1020,gambling,27.1,2026-06-30 09:51:01,0
T107482,U10257,M1051,electronics,31.73,2026-06-30 10:27:56,0
T102486,U10037,M1014,utilities,29.59,2026-06-30 10:36:01,0
T103570,U10267,M1046,crypto,11.07,2026-06-30 10:41:18,0
T104609,U10014,M1043,gaming,40.97,2026-06-30 11:06:58,0
T104739,U10061,M1016,gambling,67.85,2026-06-30 11:24:56,0
T103134,U10185,M1012,utilities,52.79,2026-06-30 11:31:33,0
T101206,U10159,M1002,restaurant,126.85,2026-06-30 11:35:44,0
T102526,U10233,M1004,crypto,12.42,2026-06-30 12:23:25,0
T100645,U10272,M1056,gambling,33.23,2026-06-30 12:39:06,0
T103255,U10284,M1050,utilities,75.15,2026-06-30 13:15:29,0
T101889,U10191,M1031,travel,12.53,2026-06-30 13:38:39,0
T107231,U10132,M1005,fashion,156.62,2026-06-30 13:44:56,0
T101182,U10138,M1048,restaurant,10.8,2026-06-30 14:11:08,0
T105851,U10260,M1034,fashion,28.6,2026-06-30 14:19:25,0
T106115,U10113,M1059,restaurant,23.61,2026-06-30 14:30:37,0
T105134,U10155,M1044,grocery,40.74,2026-06-30 15:26:36,0
T104029,U10012,M1041,utilities,117.86,2026-06-30 15:55:08,0
T103503,U10190,M1051,electronics,30.43,2026-06-30 16:09:21,0
T100271,U10005,M1005,fashion,38.27,2026-06-30 16:33:38,0
T104968,U10047,M1006,grocery,24.38,2026-06-30 16:40:30,0
T101563,U10016,M1049,utilities,41.71,2026-06-30 16:58:14,0
T105064,U10263,M1053,crypto,10.42,2026-06-30 17:00:50,0
T101700,U10109,M1011,pharmacy,98.62,2026-06-30 17:29:58,0
T105102,U10077,M1024,utilities,27.82,2026-06-30 17:39:36,0
T105376,U10169,M1027,fashion,40.24,2026-06-30 18:35:39,0
T106469,U10175,M1047,fashion,38.64,2026-06-30 18:35:48,0
T100116,U10127,M1023,pharmacy,129.6,2026-06-30 18:48:27,0
T102427,U10079,M1025,restaurant,37.2,2026-06-30 19:44:38,0
T106279,U10264,M1034,fashion,20.26,2026-06-30 20:06:58,0
T102660,U10094,M1013,utilities,127.24,2026-06-30 20:12:54,0
T104719,U10117,M1051,electronics,45.09,2026-06-30 20:38:49,0
T101289,U10274,M1021,gaming,23.03,2026-06-30 21:19:37,0
T100928,U10013,M1039,restaurant,34.19,2026-06-30 22:22:06,0
T100314,U10024,M1059,restaurant,31.16,2026-06-30 22:44:52,0
T104311,U10000,M1059,restaurant,88.93,2026-06-30 22:52:52,0
T102572,U10180,M1037,fashion,142.26,2026-06-30 23:11:17,0
T103805,U10182,M1022,electronics,75.04,2026-06-30 23:59:03,0
T107725,U10052,M1008,travel,66.79,2026-07-01 00:11:56,0
T105390,U10225,M1012,utilities,21.5,2026-07-01 00:26:44,0
T102936,U10102,M1025,restaurant,31.99,2026-07-01 00:28:12,0
T100795,U10142,M1059,restaurant,50.82,2026-07-01 00:41:05,0
T103346,U10042,M1026,crypto,23.88,2026-07-01 01:12:54,0
T106858,U10188,M1048,restaurant,23.77,2026-07-01 01:35:15,0
T100028,U10150,M1026,crypto,53.92,2026-07-01 01:45:41,0
T103138,U10147,M1056,gambling,32.04,2026-07-01 02:50:57,0
T102172,U10184,M1040,electronics,1568.3,2026-07-01 03:53:38,0
T101917,U10089,M1033,gambling,20.35,2026-07-01 03:55:29,0
T101248,U10038,M1059,restaurant,28.74,2026-07-01 03:58:27,0
T107800,U10236,M1032,grocery,16.07,2026-07-01 04:53:44,0
T103832,U10261,M1013,utilities,63.7,2026-07-01 04:58:47,0
T102761,U10225,M1017,electronics,60.22,2026-07-01 05:13:04,0
T106412,U10289,M1050,utilities,23.3,2026-07-01 05:47:55,0
T104287,U10145,M1034,fashion,44.17,2026-07-01 05:50:32,0
T100276,U10269,M1000,grocery,86.78,2026-07-01 06:02:53,0
T106565,U10034,M1036,fashion,48.46,2026-07-01 06:32:08,0
T103718,U10246,M1051,electronics,54.05,2026-07-01 07:01:57,0
T103091,U10016,M1010,gambling,1092.68,2026-07-01 07:13:58,0
T104255,U10060,M1033,gambling,38.16,2026-07-01 07:17:07,0
T100187,U10257,M1052,gaming,18.07,2026-07-01 07:47:01,0
T100673,U10205,M1050,utilities,43.35,2026-07-01 08:10:00,0
T106833,U10025,M1028,gambling,24.85,2026-07-01 08:12:37,0
T102480,U10251,M1000,grocery,15.93,2026-07-01 08:53:49,0
T100212,U10058,M1019,crypto,38.77,2026-07-01 09:18:29,0
T107795,U10216,M1000,grocery,12.31,2026-07-01 09:30:58,0
T103453,U10193,M1029,crypto,30.22,2026-07-01 09:43:59,0
T100670,U10224,M1056,gambling,26.52,2026-07-01 09:46:37,0
T103049,U10024,M1040,electronics,32.75,2026-07-01 10:18:18,0
T102319,U10282,M1027,fashion,311.4,2026-07-01 10:18:32,0
T103929,U10190,M1042,utilities,10.07,2026-07-01 10:28:27,0
T105096,U10287,M1020,gambling,26.88,2026-07-01 10:48:32,0
T107558,U10052,M1005,fashion,32.65,2026-07-01 11:46:46,0
T103497,U10190,M1026,crypto,23.74,2026-07-01 13:06:26,0
T100951,U10118,M1047,fashion,33.69,2026-07-01 13:20:09,0
T100647,U10196,M1029,crypto,89.65,2026-07-01 13:20:18,0
T100455,U10004,M1028,gambling,77.3,2026-07-01 13:46:53,0
T105908,U10103,M1048,restaurant,97.55,2026-07-01 13:52:28,0
T105845,U10095,M1039,restaurant,90.7,2026-07-01 14:30:26,0
T102630,U10182,M1011,pharmacy,14.19,2026-07-01 14:31:49,0
T107089,U10198,M1051,electronics,20.56,2026-07-01 14:45:47,0
T105239,U10259,M1049,utilities,38.34,2026-07-01 15:31:04,0
T104583,U10195,M1022,electronics,129.39,2026-07-01 16:02:38,0
T101854,U10086,M1035,grocery,79.58,2026-07-01 16:02:55,0
T100218,U10159,M1051,electronics,38.06,2026-07-01 16:11:52,0
T102488,U10110,M1023,pharmacy,33.29,2026-07-01 16:49:36,0
T107613,U10187,M1001,utilities,187.63,2026-07-01 16:55:29,0
T101116,U10225,M1012,utilities,42.26,2026-07-01 16:56:40,0
T107099,U10235,M1025,restaurant,102.78,2026-07-01 18:02:14,0
T100571,U10247,M1043,gaming,13.67,2026-07-01 18:06:22,0
T103723,U10124,M1050,utilities,102.09,2026-07-01 18:11:26,0
T104252,U10095,M1014,utilities,68.09,2026-07-01 18:24:33,0
T103981,U10118,M1004,crypto,38.41,2026-07-01 18:27:17,0
T103275,U10079,M1041,utilities,18.32,2026-07-01 18:29:29,0
T101484,U10245,M1040,electronics,102.72,2026-07-01 18:51:04,0
T100252,U10098,M1005,fashion,33.53,2026-07-01 18:55:47,0
T102639,U10099,M1000,grocery,46.42,2026-07-01 19:39:43,0
T102838,U10204,M1023,pharmacy,24.81,2026-07-01 19:42:37,0
T103694,U10137,M1030,crypto,31.76,2026-07-01 19:48:31,0
T100589,U10068,M1018,fashion,69.95,2026-07-01 19:51:54,0
T105876,U10280,M1056,gambling,76.98,2026-07-01 20:05:19,0
T102948,U10136,M1043,gaming,17.6,2026-07-01 20:29:04,0
T103328,U10026,M1053,crypto,23.44,2026-07-01 21:12:14,0
T103224,U10227,M1044,grocery,68.1,2026-07-01 21:26:39,0
T106005,U10074,M1010,gambling,57.52,2026-07-01 21:27:58,1
T100274,U10092,M1012,utilities,21.84,2026-07-01 21:43:15,0
T102483,U10067,M1023,pharmacy,30.69,2026-07-01 21:57:21,0
T101416,U10148,M1036,fashion,38.77,2026-07-01 22:03:56,0
T101919,U10281,M1033,gambling,63.39,2026-07-01 22:18:29,0
T100612,U10236,M1052,gaming,23.07,2026-07-01 22:41:54,0
T100239,U10250,M1056,gambling,53.47,2026-07-01 22:42:22,0
T100082,U10221,M1017,electronics,17.28,2026-07-01 23:22:46,0
T103760,U10249,M1012,utilities,15.27,2026-07-01 23:29:14,0
T107751,U10245,M1054,crypto,13.54,2026-07-01 23:38:44,0
T103605,U10107,M1055,grocery,150.83,2026-07-01 23:51:06,1
T106376,U10035,M1010,gambling,46.68,2026-07-01 23:57:50,0
T101682,U10125,M1054,crypto,1109.74,2026-07-02 00:22:46,0
T100848,U10125,M1043,gaming,77.59,2026-07-02 00:27:28,0
T104873,U10160,M1001,utilities,69.66,2026-07-02 00:48:05,0
T102753,U10299,M1037,fashion,19.46,2026-07-02 01:05:11,0
T100699,U10190,M1026,crypto,124.85,2026-07-02 01:43:16,0
T106503,U10002,M1000,grocery,62.48,2026-07-02 01:55:04,0
T106771,U10240,M1049,utilities,42.7,2026-07-02 01:55:54,0
T106467,U10095,M1056,gambling,23.11,2026-07-02 02:27:31,0
T107896,U10208,M1008,travel,37.23,2026-07-02 02:32:07,0
T103527,U10001,M1042,utilities,35.82,2026-07-02 02:49:54,0
T101461,U10001,M1036,fashion,29.53,2026-07-02 02:54:18,0
T101225,U10130,M1029,crypto,64.9,2026-07-02 03:19:39,0
T107005,U10146,M1015,utilities,68.42,2026-07-02 03:24:50,0
T107466,U10226,M1037,fashion,62.07,2026-07-02 04:42:44,0
T102038,U10000,M1017,electronics,201.39,2026-07-02 05:04:41,1
T107895,U10080,M1025,restaurant,156.33,2026-07-02 05:57:39,0
T103899,U10105,M1035,grocery,25.61,2026-07-02 06:44:58,0
T102992,U10230,M1039,restaurant,17.02,2026-07-02 06:46:10,0
T103600,U10285,M1027,fashion,23.27,2026-07-02 07:22:43,0
T104599,U10220,M1009,grocery,32.62,2026-07-02 07:27:46,0
T105513,U10010,M1003,crypto,44.88,2026-07-02 07:31:43,0
T106601,U10175,M1047,fashion,50.67,2026-07-02 07:58:53,0
T101448,U10148,M1022,electronics,21.32,2026-07-02 08:22:27,0
T106873,U10290,M1058,utilities,47.91,2026-07-02 08:24:25,0
T101141,U10062,M1001,utilities,27.93,2026-07-02 08:27:54,0
T100532,U10185,M1049,utilities,49.84,2026-07-02 09:51:29,0
T106170,U10182,M1004,crypto,38.66,2026-07-02 10:16:01,0
T103137,U10062,M1045,pharmacy,83.56,2026-07-02 10:19:15,0
T107118,U10201,M1059,restaurant,11.53,2026-07-02 10:45:45,0
T102040,U10009,M1053,crypto,118.0,2026-07-02 10:46:01,0
T104510,U10265,M1014,utilities,42.23,2026-07-02 10:47:20,0
T102219,U10279,M1057,electronics,122.64,2026-07-02 11:06:57,0
T104488,U10218,M1040,electronics,154.52,2026-07-02 11:25:12,0
T107091,U10176,M1054,crypto,36.32,2026-07-02 11:44:48,0
T102082,U10190,M1019,crypto,54.85,2026-07-02 12:15:13,0
T104680,U10080,M1036,fashion,118.92,2026-07-02 12:31:50,0
T107141,U10152,M1012,utilities,15.13,2026-07-02 13:21:01,0
T101650,U10292,M1030,crypto,33.69,2026-07-02 13:22:40,0
T106600,U10292,M1037,fashion,127.15,2026-07-02 13:54:06,0
T107003,U10046,M1010,gambling,46.44,2026-07-02 14:04:35,0
T105448,U10275,M1017,electronics,16.3,2026-07-02 14:22:54,0
T103799,U10261,M1019,crypto,14.21,2026-07-02 14:36:54,0
T101535,U10109,M1053,crypto,161.87,2026-07-02 14:44:16,1
T103231,U10178,M1007,restaurant,40.36,2026-07-02 14:45:16,0
T100253,U10239,M1031,travel,25.09,2026-07-02 14:45:42,0
T107627,U10235,M1047,fashion,132.43,2026-07-02 16:11:21,0
T106735,U10024,M1051,electronics,14.43,2026-07-02 16:23:01,0
T102733,U10233,M1055,grocery,64.44,2026-07-02 16:27:56,1
T104175,U10144,M1052,gaming,80.25,2026-07-02 16:33:44,0
T106681,U10016,M1004,crypto,54.81,2026-07-02 16:34:04,0
T101099,U10019,M1025,restaurant,59.21,2026-07-02 16:45:52,0
T102045,U10170,M1022,electronics,35.37,2026-07-02 16:50:39,0
T105130,U10294,M1032,grocery,112.87,2026-07-02 17:49:13,0
T103909,U10042,M1049,utilities,54.43,2026-07-02 17:59:41,0
T107993,U10083,M1041,utilities,22.01,2026-07-02 19:35:54,0
T105459,U10214,M1041,utilities,195.52,2026-07-02 20:11:07,0
T104596,U10013,M1006,grocery,30.15,2026-07-02 20:56:20,0
T103577,U10043,M1017,electronics,45.65,2026-07-02 21:25:38,0
T101842,U10103,M1059,restaurant,27.47,2026-07-02 21:44:20,0
T106755,U10182,M1029,crypto,58.16,2026-07-02 22:04:50,0
T104147,U10206,M1039,restaurant,4.19,2026-07-02 22:16:03,0
T101487,U10036,M1046,crypto,15.04,2026-07-02 22:36:10,0
T104297,U10200,M1020,gambling,29.45,2026-07-02 22:40:09,0
T106991,U10003,M1044,grocery,35.51,2026-07-02 22:40:56,0
T100114,U10084,M1004,crypto,372.37,2026-07-02 23:45:10,0
T103008,U10267,M1044,grocery,33.06,2026-07-03 00:12:00,0
T102338,U10088,M1021,gaming,45.73,2026-07-03 00:17:17,0
T106045,U10219,M1019,crypto,18.95,2026-07-03 01:16:10,0
T105084,U10097,M1054,crypto,6.46,2026-07-03 01:28:02,0
T103674,U10229,M1056,gambling,10.58,2026-07-03 01:48:02,0
T106275,U10165,M1023,pharmacy,33.83,2026-07-03 02:10:27,0
T102065,U10162,M1058,utilities,35.01,2026-07-03 02:37:08,0
T101579,U10006,M1047,fashion,25.52,2026-07-03 02:46:02,0
T106253,U10282,M1055,grocery,163.21,2026-07-03 02:50:15,0
T105077,U10204,M1009,grocery,50.07,2026-07-03 03:16:34,0
T105942,U10270,M1027,fashion,182.19,2026-07-03 03:35:15,1
T105986,U10033,M1025,restaurant,44.93,2026-07-03 04:47:06,0
T103067,U10082,M1057,electronics,17.05,2026-07-03 05:14:45,0
T100255,U10010,M1005,fashion,34.58,2026-07-03 05:19:11,0
T101744,U10020,M1048,restaurant,68.4,2026-07-03 05:57:28,0
T104722,U10170,M1051,electronics,139.66,2026-07-03 06:04:47,0
T100769,U10034,M1041,utilities,47.09,2026-07-03 06:08:48,0
T104056,U10217,M1021,gaming,486.5,2026-07-03 06:12:37,1
T103116,U10286,M1038,travel,40.26,2026-07-03 06:23:27,0
T100990,U10005,M1016,gambling,78.83,2026-07-03 07:23:49,0
T107341,U10194,M1037,fashion,78.34,2026-07-03 08:15:38,0
T100012,U10073,M1003,crypto,82.96,2026-07-03 08:25:37,1
T104240,U10128,M1058,utilities,22.24,2026-07-03 08:42:25,0
T103207,U10138,M1048,restaurant,6.32,2026-07-03 08:44:44,0
T105674,U10197,M1000,grocery,117.43,2026-07-03 09:14:12,0
T101699,U10163,M1015,utilities,54.5,2026-07-03 09:15:02,0
T106690,U10105,M1054,crypto,19.29,2026-07-03 09:18:10,0
T102487,U10029,M1013,utilities,47.22,2026-07-03 09:26:18,0
T107483,U10134,M1026,crypto,34.82,2026-07-03 09:33:30,0
T101164,U10115,M1052,gaming,38.92,2026-07-03 09:35:20,0
T100010,U10259,M1001,utilities,22.77,2026-07-03 09:50:54,0
T105443,U10120,M1011,pharmacy,30.15,2026-07-03 10:15:39,0
T101686,U10181,M1037,fashion,8.96,2026-07-03 10:25:43,0
T104888,U10242,M1041,utilities,25.35,2026-07-03 10:34:42,0
T105031,U10098,M1007,restaurant,36.97,2026-07-03 10:52:06,0
T100302,U10067,M1020,gambling,12.07,2026-07-03 12:04:53,0
T102815,U10132,M1045,pharmacy,241.31,2026-07-03 13:19:11,0
T104901,U10252,M1038,travel,24.46,2026-07-03 13:54:43,0
T101808,U10210,M1030,crypto,8.95,2026-07-03 14:30:16,0
T102134,U10076,M1006,grocery,56.86,2026-07-03 14:55:16,0
T102836,U10016,M1055,grocery,155.77,2026-07-03 15:29:59,0
T107357,U10139,M1033,gambling,35.27,2026-07-03 15:36:39,0
T107758,U10012,M1001,utilities,46.37,2026-07-03 15:48:06,0
T106810,U10292,M1010,gambling,119.22,2026-07-03 16:13:36,0
T101481,U10032,M1042,utilities,23.94,2026-07-03 16:33:34,0
T107101,U10184,M1021,gaming,50.39,2026-07-03 16:49:45,0
T103415,U10147,M1019,crypto,71.3,2026-07-03 16:50:42,0
T107913,U10024,M1002,restaurant,20.88,2026-07-03 16:52:14,0
T105401,U10073,M1056,gambling,46.14,2026-07-03 17:35:17,0
T102163,U10160,M1013,utilities,110.83,2026-07-03 17:59:56,0
T102061,U10158,M1001,utilities,16.76,2026-07-03 18:20:39,0
T101433,U10212,M1003,crypto,9.69,2026-07-03 18:26:01,0
T105539,U10090,M1045,pharmacy,128.15,2026-07-03 18:54:24,0
T103190,U10126,M1023,pharmacy,51.31,2026-07-03 19:18:55,0
T105129,U10258,M1008,travel,17.9,2026-07-03 19:29:55,0
T104720,U10197,M1036,fashion,39.65,2026-07-03 19:32:24,0
T106533,U10256,M1024,utilities,65.68,2026-07-03 19:47:37,0
T105162,U10285,M1038,travel,21.44,2026-07-03 20:15:32,0
T105593,U10079,M1055,grocery,14.36,2026-07-03 20:18:22,0
T104163,U10217,M1005,fashion,58.6,2026-07-03 20:42:12,0
T103028,U10167,M1031,travel,40.13,2026-07-03 21:01:49,0
T105512,U10152,M1001,utilities,26.78,2026-07-03 21:27:13,0
T102194,U10106,M1053,crypto,21.98,2026-07-03 21:41:15,0
T104506,U10282,M1040,electronics,164.65,2026-07-03 21:43:03,0
T104975,U10209,M1031,travel,6.57,2026-07-03 23:31:02,0
T105230,U10020,M1022,electronics,29.99,2026-07-03 23:53:25,0
T101911,U10031,M1016,gambling,21.7,2026-07-03 23:59:49,0
T107996,U10221,M1037,fashion,136.85,2026-07-04 00:02:46,0
T106133,U10231,M1053,crypto,19.42,2026-07-04 00:52:05,0
T106041,U10073,M1031,travel,27.79,2026-07-04 01:33:51,0
T106426,U10236,M1028,gambling,31.19,2026-07-04 01:42:12,0
T105579,U10006,M1012,utilities,22.71,2026-07-04 01:49:14,0
T104128,U10047,M1003,crypto,84.89,2026-07-04 01:49:23,0
T101434,U10106,M1001,utilities,58.86,2026-07-04 02:07:04,0
T103140,U10277,M1022,electronics,74.06,2026-07-04 02:25:31,0
T101733,U10114,M1016,gambling,41.86,2026-07-04 03:16:20,0
T101465,U10198,M1059,restaurant,17.26,2026-07-04 03:17:50,0
T102619,U10154,M1034,fashion,61.94,2026-07-04 03:18:59,0
T103656,U10061,M1025,restaurant,26.72,2026-07-04 03:44:21,0
T101426,U10097,M1047,fashion,9.67,2026-07-04 03:44:31,0
T101591,U10197,M1004,crypto,99.32,2026-07-04 03:55:49,0
T107771,U10086,M1021,gaming,65.39,2026-07-04 03:57:02,1
T105869,U10268,M1031,travel,11.12,2026-07-04 04:29:08,0
T107473,U10234,M1007,restaurant,69.86,2026-07-04 04:39:11,0
T100972,U10230,M1011,pharmacy,11.0,2026-07-04 04:45:07,0
T103821,U10112,M1031,travel,25.92,2026-07-04 05:25:05,0
T102507,U10155,M1007,restaurant,33.81,2026-07-04 05:43:09,0
T102682,U10251,M1038,travel,9.15,2026-07-04 06:14:27,0
T107426,U10283,M1021,gaming,48.2,2026-07-04 06:20:08,0
T103341,U10186,M1055,grocery,43.44,2026-07-04 06:24:37,0
T102841,U10029,M1041,utilities,72.75,2026-07-04 06:35:06,0
T106443,U10084,M1043,gaming,26.32,2026-07-04 08:12:44,0
T101005,U10105,M1000,grocery,8.63,2026-07-04 08:30:39,0
T105647,U10198,M1004,crypto,5.32,2026-07-04 09:17:12,0
T104220,U10001,M1011,pharmacy,55.03,2026-07-04 09:31:59,0
T104781,U10158,M1001,utilities,10.06,2026-07-04 09:43:00,0
T103712,U10140,M1041,utilities,75.77,2026-07-04 09:54:20,0
T107570,U10223,M1042,utilities,43.89,2026-07-04 10:05:38,0
T101013,U10280,M1010,gambling,35.48,2026-07-04 10:23:21,0
T106437,U10015,M1043,gaming,15.77,2026-07-04 10:36:49,0
T106697,U10156,M1056,gambling,47.43,2026-07-04 10:38:49,0
T105322,U10277,M1037,fashion,395.91,2026-07-04 11:12:55,0
T106433,U10109,M1039,restaurant,351.44,2026-07-04 11:13:59,0
T100386,U10071,M1013,utilities,288.73,2026-07-04 11:18:34,0
T102724,U10023,M1042,utilities,39.0,2026-07-04 11:20:22,0
T106011,U10040,M1048,restaurant,51.3,2026-07-04 11:24:09,0
T107195,U10055,M1032,grocery,89.93,2026-07-04 11:38:26,0
T106196,U10086,M1046,crypto,52.38,2026-07-04 12:09:28,0
T105981,U10216,M1055,grocery,19.49,2026-07-04 12:18:45,0
T102917,U10270,M1022,electronics,102.71,2026-07-04 12:48:38,0
T105001,U10299,M1024,utilities,46.31,2026-07-04 12:58:25,0
T103556,U10240,M1006,grocery,29.63,2026-07-04 13:06:59,0
T106360,U10225,M1044,grocery,41.42,2026-07-04 13:44:53,0
T104915,U10171,M1059,restaurant,47.37,2026-07-04 13:56:12,0
T101422,U10291,M1036,fashion,40.61,2026-07-04 14:16:27,1
T105641,U10044,M1046,crypto,45.82,2026-07-04 14:17:24,0
T102679,U10099,M1040,electronics,59.1,2026-07-04 14:18:53,0
T103517,U10150,M1033,gambling,37.93,2026-07-04 14:25:53,0
T104924,U10215,M1055,grocery,65.14,2026-07-04 14:36:28,0
T106138,U10065,M1051,electronics,6.91,2026-07-04 15:57:59,0
T106967,U10149,M1013,utilities,75.75,2026-07-04 15:58:55,0
T106898,U10127,M1037,fashion,44.2,2026-07-04 16:33:40,0
T106081,U10218,M1024,utilities,224.4,2026-07-04 16:51:23,0
T100036,U10195,M1054,crypto,9.66,2026-07-04 16:58:41,0
T103648,U10012,M1011,pharmacy,13.38,2026-07-04 17:15:22,0
T105030,U10099,M1036,fashion,28.84,2026-07-04 17:50:12,0
T102466,U10113,M1010,gambling,58.88,2026-07-04 18:17:34,0
T106816,U10068,M1036,fashion,31.36,2026-07-04 18:22:54,0
T107636,U10219,M1030,crypto,21.68,2026-07-04 18:23:05,0
T101592,U10097,M1008,travel,17.0,2026-07-04 18:27:44,0
T104886,U10203,M1017,electronics,21.18,2026-07-04 18:51:44,0
T101620,U10064,M1014,utilities,24.48,2026-07-04 18:57:13,0
T102614,U10282,M1027,fashion,74.86,2026-07-04 19:37:40,0
T106814,U10009,M1032,grocery,43.6,2026-07-04 19:42:17,0
T106247,U10205,M1038,travel,25.63,2026-07-04 20:14:26,0
T103609,U10187,M1006,grocery,19.14,2026-07-04 20:24:45,0
T104115,U10158,M1032,grocery,10.29,2026-07-04 20:59:19,0
T101787,U10201,M1032,grocery,29.45,2026-07-04 21:08:59,0
T100729,U10158,M1021,gaming,15.27,2026-07-04 21:46:48,0
T106336,U10180,M1007,restaurant,108.46,2026-07-04 22:04:24,0
T106522,U10243,M1007,restaurant,52.41,2026-07-04 22:39:10,0
T100525,U10225,M1009,grocery,29.02,2026-07-04 23:28:50,0
T102853,U10117,M1003,crypto,100.25,2026-07-05 00:14:26,0
T107732,U10037,M1047,fashion,62.52,2026-07-05 00:49:36,0
T104283,U10067,M1055,grocery,35.63,2026-07-05 00:53:38,0
T102655,U10066,M1042,utilities,26.01,2026-07-05 01:13:01,0
T103923,U10020,M1028,gambling,7.96,2026-07-05 01:14:59,0
T105675,U10197,M1029,crypto,52.86,2026-07-05 01:36:12,0
T103074,U10284,M1030,crypto,69.67,2026-07-05 01:59:00,1
T107009,U10140,M1034,fashion,76.61,2026-07-05 02:00:53,0
T107405,U10190,M1002,restaurant,74.31,2026-07-05 02:30:00,0
T102235,U10221,M1048,restaurant,39.12,2026-07-05 02:37:59,0
T107681,U10215,M1003,crypto,5.88,2026-07-05 02:48:20,0
T101996,U10141,M1050,utilities,33.74,2026-07-05 02:58:13,0
T101628,U10121,M1000,grocery,23.17,2026-07-05 02:59:24,0
T100259,U10144,M1049,utilities,20.49,2026-07-05 03:13:17,0
T100833,U10289,M1038,travel,9.37,2026-07-05 04:04:14,0
T101538,U10011,M1045,pharmacy,13.82,2026-07-05 04:40:00,0
T102310,U10247,M1025,restaurant,15.71,2026-07-05 04:42:56,0
T106208,U10292,M1025,restaurant,108.64,2026-07-05 04:53:28,0
T104985,U10114,M1047,fashion,22.71,2026-07-05 05:31:24,0
T102657,U10295,M1059,restaurant,44.3,2026-07-05 05:34:14,0
T105722,U10277,M1034,fashion,31.5,2026-07-05 05:34:29,0
T105222,U10200,M1051,electronics,10.58,2026-07-05 05:48:46,0
T105375,U10051,M1037,fashion,6.07,2026-07-05 05:50:13,0
T104471,U10014,M1044,grocery,53.45,2026-07-05 06:00:28,0
T106387,U10024,M1044,grocery,27.14,2026-07-05 06:03:55,0
T101773,U10122,M1021,gaming,44.4,2026-07-05 06:12:51,0
T107076,U10297,M1022,electronics,39.04,2026-07-05 06:36:57,0
T103389,U10050,M1054,crypto,83.11,2026-07-05 07:06:17,0
T104588,U10030,M1032,grocery,8.7,2026-07-05 07:46:38,0
T105764,U10273,M1012,utilities,34.94,2026-07-05 07:50:07,0
T100039,U10257,M1027,fashion,12.95,2026-07-05 07:50:24,0
T104373,U10292,M1035,grocery,114.36,2026-07-05 08:27:58,0
T104487,U10187,M1050,utilities,92.65,2026-07-05 08:46:09,0
T101494,U10087,M1053,crypto,11.37,2026-07-05 09:07:32,0
T105909,U10055,M1050,utilities,45.01,2026-07-05 10:01:49,0
T104602,U10096,M1011,pharmacy,262.48,2026-07-05 10:19:01,0
T101021,U10042,M1015,utilities,5.34,2026-07-05 10:22:38,0
T101930,U10117,M1038,travel,30.89,2026-07-05 10:27:16,0
T103532,U10249,M1054,crypto,33.69,2026-07-05 10:29:43,0
T104691,U10015,M1006,grocery,32.27,2026-07-05 11:07:22,0
T101905,U10296,M1025,restaurant,7.94,2026-07-05 11:26:23,0
T102905,U10057,M1000,grocery,22.44,2026-07-05 11:47:02,0
T102385,U10120,M1024,utilities,52.71,2026-07-05 12:10:03,0
T100772,U10193,M1040,electronics,7.93,2026-07-05 13:20:49,0
T106089,U10189,M1053,crypto,8.13,2026-07-05 13:23:53,0
T105126,U10273,M1012,utilities,23.06,2026-07-05 14:13:07,0
T101178,U10171,M1019,crypto,68.93,2026-07-05 14:30:28,0
T106022,U10168,M1040,electronics,15.95,2026-07-05 15:19:49,0
T100888,U10135,M1015,utilities,110.46,2026-07-05 15:38:48,0
T101866,U10077,M1042,utilities,25.09,2026-07-05 15:48:14,0
T100450,U10007,M1028,gambling,36.69,2026-07-05 16:00:38,0
T102817,U10204,M1020,gambling,78.84,2026-07-05 16:00:51,0
T101147,U10237,M1001,utilities,57.48,2026-07-05 16:17:57,0
T100723,U10225,M1044,grocery,65.21,2026-07-05 16:18:06,0
T100493,U10023,M1026,crypto,68.02,2026-07-05 16:28:13,0
T100774,U10142,M1041,utilities,86.42,2026-07-05 16:34:20,0
T100373,U10289,M1032,grocery,23.23,2026-07-05 17:25:00,0
T105345,U10022,M1016,gambling,18.33,2026-07-05 17:34:49,0
T100440,U10104,M1000,grocery,22.65,2026-07-05 18:46:22,0
T106274,U10257,M1059,restaurant,89.28,2026-07-05 19:00:27,0
T101327,U10037,M1034,fashion,20.57,2026-07-05 19:04:39,0
T101958,U10041,M1057,electronics,33.97,2026-07-05 19:06:36,0
T103937,U10166,M1014,utilities,64.12,2026-07-05 19:12:28,0
T101397,U10252,M1023,pharmacy,73.99,2026-07-05 19:22:30,0
T100050,U10053,M1009,grocery,126.3,2026-07-05 19:41:53,0
T105287,U10004,M1051,electronics,34.76,2026-07-05 21:06:01,0
T104939,U10186,M1011,pharmacy,79.9,2026-07-05 22:21:03,0
T106548,U10122,M1030,crypto,13.9,2026-07-05 22:43:33,0
T103573,U10130,M1033,gambling,27.98,2026-07-05 22:50:59,0
T100090,U10204,M1020,gambling,16.58,2026-07-05 22:58:52,0
T102894,U10231,M1029,crypto,24.04,2026-07-05 23:03:47,0
T104404,U10070,M1032,grocery,69.66,2026-07-05 23:13:21,0
T101136,U10199,M1032,grocery,34.97,2026-07-05 23:51:52,0
T105679,U10028,M1035,grocery,41.94,2026-07-06 00:02:28,0
T105767,U10144,M1045,pharmacy,14.47,2026-07-06 01:31:56,0
T102309,U10137,M1030,crypto,23.77,2026-07-06 02:12:03,0
T107899,U10258,M1046,crypto,31.66,2026-07-06 02:24:53,0
T106199,U10131,M1014,utilities,31.21,2026-07-06 02:25:50,0
T101851,U10096,M1012,utilities,101.28,2026-07-06 02:46:06,0
T105531,U10171,M1058,utilities,32.43,2026-07-06 03:03:54,0
T103361,U10074,M1049,utilities,27.62,2026-07-06 03:17:22,0
T103940,U10292,M1053,crypto,123.98,2026-07-06 03:36:37,0
T102109,U10293,M1037,fashion,50.42,2026-07-06 04:14:51,0
T102137,U10058,M1031,travel,35.65,2026-07-06 04:36:40,0
T102104,U10110,M1043,gaming,67.16,2026-07-06 04:49:19,0
T100141,U10280,M1022,electronics,53.53,2026-07-06 04:59:12,0
T102153,U10173,M1006,grocery,65.22,2026-07-06 05:52:57,0
T102609,U10261,M1043,gaming,24.9,2026-07-06 06:15:13,0
T102187,U10286,M1052,gaming,15.11,2026-07-06 06:57:26,0
T100794,U10022,M1046,crypto,12.78,2026-07-06 06:59:47,0
T105879,U10183,M1058,utilities,32.22,2026-07-06 07:44:29,0
T102583,U10040,M1002,restaurant,19.64,2026-07-06 08:05:39,0
T104701,U10182,M1056,gambling,27.68,2026-07-06 08:20:53,0
T100551,U10126,M1015,utilities,76.85,2026-07-06 08:44:31,0
T105954,U10269,M1001,utilities,24.82,2026-07-06 08:56:24,0
T106128,U10106,M1008,travel,45.02,2026-07-06 09:31:38,0
T102217,U10151,M1029,crypto,70.52,2026-07-06 09:41:50,0
T106948,U10209,M1039,restaurant,19.08,2026-07-06 09:47:41,0
T107575,U10074,M1008,travel,98.6,2026-07-06 09:54:52,0
T101519,U10268,M1036,fashion,6.25,2026-07-06 10:11:27,0
T102449,U10022,M1026,crypto,20.91,2026-07-06 10:50:16,1
T102141,U10143,M1024,utilities,11.68,2026-07-06 11:02:27,0
T104713,U10081,M1044,grocery,114.42,2026-07-06 11:06:09,0
T106112,U10035,M1036,fashion,75.82,2026-07-06 11:41:34,0
T100106,U10171,M1010,gambling,71.35,2026-07-06 12:58:16,0
T104249,U10132,M1009,grocery,47.12,2026-07-06 13:03:20,0
T102415,U10219,M1014,utilities,47.58,2026-07-06 13:10:40,0
T100340,U10159,M1050,utilities,44.98,2026-07-06 13:43:19,0
T107111,U10259,M1033,gambling,18.87,2026-07-06 14:25:22,0
T105564,U10180,M1011,pharmacy,50.23,2026-07-06 14:38:07,0
T101572,U10114,M1001,utilities,35.72,2026-07-06 14:59:33,0
T104400,U10005,M1023,pharmacy,35.37,2026-07-06 15:01:38,0
T101126,U10227,M1012,utilities,64.25,2026-07-06 15:19:33,0
T102206,U10193,M1037,fashion,45.99,2026-07-06 15:34:04,0
T105825,U10234,M1055,grocery,230.15,2026-07-06 15:37:30,0
T105555,U10100,M1013,utilities,57.88,2026-07-06 15:39:36,0
T104243,U10027,M1016,gambling,64.74,2026-07-06 15:44:40,0
T103930,U10100,M1016,gambling,31.49,2026-07-06 16:02:49,0
T100533,U10288,M1019,crypto,33.65,2026-07-06 16:08:20,0
T104305,U10024,M1057,electronics,18.78,2026-07-06 16:21:27,0
T103871,U10031,M1037,fashion,28.94,2026-07-06 16:23:07,0
T103003,U10020,M1051,electronics,13.74,2026-07-06 16:32:38,0
T106427,U10285,M1036,fashion,25.07,2026-07-06 16:59:02,0
T105891,U10042,M1036,fashion,234.83,2026-07-06 17:14:42,0
T100534,U10183,M1009,grocery,40.86,2026-07-06 17:17:29,0
T103186,U10048,M1008,travel,132.7,2026-07-06 17:56:53,0
T106878,U10157,M1002,restaurant,17.85,2026-07-06 18:26:45,0
T105939,U10290,M1020,gambling,54.06,2026-07-06 18:52:22,0
T106629,U10274,M1031,travel,134.41,2026-07-06 19:08:44,0
T104478,U10116,M1058,utilities,56.62,2026-07-06 19:32:20,0
T106985,U10092,M1054,crypto,60.27,2026-07-06 19:56:09,0
T106882,U10049,M1000,grocery,19.01,2026-07-06 20:10:10,0
T102582,U10140,M1025,restaurant,11.62,2026-07-06 20:10:26,0
T103238,U10161,M1057,electronics,35.43,2026-07-06 20:34:32,0
T105499,U10071,M1053,crypto,324.7,2026-07-06 20:42:14,0
T106050,U10276,M1031,travel,52.69,2026-07-06 20:48:44,0
T107556,U10195,M1045,pharmacy,108.93,2026-07-06 21:09:06,0
T106902,U10052,M1000,grocery,84.64,2026-07-06 22:10:01,0
T100542,U10264,M1041,utilities,11.61,2026-07-06 22:10:56,0
T103218,U10284,M1024,utilities,58.1,2026-07-06 22:37:29,0
T104872,U10190,M1038,travel,39.27,2026-07-06 23:01:10,0
T107835,U10146,M1036,fashion,68.78,2026-07-06 23:28:04,0
T105687,U10226,M1029,crypto,69.26,2026-07-07 00:04:05,0
T106497,U10196,M1013,utilities,142.59,2026-07-07 00:09:01,0
T106567,U10037,M1058,utilities,13.42,2026-07-07 00:11:47,0
T105511,U10194,M1015,utilities,26.51,2026-07-07 00:21:45,0
T103373,U10288,M1038,travel,92.19,2026-07-07 00:57:54,0
T105370,U10228,M1038,travel,29.85,2026-07-07 01:02:47,0
T105736,U10131,M1003,crypto,17.22,2026-07-07 01:12:09,0
T105925,U10005,M1015,utilities,51.67,2026-07-07 01:56:51,0
T103876,U10171,M1020,gambling,35.21,2026-07-07 02:31:59,0
T105916,U10263,M1027,fashion,17.56,2026-07-07 02:38:09,0
T100892,U10247,M1050,utilities,20.48,2026-07-07 05:21:47,0
T106634,U10209,M1040,electronics,15.75,2026-07-07 05:26:30,0
T102904,U10197,M1044,grocery,151.09,2026-07-07 05:51:39,0
T105781,U10088,M1050,utilities,104.07,2026-07-07 06:53:33,0
T106355,U10161,M1022,electronics,82.49,2026-07-07 07:01:32,0
T102070,U10069,M1020,gambling,67.07,2026-07-07 07:09:28,0
T105742,U10144,M1021,gaming,10.69,2026-07-07 07:10:15,0
T105963,U10149,M1010,gambling,58.35,2026-07-07 07:39:03,0
T102709,U10246,M1011,pharmacy,286.56,2026-07-07 07:48:07,0
T101710,U10286,M1024,utilities,23.62,2026-07-07 07:49:03,0
T102970,U10172,M1059,restaurant,51.52,2026-07-07 07:54:13,0
T107971,U10096,M1017,electronics,27.04,2026-07-07 08:04:56,0
T105597,U10062,M1037,fashion,14.82,2026-07-07 08:11:21,0
T105237,U10049,M1027,fashion,64.3,2026-07-07 08:35:10,0
T106701,U10234,M1041,utilities,56.15,2026-07-07 09:33:38,0
T102333,U10000,M1014,utilities,987.32,2026-07-07 09:34:45,1
T101407,U10040,M1030,crypto,7.62,2026-07-07 09:37:12,0
T107857,U10053,M1038,travel,13.24,2026-07-07 10:54:13,0
T102945,U10008,M1013,utilities,53.17,2026-07-07 11:31:02,0
T103646,U10019,M1019,crypto,70.67,2026-07-07 12:58:26,0
T103809,U10199,M1031,travel,32.38,2026-07-07 13:19:45,0
T107746,U10239,M1035,grocery,38.63,2026-07-07 13:22:04,0
T107317,U10069,M1027,fashion,15.0,2026-07-07 14:38:25,0
T104623,U10075,M1003,crypto,40.38,2026-07-07 14:45:36,0
T107352,U10154,M1053,crypto,34.96,2026-07-07 14:51:09,0
T107647,U10230,M1011,pharmacy,420.88,2026-07-07 14:52:35,0
T100610,U10048,M1004,crypto,62.09,2026-07-07 15:33:24,0
T106168,U10245,M1008,travel,19.97,2026-07-07 15:42:12,0
T106885,U10086,M1009,grocery,26.91,2026-07-07 16:16:08,0
T105109,U10172,M1038,travel,84.95,2026-07-07 17:57:25,0
T102285,U10027,M1039,restaurant,131.08,2026-07-07 18:10:25,0
T103182,U10054,M1054,crypto,29.85,2026-07-07 18:11:14,0
T107128,U10060,M1016,gambling,135.86,2026-07-07 18:12:22,0
T104753,U10163,M1004,crypto,130.59,2026-07-07 18:16:59,0
T100861,U10224,M1029,crypto,45.39,2026-07-07 18:17:02,0
T103645,U10296,M1026,crypto,29.69,2026-07-07 18:29:03,0
T103405,U10245,M1029,crypto,23.77,2026-07-07 19:38:14,0
T100809,U10022,M1003,crypto,19.58,2026-07-07 19:52:49,0
T103093,U10041,M1036,fashion,16.8,2026-07-07 20:19:09,0
T102710,U10242,M1037,fashion,31.37,2026-07-07 20:20:12,0
T100446,U10290,M1043,gaming,30.09,2026-07-07 20:58:11,0
T107329,U10089,M1031,travel,19.57,2026-07-07 21:00:28,0
T105330,U10141,M1022,electronics,26.68,2026-07-07 21:12:52,0
T106743,U10253,M1035,grocery,35.82,2026-07-07 21:34:55,0
T102039,U10252,M1033,gambling,16.21,2026-07-07 21:56:09,0
T107019,U10163,M1043,gaming,91.28,2026-07-07 22:24:42,0
T103946,U10132,M1054,crypto,92.07,2026-07-07 23:02:01,0
T100163,U10278,M1057,electronics,29.34,2026-07-07 23:03:08,0
T100224,U10163,M1038,travel,40.15,2026-07-07 23:22:39,0
T105153,U10280,M1002,restaurant,31.68,2026-07-07 23:58:31,0
T104546,U10045,M1052,gaming,47.44,2026-07-08 00:14:48,0
T105787,U10231,M1010,gambling,221.68,2026-07-08 01:10:06,1
T100465,U10151,M1032,grocery,35.97,2026-07-08 01:50:06,0
T106869,U10155,M1055,grocery,50.97,2026-07-08 02:05:35,0
T101212,U10250,M1016,gambling,38.31,2026-07-08 02:27:00,1
T102279,U10238,M1028,gambling,24.9,2026-07-08 03:14:46,0
T102015,U10102,M1019,crypto,41.41,2026-07-08 03:15:49,0
T107214,U10049,M1020,gambling,37.52,2026-07-08 03:38:45,0
T103913,U10269,M1034,fashion,563.72,2026-07-08 03:46:09,0
T107927,U10012,M1021,gaming,11.82,2026-07-08 04:21:09,1
T107411,U10156,M1037,fashion,34.82,2026-07-08 04:35:05,0
T101997,U10069,M1030,crypto,13.3,2026-07-08 04:59:55,0
T101224,U10066,M1039,restaurant,16.13,2026-07-08 05:54:56,0
T107420,U10244,M1008,travel,83.25,2026-07-08 07:00:05,0
T104817,U10173,M1030,crypto,33.44,2026-07-08 07:00:42,0
T102517,U10235,M1000,grocery,163.28,2026-07-08 07:20:41,0
T107490,U10158,M1059,restaurant,43.66,2026-07-08 07:34:07,0
T104902,U10289,M1031,travel,74.3,2026-07-08 07:43:42,0
T100560,U10007,M1031,travel,33.52,2026-07-08 08:55:13,0
T106830,U10266,M1036,fashion,56.13,2026-07-08 09:12:17,0
T102684,U10085,M1026,crypto,42.99,2026-07-08 09:14:25,1
T102424,U10001,M1014,utilities,50.26,2026-07-08 09:19:37,0
T104341,U10143,M1044,grocery,15.46,2026-07-08 09:36:38,0
T104882,U10104,M1034,fashion,37.66,2026-07-08 09:47:32,0
T106818,U10054,M1007,restaurant,21.75,2026-07-08 10:17:44,0
T105197,U10277,M1002,restaurant,72.47,2026-07-08 10:30:51,0
T100715,U10151,M1021,gaming,51.39,2026-07-08 10:35:19,0
T107060,U10161,M1028,gambling,41.53,2026-07-08 10:45:22,0
T106875,U10275,M1038,travel,83.08,2026-07-08 11:22:11,0
T101474,U10020,M1001,utilities,28.06,2026-07-08 11:28:06,0
T103511,U10288,M1007,restaurant,54.19,2026-07-08 11:43:09,0
T100629,U10047,M1012,utilities,26.84,2026-07-08 12:03:55,0
T105766,U10128,M1040,electronics,19.82,2026-07-08 12:40:48,0
T102073,U10031,M1054,crypto,28.62,2026-07-08 13:38:07,0
T100768,U10155,M1014,utilities,30.33,2026-07-08 13:43:17,0
T102268,U10099,M1034,fashion,29.4,2026-07-08 13:55:50,0
T105827,U10253,M1018,fashion,102.22,2026-07-08 14:33:42,0
T103513,U10029,M1043,gaming,67.77,2026-07-08 14:39:15,0
T102589,U10227,M1001,utilities,30.48,2026-07-08 14:46:47,0
T104541,U10262,M1004,crypto,32.81,2026-07-08 14:58:20,0
T104648,U10117,M1053,crypto,63.81,2026-07-08 15:03:39,0
T106659,U10230,M1008,travel,7.02,2026-07-08 15:14:04,0
T106783,U10233,M1008,travel,40.12,2026-07-08 15:39:39,0
T107547,U10150,M1014,utilities,89.66,2026-07-08 15:46:07,0
T105859,U10056,M1017,electronics,37.92,2026-07-08 15:48:28,0
T103279,U10021,M1003,crypto,90.73,2026-07-08 15:59:12,0
T102785,U10166,M1058,utilities,63.78,2026-07-08 16:24:04,0
T103324,U10181,M1025,restaurant,28.32,2026-07-08 16:24:23,0
T101924,U10146,M1041,utilities,43.15,2026-07-08 16:28:18,0
T107165,U10274,M1027,fashion,30.17,2026-07-08 16:42:17,0
T100553,U10173,M1057,electronics,44.11,2026-07-08 17:16:16,0
T102723,U10291,M1042,utilities,36.15,2026-07-08 17:39:47,0
T100798,U10293,M1034,fashion,52.6,2026-07-08 18:33:04,0
T104323,U10006,M1039,restaurant,55.1,2026-07-08 19:14:54,0
T107916,U10238,M1039,restaurant,36.83,2026-07-08 19:20:34,0
T103928,U10272,M1007,restaurant,420.35,2026-07-08 19:39:01,0
T103857,U10294,M1042,utilities,126.7,2026-07-08 19:39:49,0
T105686,U10093,M1033,gambling,34.73,2026-07-08 19:42:59,0
T101443,U10153,M1030,crypto,40.45,2026-07-08 20:00:10,0
T106285,U10029,M1007,restaurant,34.98,2026-07-08 20:02:08,0
T105352,U10284,M1009,grocery,50.85,2026-07-08 20:05:14,0
T107509,U10082,M1020,gambling,33.95,2026-07-08 20:55:40,0
T107598,U10119,M1036,fashion,43.72,2026-07-08 21:11:27,0
T100329,U10092,M1034,fashion,40.67,2026-07-08 21:15:40,0
T100128,U10122,M1007,restaurant,35.08,2026-07-08 21:40:29,0
T105828,U10182,M1019,crypto,33.91,2026-07-08 22:06:22,0
T101667,U10060,M1032,grocery,59.2,2026-07-08 22:11:57,0
T103229,U10121,M1028,gambling,14.79,2026-07-08 22:14:23,0
T100708,U10188,M1035,grocery,24.48,2026-07-08 22:25:03,0
T102249,U10299,M1016,gambling,19.45,2026-07-08 22:28:43,0
T106663,U10035,M1006,grocery,98.1,2026-07-08 22:40:22,0
T100788,U10093,M1033,gambling,46.66,2026-07-08 22:48:10,0
T107273,U10006,M1041,utilities,129.73,2026-07-08 23:25:25,0
T105905,U10022,M1022,electronics,31.02,2026-07-08 23:36:21,0
T105991,U10148,M1048,restaurant,30.25,2026-07-09 01:57:46,0
T106574,U10002,M1029,crypto,3.3,2026-07-09 02:23:04,0
T106542,U10025,M1050,utilities,24.92,2026-07-09 03:28:03,0
T103470,U10236,M1003,crypto,31.24,2026-07-09 03:29:30,0
T107608,U10292,M1043,gaming,42.89,2026-07-09 03:31:21,0
T107196,U10251,M1038,travel,19.55,2026-07-09 03:59:29,0
T101931,U10274,M1022,electronics,41.21,2026-07-09 04:05:48,0
T102350,U10100,M1044,grocery,24.25,2026-07-09 04:50:56,0
T101856,U10007,M1059,restaurant,44.08,2026-07-09 04:54:21,0
T101871,U10171,M1047,fashion,339.29,2026-07-09 05:14:38,0
T107276,U10225,M1011,pharmacy,395.43,2026-07-09 05:21:02,0
T103862,U10087,M1011,pharmacy,58.8,2026-07-09 05:29:28,0
T104040,U10253,M1008,travel,34.62,2026-07-09 07:00:02,0
T102828,U10167,M1054,crypto,24.21,2026-07-09 07:16:34,0
T100115,U10102,M1010,gambling,43.43,2026-07-09 07:32:00,0
T106834,U10105,M1015,utilities,15.61,2026-07-09 07:47:13,0
T104306,U10272,M1029,crypto,67.01,2026-07-09 08:07:50,0
T100007,U10143,M1035,grocery,115.04,2026-07-09 08:14:21,0
T101796,U10283,M1021,gaming,46.89,2026-07-09 08:15:35,0
T101815,U10141,M1050,utilities,49.0,2026-07-09 08:27:45,0
T106649,U10156,M1008,travel,43.38,2026-07-09 08:38:49,0
T103636,U10245,M1020,gambling,30.69,2026-07-09 09:55:25,1
T107008,U10095,M1040,electronics,64.81,2026-07-09 10:04:39,0
T103220,U10176,M1035,grocery,36.98,2026-07-09 10:17:28,0
T101470,U10182,M1011,pharmacy,22.78,2026-07-09 10:22:25,0
T107104,U10004,M1009,grocery,38.3,2026-07-09 10:38:32,0
T100561,U10244,M1047,fashion,225.46,2026-07-09 11:01:41,1
T105667,U10029,M1054,crypto,41.08,2026-07-09 11:34:19,0
T104338,U10082,M1001,utilities,20.72,2026-07-09 12:44:16,0
T103042,U10108,M1044,grocery,43.0,2026-07-09 12:51:10,0
T107538,U10240,M1051,electronics,11.82,2026-07-09 12:51:28,0
T101817,U10240,M1021,gaming,65.61,2026-07-09 14:47:46,0
T107864,U10135,M1008,travel,15.01,2026-07-09 15:24:21,0
T101745,U10074,M1041,utilities,12.37,2026-07-09 15:52:18,0
T101411,U10140,M1032,grocery,37.91,2026-07-09 16:20:14,0
T107161,U10170,M1047,fashion,85.13,2026-07-09 16:30:20,0
T104545,U10033,M1035,grocery,52.52,2026-07-09 17:42:02,0
T102856,U10061,M1049,utilities,45.92,2026-07-09 17:58:21,0
T106026,U10291,M1018,fashion,17.87,2026-07-09 18:22:20,0
T101219,U10233,M1031,travel,49.31,2026-07-09 18:52:30,0
T100705,U10084,M1046,crypto,59.16,2026-07-09 19:24:19,1
T106562,U10128,M1058,utilities,13.32,2026-07-09 19:27:04,0
T105870,U10037,M1018,fashion,12.14,2026-07-09 19:35:42,0
T106539,U10125,M1043,gaming,143.34,2026-07-09 19:53:21,0
T101537,U10074,M1003,crypto,5.58,2026-07-09 19:55:12,0
T100550,U10138,M1032,grocery,40.16,2026-07-09 20:25:28,0
T104862,U10063,M1026,crypto,59.26,2026-07-09 20:25:42,0
T107451,U10264,M1010,gambling,23.95,2026-07-09 20:51:46,0
T101665,U10053,M1031,travel,20.04,2026-07-09 21:46:56,0
T107697,U10198,M1039,restaurant,9.88,2026-07-09 21:49:10,0
T106316,U10254,M1045,pharmacy,21.58,2026-07-09 22:11:10,0
T103767,U10219,M1022,electronics,11.33,2026-07-09 22:33:03,0
T105899,U10218,M1053,crypto,142.72,2026-07-10 00:46:45,0
T103719,U10104,M1018,fashion,33.92,2026-07-10 01:27:04,0
T105740,U10234,M1040,electronics,179.21,2026-07-10 01:58:31,0
T102496,U10122,M1039,restaurant,19.61,2026-07-10 02:03:38,0
T101442,U10203,M1037,fashion,54.27,2026-07-10 02:20:24,0
T105261,U10005,M1056,gambling,117.84,2026-07-10 02:36:31,0
T106546,U10161,M1040,electronics,52.8,2026-07-10 02:42:40,0
T100207,U10099,M1026,crypto,124.27,2026-07-10 02:46:44,0
T102627,U10098,M1018,fashion,18.29,2026-07-10 02:58:34,0
T103746,U10286,M1016,gambling,29.76,2026-07-10 03:04:20,0
T104217,U10087,M1020,gambling,34.71,2026-07-10 03:58:40,0
T103464,U10257,M1013,utilities,47.82,2026-07-10 04:26:51,0
T100834,U10189,M1057,electronics,47.05,2026-07-10 04:38:35,0
T102079,U10241,M1010,gambling,42.36,2026-07-10 04:46:17,0
T100671,U10006,M1033,gambling,23.83,2026-07-10 05:06:19,0
T102650,U10202,M1007,restaurant,26.79,2026-07-10 05:08:59,0
T101459,U10265,M1050,utilities,22.48,2026-07-10 05:15:04,0
T101345,U10107,M1039,restaurant,28.24,2026-07-10 06:29:14,0
T101783,U10209,M1022,electronics,25.42,2026-07-10 07:26:04,0
T102809,U10043,M1017,electronics,34.78,2026-07-10 07:36:27,0
T101955,U10075,M1019,crypto,50.76,2026-07-10 08:21:22,0
T100345,U10214,M1032,grocery,61.67,2026-07-10 09:05:19,0
T105786,U10203,M1058,utilities,37.01,2026-07-10 09:43:01,0
T106244,U10142,M1004,crypto,28.62,2026-07-10 10:41:06,0
T101040,U10063,M1016,gambling,45.27,2026-07-10 11:23:44,0
T103038,U10108,M1008,travel,128.68,2026-07-10 12:02:03,0
T103101,U10217,M1052,gaming,72.32,2026-07-10 12:28:18,0
T103333,U10257,M1044,grocery,90.6,2026-07-10 12:54:37,0
T104059,U10108,M1013,utilities,1090.35,2026-07-10 13:29:48,1
T101849,U10042,M1046,crypto,37.36,2026-07-10 14:20:07,0
T102638,U10070,M1027,fashion,19.28,2026-07-10 14:29:25,0
T102520,U10154,M1021,gaming,69.35,2026-07-10 14:35:53,0
T105618,U10282,M1029,crypto,98.32,2026-07-10 14:44:36,0
T106914,U10163,M1014,utilities,60.29,2026-07-10 14:49:05,0
T105552,U10174,M1041,utilities,9.04,2026-07-10 16:16:23,0
T102783,U10298,M1006,grocery,51.09,2026-07-10 16:25:45,0
T105253,U10266,M1020,gambling,17.44,2026-07-10 16:39:40,0
T103127,U10291,M1053,crypto,32.16,2026-07-10 16:43:05,0
T104578,U10014,M1014,utilities,25.42,2026-07-10 16:48:14,0
T104206,U10062,M1007,restaurant,74.22,2026-07-10 16:51:47,0
T106472,U10017,M1049,utilities,77.38,2026-07-10 17:30:16,0
T105534,U10268,M1022,electronics,9.05,2026-07-10 17:36:18,0
T103865,U10017,M1010,gambling,53.07,2026-07-10 17:39:35,0
T107120,U10015,M1036,fashion,19.44,2026-07-10 18:01:37,0
T104962,U10268,M1022,electronics,21.69,2026-07-10 18:03:34,0
T103467,U10179,M1022,electronics,17.76,2026-07-10 18:12:13,0
T106908,U10203,M1005,fashion,307.45,2026-07-10 18:17:35,0
T103281,U10011,M1045,pharmacy,31.95,2026-07-10 18:43:32,0
T101929,U10093,M1040,electronics,40.2,2026-07-10 19:03:33,0
T106405,U10162,M1011,pharmacy,36.38,2026-07-10 20:20:38,0
T100876,U10283,M1016,gambling,158.25,2026-07-10 20:43:22,0
T103463,U10278,M1006,grocery,97.54,2026-07-10 21:18:42,0
T100563,U10194,M1056,gambling,21.51,2026-07-10 21:36:37,1
T101154,U10220,M1058,utilities,46.25,2026-07-10 21:37:14,0
T104202,U10192,M1018,fashion,196.14,2026-07-10 21:39:47,1
T104035,U10187,M1021,gaming,26.47,2026-07-10 21:44:22,0
T107963,U10241,M1030,crypto,68.45,2026-07-10 23:44:24,0
T100449,U10297,M1025,restaurant,68.73,2026-07-10 23:57:46,0
T102066,U10061,M1044,grocery,19.77,2026-07-11 01:08:02,0
T106334,U10259,M1031,travel,18.14,2026-07-11 01:22:23,0
T106340,U10076,M1049,utilities,10.8,2026-07-11 02:19:23,0
T103225,U10056,M1001,utilities,89.03,2026-07-11 02:36:06,0
T106418,U10205,M1008,travel,12.93,2026-07-11 03:49:43,0
T100952,U10293,M1019,crypto,192.16,2026-07-11 04:52:25,0
T100056,U10008,M1019,crypto,36.57,2026-07-11 04:54:54,0
T107805,U10072,M1021,gaming,19.7,2026-07-11 05:19:05,0
T105092,U10106,M1058,utilities,31.49,2026-07-11 05:19:05,0
T103080,U10109,M1032,grocery,279.45,2026-07-11 05:37:26,0
T105500,U10029,M1039,restaurant,124.09,2026-07-11 05:47:32,0
T101469,U10165,M1010,gambling,26.16,2026-07-11 05:51:48,0
T101229,U10115,M1034,fashion,21.06,2026-07-11 06:35:10,0
T101626,U10239,M1031,travel,84.24,2026-07-11 07:01:39,0
T107840,U10091,M1035,grocery,19.46,2026-07-11 07:02:13,0
T103755,U10220,M1047,fashion,18.12,2026-07-11 07:40:03,0
T101059,U10136,M1012,utilities,100.15,2026-07-11 08:27:43,0
T106023,U10280,M1027,fashion,130.62,2026-07-11 09:30:37,0
T104604,U10114,M1058,utilities,52.95,2026-07-11 09:43:44,0
T104126,U10103,M1019,crypto,24.93,2026-07-11 09:50:50,0
T100899,U10264,M1018,fashion,31.75,2026-07-11 10:34:10,0
T100241,U10027,M1059,restaurant,73.04,2026-07-11 10:37:08,0
T103208,U10184,M1027,fashion,20.31,2026-07-11 10:42:56,0
T106269,U10067,M1029,crypto,35.6,2026-07-11 10:55:19,0
T101568,U10257,M1015,utilities,52.31,2026-07-11 10:56:39,0
T100732,U10279,M1018,fashion,176.19,2026-07-11 11:46:30,0
T100338,U10077,M1042,utilities,41.92,2026-07-11 12:05:46,0
T102641,U10164,M1043,gaming,27.35,2026-07-11 12:09:35,0
T103094,U10240,M1056,gambling,47.06,2026-07-11 12:15:10,0
T102669,U10284,M1024,utilities,158.24,2026-07-11 12:40:44,0
T100875,U10046,M1055,grocery,35.89,2026-07-11 12:42:57,0
T104444,U10107,M1042,utilities,77.62,2026-07-11 12:54:23,0
T104342,U10278,M1012,utilities,42.56,2026-07-11 13:24:32,0
T100094,U10157,M1020,gambling,22.77,2026-07-11 13:28:04,0
T103757,U10118,M1026,crypto,113.09,2026-07-11 13:40:53,0
T103833,U10006,M1047,fashion,84.14,2026-07-11 13:57:39,0
T103590,U10222,M1027,fashion,70.95,2026-07-11 14:37:52,0
T101076,U10214,M1000,grocery,94.99,2026-07-11 14:58:58,0
T107395,U10154,M1055,grocery,28.66,2026-07-11 15:32:10,0
T100660,U10147,M1036,fashion,47.7,2026-07-11 16:06:32,0
T102966,U10162,M1012,utilities,29.3,2026-07-11 16:16:59,0
T107816,U10100,M1043,gaming,54.23,2026-07-11 16:19:30,0
T104524,U10101,M1018,fashion,14.91,2026-07-11 16:50:59,0
T106331,U10132,M1034,fashion,61.46,2026-07-11 16:51:00,0
T103555,U10049,M1034,fashion,46.38,2026-07-11 17:16:27,0
T104863,U10148,M1046,crypto,70.93,2026-07-11 17:32:23,0
T101060,U10238,M1047,fashion,65.51,2026-07-11 17:33:49,0
T103569,U10243,M1039,restaurant,111.1,2026-07-11 17:44:09,0
T105574,U10295,M1020,gambling,104.12,2026-07-11 17:56:07,0
T105301,U10033,M1015,utilities,36.05,2026-07-11 18:01:56,0
T101761,U10262,M1012,utilities,29.29,2026-07-11 18:22:29,0
T107626,U10226,M1022,electronics,134.56,2026-07-11 19:01:46,0
T106850,U10296,M1046,crypto,11.61,2026-07-11 19:12:38,0
T107332,U10016,M1052,gaming,195.93,2026-07-11 19:21:13,0
T106863,U10248,M1013,utilities,121.32,2026-07-11 19:53:33,1
T106859,U10163,M1009,grocery,156.29,2026-07-11 20:37:01,0
T105220,U10202,M1013,utilities,45.1,2026-07-11 20:46:03,0
T101403,U10158,M1007,restaurant,33.72,2026-07-11 20:48:01,0
T100030,U10216,M1029,crypto,13.19,2026-07-11 20:50:12,0
T102444,U10017,M1003,crypto,33.92,2026-07-11 21:38:55,0
T105014,U10232,M1026,crypto,27.71,2026-07-11 21:55:26,0
T105195,U10110,M1038,travel,23.08,2026-07-11 22:04:04,0
T101381,U10271,M1052,gaming,42.5,2026-07-11 22:20:37,0
T102790,U10002,M1000,grocery,21.23,2026-07-11 22:21:23,0
T105408,U10102,M1032,grocery,92.34,2026-07-11 22:37:07,0
T104130,U10281,M1001,utilities,45.26,2026-07-11 22:46:53,0
T100570,U10232,M1019,crypto,23.13,2026-07-11 22:58:58,0
T100272,U10179,M1037,fashion,19.53,2026-07-11 23:07:39,0
T101581,U10274,M1050,utilities,25.31,2026-07-11 23:50:24,0
T100521,U10243,M1007,restaurant,117.36,2026-07-11 23:58:24,0
T106547,U10222,M1043,gaming,113.17,2026-07-12 00:35:35,0
T103991,U10267,M1053,crypto,27.61,2026-07-12 00:46:01,0
T105344,U10171,M1021,gaming,67.45,2026-07-12 01:20:27,0
T101639,U10271,M1026,crypto,39.55,2026-07-12 01:23:37,0
T104620,U10256,M1003,crypto,46.22,2026-07-12 02:16:36,0
T105864,U10080,M1000,grocery,12.39,2026-07-12 02:27:46,0
T105493,U10099,M1053,crypto,20.77,2026-07-12 03:15:20,0
T105343,U10020,M1018,fashion,975.76,2026-07-12 03:24:50,0
T106769,U10161,M1028,gambling,71.27,2026-07-12 03:54:15,0
T103193,U10009,M1050,utilities,84.69,2026-07-12 04:20:00,0
T100813,U10114,M1008,travel,14.1,2026-07-12 04:51:59,0
T106421,U10085,M1025,restaurant,40.73,2026-07-12 04:53:41,0
T107292,U10218,M1056,gambling,145.67,2026-07-12 04:58:09,0
T102344,U10172,M1035,grocery,33.16,2026-07-12 05:02:42,0
T107244,U10072,M1003,crypto,46.84,2026-07-12 05:36:20,0
T105760,U10120,M1001,utilities,43.98,2026-07-12 06:25:52,0
T104171,U10248,M1009,grocery,55.67,2026-07-12 06:43:21,0
T103406,U10100,M1017,electronics,45.23,2026-07-12 06:52:42,0
T100013,U10136,M1012,utilities,131.36,2026-07-12 06:58:57,0
T102776,U10171,M1051,electronics,57.13,2026-07-12 07:50:12,0
T107081,U10207,M1015,utilities,49.16,2026-07-12 07:58:28,0
T105140,U10197,M1000,grocery,81.02,2026-07-12 08:08:39,0
T104581,U10007,M1050,utilities,40.55,2026-07-12 08:31:31,0
T104439,U10291,M1015,utilities,52.33,2026-07-12 08:46:51,0
T102468,U10182,M1039,restaurant,96.83,2026-07-12 09:27:46,0
T105807,U10074,M1048,restaurant,10.83,2026-07-12 09:28:17,0
T103666,U10213,M1022,electronics,17.83,2026-07-12 09:33:35,0
T102345,U10162,M1013,utilities,12.54,2026-07-12 09:34:07,0
T105181,U10132,M1004,crypto,237.67,2026-07-12 09:40:24,1
T107657,U10252,M1006,grocery,75.7,2026-07-12 10:11:46,0
T104136,U10298,M1052,gaming,23.12,2026-07-12 10:45:34,0
T100231,U10029,M1012,utilities,155.5,2026-07-12 10:45:38,0
T101811,U10209,M1013,utilities,92.44,2026-07-12 11:06:04,0
T100516,U10039,M1010,gambling,17.81,2026-07-12 11:09:46,0
T101503,U10234,M1042,utilities,25.76,2026-07-12 11:22:47,0
T102621,U10103,M1042,utilities,32.25,2026-07-12 11:46:25,0
T103431,U10047,M1026,crypto,203.02,2026-07-12 12:15:41,0
T103820,U10293,M1055,grocery,6.66,2026-07-12 12:34:19,0
T107291,U10091,M1038,travel,20.33,2026-07-12 12:50:01,0
T105123,U10204,M1014,utilities,20.95,2026-07-12 13:14:36,0
T100325,U10101,M1043,gaming,22.14,2026-07-12 13:18:08,0
T102514,U10163,M1047,fashion,98.67,2026-07-12 13:48:57,0
T106073,U10284,M1006,grocery,66.51,2026-07-12 13:54:24,0
T103300,U10147,M1046,crypto,17.23,2026-07-12 13:58:25,0
T105923,U10007,M1012,utilities,9.96,2026-07-12 15:07:23,0
T107184,U10162,M1023,pharmacy,47.26,2026-07-12 15:17:23,0
T101547,U10070,M1030,crypto,16.05,2026-07-12 15:18:15,0
T106909,U10074,M1035,grocery,59.21,2026-07-12 15:22:06,0
T100283,U10212,M1050,utilities,49.88,2026-07-12 16:05:16,0
T102068,U10213,M1051,electronics,5.61,2026-07-12 16:11:09,0
T103378,U10075,M1031,travel,61.29,2026-07-12 17:09:22,0
T107866,U10149,M1031,travel,47.53,2026-07-12 17:31:04,0
T105091,U10275,M1058,utilities,36.75,2026-07-12 18:04:04,0
T104366,U10154,M1027,fashion,234.77,2026-07-12 18:56:03,0
T100102,U10288,M1036,fashion,42.95,2026-07-12 19:12:29,0
T101110,U10249,M1036,fashion,106.4,2026-07-12 19:20:51,0
T105712,U10114,M1016,gambling,26.45,2026-07-12 19:29:32,0
T101400,U10155,M1047,fashion,276.03,2026-07-12 19:34:53,0
T106794,U10225,M1045,pharmacy,39.53,2026-07-12 19:35:30,0
T103986,U10265,M1030,crypto,89.81,2026-07-12 19:47:55,0
T107433,U10134,M1013,utilities,130.05,2026-07-12 20:10:31,0
T102676,U10248,M1016,gambling,72.33,2026-07-12 21:03:12,0
T102162,U10166,M1010,gambling,25.0,2026-07-12 21:22:10,0
T106891,U10097,M1026,crypto,10.48,2026-07-12 21:53:34,0
T104347,U10235,M1042,utilities,52.76,2026-07-12 21:59:37,0
T107157,U10067,M1025,restaurant,20.47,2026-07-12 22:43:21,0
T104893,U10144,M1024,utilities,43.89,2026-07-12 22:52:21,0
T107922,U10196,M1051,electronics,483.04,2026-07-12 23:07:35,0
T100598,U10177,M1004,crypto,27.06,2026-07-12 23:08:34,0
T100186,U10130,M1046,crypto,45.73,2026-07-12 23:13:58,1
T103244,U10076,M1043,gaming,13.91,2026-07-13 00:03:38,0
T106762,U10186,M1011,pharmacy,124.38,2026-07-13 00:25:27,0
T102125,U10050,M1007,restaurant,117.6,2026-07-13 00:36:16,0
T101340,U10124,M1000,grocery,16.07,2026-07-13 00:43:08,0
T100084,U10018,M1026,crypto,35.38,2026-07-13 00:50:00,0
T105118,U10093,M1005,fashion,101.71,2026-07-13 00:57:40,0
T100555,U10027,M1012,utilities,98.83,2026-07-13 02:20:24,1
T100452,U10126,M1028,gambling,134.76,2026-07-13 02:23:15,0
T102559,U10033,M1029,crypto,45.02,2026-07-13 02:35:39,0
T107821,U10037,M1033,gambling,31.52,2026-07-13 02:45:52,0
T107803,U10240,M1009,grocery,16.51,2026-07-13 02:53:45,0
T104808,U10117,M1057,electronics,17.68,2026-07-13 02:57:18,0
T105619,U10127,M1003,crypto,85.29,2026-07-13 03:41:50,0
T100024,U10219,M1018,fashion,72.09,2026-07-13 03:47:33,0
T104481,U10281,M1051,electronics,34.63,2026-07-13 04:02:56,0
T105334,U10062,M1046,crypto,13.46,2026-07-13 04:09:00,0
T101041,U10170,M1051,electronics,55.79,2026-07-13 04:29:16,0
T107784,U10015,M1055,grocery,24.05,2026-07-13 04:37:23,0
T104870,U10227,M1043,gaming,40.28,2026-07-13 05:51:18,0
T104159,U10279,M1035,grocery,82.93,2026-07-13 06:02:51,0
T103123,U10110,M1000,grocery,136.74,2026-07-13 06:07:48,1
T107584,U10104,M1054,crypto,38.08,2026-07-13 07:07:51,0
T104365,U10256,M1053,crypto,22.88,2026-07-13 07:25:25,0
T106209,U10200,M1000,grocery,30.59,2026-07-13 07:35:50,0
T105946,U10047,M1045,pharmacy,43.33,2026-07-13 08:13:08,0
T107668,U10243,M1010,gambling,66.46,2026-07-13 09:25:39,0
T102969,U10106,M1043,gaming,37.39,2026-07-13 09:33:35,0
T100466,U10083,M1021,gaming,16.04,2026-07-13 09:34:11,0
T107374,U10159,M1059,restaurant,221.32,2026-07-13 10:23:04,0
T102378,U10214,M1021,gaming,155.0,2026-07-13 10:34:02,0
T107508,U10250,M1015,utilities,13.24,2026-07-13 10:43:37,0
T103872,U10040,M1049,utilities,13.54,2026-07-13 10:46:33,0
T107469,U10100,M1012,utilities,13.76,2026-07-13 10:59:23,0
T105514,U10011,M1059,restaurant,17.76,2026-07-13 11:14:58,0
T103843,U10197,M1058,utilities,361.36,2026-07-13 11:58:34,0
T100727,U10274,M1039,restaurant,117.47,2026-07-13 12:02:58,0
T105874,U10287,M1035,grocery,34.5,2026-07-13 12:25:26,0
T101623,U10026,M1038,travel,34.05,2026-07-13 12:44:27,0
T100055,U10147,M1023,pharmacy,286.29,2026-07-13 12:47:29,0
T102339,U10267,M1026,crypto,277.66,2026-07-13 12:51:39,0
T100696,U10142,M1057,electronics,29.19,2026-07-13 13:07:47,0
T105142,U10242,M1053,crypto,29.42,2026-07-13 13:37:42,0
T102778,U10066,M1047,fashion,33.97,2026-07-13 13:39:40,0
T107595,U10048,M1000,grocery,1016.96,2026-07-13 14:38:37,1
T106518,U10283,M1046,crypto,164.64,2026-07-13 15:29:24,0
T105824,U10100,M1004,crypto,11.38,2026-07-13 15:32:34,0
T107110,U10090,M1006,grocery,14.29,2026-07-13 15:36:20,1
T107655,U10227,M1025,restaurant,24.01,2026-07-13 16:00:42,0
T107964,U10062,M1027,fashion,60.94,2026-07-13 16:09:25,0
T101987,U10281,M1046,crypto,36.53,2026-07-13 16:11:18,0
T105690,U10027,M1034,fashion,54.26,2026-07-13 16:37:33,0
T104152,U10254,M1055,grocery,58.27,2026-07-13 16:48:01,0
T104051,U10279,M1007,restaurant,110.71,2026-07-13 17:03:25,0
T106589,U10266,M1049,utilities,25.57,2026-07-13 17:47:24,0
T102072,U10272,M1026,crypto,50.02,2026-07-13 18:01:36,0
T101280,U10210,M1021,gaming,86.54,2026-07-13 18:50:42,0
T105708,U10284,M1037,fashion,28.67,2026-07-13 18:57:55,0
T101680,U10166,M1013,utilities,55.43,2026-07-13 19:01:25,0
T103492,U10105,M1048,restaurant,28.12,2026-07-13 19:22:59,0
T100738,U10018,M1008,travel,68.7,2026-07-13 20:28:37,0
T105875,U10055,M1009,grocery,32.41,2026-07-13 20:50:34,0
T106456,U10084,M1000,grocery,39.88,2026-07-13 21:05:43,0
T103664,U10146,M1024,utilities,223.21,2026-07-13 21:10:06,0
T103516,U10074,M1059,restaurant,58.48,2026-07-13 21:25:20,0
T103668,U10013,M1015,utilities,39.86,2026-07-13 21:56:05,0
T103292,U10044,M1015,utilities,43.39,2026-07-13 22:01:33,0
T102849,U10257,M1000,grocery,75.98,2026-07-13 22:10:51,0
T100844,U10192,M1036,fashion,8.07,2026-07-13 22:31:47,0
T104048,U10005,M1009,grocery,66.92,2026-07-13 23:09:19,0
T100602,U10268,M1013,utilities,24.53,2026-07-14 00:00:24,0
T101749,U10095,M1056,gambling,31.13,2026-07-14 00:24:01,0
T102825,U10269,M1047,fashion,37.58,2026-07-14 00:47:15,0
T107316,U10173,M1023,pharmacy,34.31,2026-07-14 01:48:57,0
T107876,U10296,M1027,fashion,47.4,2026-07-14 02:12:51,0
T102810,U10258,M1036,fashion,68.79,2026-07-14 02:15:36,0
T100977,U10098,M1037,fashion,14.19,2026-07-14 02:54:32,0
T105750,U10055,M1042,utilities,55.71,2026-07-14 03:38:03,0
T103539,U10064,M1037,fashion,5.97,2026-07-14 03:46:45,0
T103117,U10096,M1025,restaurant,39.25,2026-07-14 03:51:40,0
T100881,U10222,M1015,utilities,85.01,2026-07-14 04:12:45,0
T103911,U10172,M1040,electronics,42.48,2026-07-14 04:41:14,0
T103432,U10142,M1004,crypto,28.7,2026-07-14 04:46:54,0
T104661,U10128,M1049,utilities,18.44,2026-07-14 05:03:50,0
T103998,U10269,M1051,electronics,30.83,2026-07-14 05:45:26,0
T107028,U10158,M1023,pharmacy,53.17,2026-07-14 05:53:20,0
T107277,U10181,M1004,crypto,64.75,2026-07-14 06:01:47,0
T107022,U10134,M1026,crypto,34.56,2026-07-14 06:14:39,0
T105316,U10122,M1032,grocery,26.42,2026-07-14 06:19:40,0
T102805,U10145,M1017,electronics,34.35,2026-07-14 06:26:29,0
T106579,U10154,M1033,gambling,31.36,2026-07-14 06:48:32,0
T105589,U10202,M1053,crypto,18.69,2026-07-14 07:08:47,0
T100448,U10021,M1032,grocery,53.29,2026-07-14 07:09:37,0
T101799,U10058,M1043,gaming,79.64,2026-07-14 07:41:14,0
T100621,U10067,M1002,restaurant,11.96,2026-07-14 09:02:55,0
T100939,U10045,M1050,utilities,97.58,2026-07-14 09:43:27,0
T103681,U10201,M1021,gaming,46.39,2026-07-14 10:25:19,0
T105848,U10222,M1032,grocery,48.16,2026-07-14 10:27:31,0
T102426,U10098,M1029,crypto,9.47,2026-07-14 10:51:38,0
T105279,U10056,M1004,crypto,15.53,2026-07-14 11:13:37,0
T104694,U10171,M1036,fashion,69.35,2026-07-14 11:16:56,0
T107142,U10298,M1017,electronics,34.48,2026-07-14 11:24:45,0
T106212,U10239,M1019,crypto,16.1,2026-07-14 11:39:39,0
T104803,U10125,M1020,gambling,88.31,2026-07-14 12:04:14,0
T104827,U10034,M1025,restaurant,31.18,2026-07-14 12:07:28,0
T103523,U10280,M1009,grocery,270.18,2026-07-14 13:17:25,0
T100281,U10092,M1008,travel,53.79,2026-07-14 13:23:26,0
T104132,U10039,M1057,electronics,16.79,2026-07-14 14:29:43,0
T103889,U10086,M1055,grocery,105.16,2026-07-14 14:35:20,0
T105271,U10225,M1054,crypto,111.62,2026-07-14 14:49:22,0
T104319,U10194,M1009,grocery,118.33,2026-07-14 15:34:17,0
T101346,U10282,M1014,utilities,136.28,2026-07-14 16:01:59,0
T100802,U10219,M1007,restaurant,19.65,2026-07-14 16:22:03,0
T105949,U10052,M1013,utilities,73.67,2026-07-14 16:39:13,0
T106388,U10037,M1002,restaurant,79.7,2026-07-14 17:54:29,0
T106674,U10286,M1057,electronics,58.34,2026-07-14 17:58:58,0
T102654,U10119,M1031,travel,108.19,2026-07-14 18:07:24,0
T103021,U10024,M1049,utilities,26.71,2026-07-14 18:38:48,0
T105577,U10186,M1059,restaurant,143.75,2026-07-14 19:14:22,1
T101867,U10107,M1025,restaurant,42.15,2026-07-14 20:33:56,0
T107676,U10153,M1035,grocery,181.8,2026-07-14 21:03:58,0
T105177,U10155,M1024,utilities,146.06,2026-07-14 21:05:58,0
T104470,U10147,M1042,utilities,50.91,2026-07-14 21:35:42,0
T102374,U10013,M1022,electronics,86.31,2026-07-14 21:59:01,0
T100119,U10275,M1023,pharmacy,21.64,2026-07-14 22:26:56,0
T104632,U10292,M1018,fashion,526.05,2026-07-14 23:05:18,0
T107375,U10232,M1008,travel,50.92,2026-07-14 23:06:08,0
T105258,U10285,M1012,utilities,35.12,2026-07-14 23:12:51,0
T101758,U10290,M1000,grocery,92.82,2026-07-14 23:20:16,0
T107054,U10216,M1035,grocery,18.68,2026-07-14 23:38:48,0
T107257,U10223,M1058,utilities,101.46,2026-07-14 23:39:35,0
T101203,U10141,M1024,utilities,65.66,2026-07-14 23:41:03,0
T104618,U10246,M1008,travel,59.97,2026-07-14 23:43:38,0
T106981,U10276,M1059,restaurant,39.16,2026-07-14 23:43:43,0
T103153,U10130,M1048,restaurant,20.51,2026-07-14 23:46:52,0
T105210,U10234,M1021,gaming,114.3,2026-07-14 23:47:41,0
T105836,U10077,M1002,restaurant,21.89,2026-07-14 23:54:49,0
T102046,U10018,M1053,crypto,63.23,2026-07-15 00:07:17,0
T104674,U10033,M1042,utilities,50.45,2026-07-15 00:07:34,0
T107796,U10071,M1036,fashion,51.24,2026-07-15 00:22:15,0
T104754,U10110,M1046,crypto,48.29,2026-07-15 00:24:47,0
T101855,U10244,M1015,utilities,90.94,2026-07-15 01:19:23,0
T105035,U10231,M1038,travel,57.09,2026-07-15 01:55:54,0
T103236,U10297,M1043,gaming,16.12,2026-07-15 02:13:02,0
T103762,U10051,M1039,restaurant,21.46,2026-07-15 03:03:30,0
T103916,U10286,M1053,crypto,62.28,2026-07-15 03:05:02,0
T106423,U10241,M1029,crypto,10.17,2026-07-15 03:24:26,0
T101748,U10241,M1058,utilities,20.54,2026-07-15 04:18:02,0
T101560,U10124,M1027,fashion,14.17,2026-07-15 05:03:52,0
T103703,U10032,M1035,grocery,80.92,2026-07-15 05:40:01,0
T105372,U10129,M1000,grocery,72.75,2026-07-15 06:27:22,0
T103274,U10060,M1031,travel,78.84,2026-07-15 07:41:23,0
T104715,U10189,M1044,grocery,15.77,2026-07-15 08:37:50,0
T103790,U10225,M1029,crypto,30.47,2026-07-15 08:41:01,0
T103141,U10087,M1000,grocery,19.99,2026-07-15 09:07:29,0
T106828,U10230,M1033,gambling,24.6,2026-07-15 09:20:40,1
T100775,U10100,M1039,restaurant,23.73,2026-07-15 09:23:54,0
T107249,U10028,M1026,crypto,35.46,2026-07-15 09:33:39,0
T105328,U10078,M1030,crypto,135.67,2026-07-15 09:59:17,0
T104232,U10219,M1024,utilities,14.33,2026-07-15 10:03:02,0
T100480,U10004,M1005,fashion,28.9,2026-07-15 11:26:47,0
T100348,U10239,M1011,pharmacy,27.61,2026-07-15 11:34:30,0
T107203,U10253,M1036,fashion,57.46,2026-07-15 12:02:46,0
T105028,U10156,M1046,crypto,43.24,2026-07-15 12:03:43,0
T104120,U10200,M1059,restaurant,14.69,2026-07-15 12:18:07,0
T101657,U10054,M1007,restaurant,16.75,2026-07-15 12:38:57,0
T105017,U10135,M1000,grocery,44.62,2026-07-15 12:44:39,0
T107321,U10007,M1002,restaurant,115.97,2026-07-15 13:30:59,0
T101570,U10204,M1025,restaurant,26.94,2026-07-15 13:52:01,0
T100113,U10050,M1029,crypto,39.81,2026-07-15 14:01:27,0
T101353,U10239,M1040,electronics,85.14,2026-07-15 14:46:32,0
T105223,U10214,M1044,grocery,58.09,2026-07-15 15:27:01,0
T102005,U10237,M1047,fashion,92.72,2026-07-15 16:00:46,0
T102712,U10060,M1044,grocery,32.83,2026-07-15 16:22:47,0
T106380,U10056,M1040,electronics,35.12,2026-07-15 17:06:09,0
T101447,U10075,M1053,crypto,8.45,2026-07-15 17:32:18,0
T100437,U10228,M1011,pharmacy,45.81,2026-07-15 19:30:37,0
T107074,U10140,M1018,fashion,34.42,2026-07-15 20:25:54,0
T101688,U10135,M1008,travel,29.0,2026-07-15 20:57:16,0
T105522,U10269,M1048,restaurant,18.02,2026-07-15 21:05:23,0
T101714,U10269,M1039,restaurant,59.99,2026-07-15 21:14:52,0
T100387,U10139,M1027,fashion,67.62,2026-07-15 21:28:33,0
T103287,U10138,M1051,electronics,12.43,2026-07-15 22:39:39,0
T101541,U10002,M1029,crypto,24.63,2026-07-15 22:53:01,0
T101220,U10271,M1058,utilities,20.35,2026-07-16 00:38:06,0
T100646,U10296,M1023,pharmacy,21.31,2026-07-16 01:08:28,0
T107445,U10010,M1040,electronics,19.92,2026-07-16 02:03:43,0
T103827,U10104,M1056,gambling,18.14,2026-07-16 02:21:58,0
T101750,U10043,M1056,gambling,21.75,2026-07-16 02:23:54,0
T104536,U10148,M1036,fashion,18.45,2026-07-16 03:16:40,0
T107686,U10118,M1022,electronics,22.62,2026-07-16 05:04:38,0
T102188,U10012,M1001,utilities,72.19,2026-07-16 05:17:25,0
T103338,U10046,M1033,gambling,13.11,2026-07-16 05:52:25,0
T100599,U10021,M1030,crypto,64.99,2026-07-16 06:16:44,0
T105662,U10291,M1013,utilities,14.49,2026-07-16 06:46:45,0
T105782,U10001,M1007,restaurant,24.23,2026-07-16 07:02:56,0
T102808,U10153,M1046,crypto,57.88,2026-07-16 07:06:24,0
T103121,U10064,M1002,restaurant,23.09,2026-07-16 07:41:33,0
T105893,U10274,M1032,grocery,14.23,2026-07-16 08:23:34,0
T103881,U10205,M1009,grocery,51.61,2026-07-16 09:09:59,0
T104525,U10188,M1054,crypto,15.96,2026-07-16 09:36:21,0
T101001,U10142,M1021,gaming,67.18,2026-07-16 10:12:57,0
T101969,U10107,M1006,grocery,28.3,2026-07-16 10:14:19,0
T106712,U10000,M1054,crypto,158.46,2026-07-16 11:00:06,1
T101809,U10122,M1048,restaurant,13.29,2026-07-16 11:02:03,0
T107923,U10180,M1012,utilities,57.51,2026-07-16 11:55:51,0
T100196,U10161,M1015,utilities,14.6,2026-07-16 12:00:47,0
T105603,U10056,M1025,restaurant,13.34,2026-07-16 12:08:26,0
T101565,U10087,M1050,utilities,31.96,2026-07-16 12:21:32,0
T100451,U10069,M1018,fashion,20.3,2026-07-16 12:45:55,0
T106057,U10105,M1040,electronics,19.16,2026-07-16 12:48:59,0
T105996,U10138,M1044,grocery,107.64,2026-07-16 13:14:01,0
T107247,U10184,M1053,crypto,35.48,2026-07-16 13:29:19,0
T104452,U10298,M1031,travel,26.34,2026-07-16 13:33:06,0
T105715,U10247,M1055,grocery,15.1,2026-07-16 14:13:41,0
T103360,U10023,M1009,grocery,99.48,2026-07-16 14:27:38,0
T100905,U10144,M1026,crypto,22.92,2026-07-16 15:13:07,1
T107808,U10258,M1029,crypto,21.57,2026-07-16 15:34:42,0
T105008,U10109,M1007,restaurant,107.39,2026-07-16 16:25:02,0
T102802,U10102,M1044,grocery,54.36,2026-07-16 16:29:39,0
T105199,U10058,M1054,crypto,66.44,2026-07-16 17:54:29,0
T106048,U10153,M1021,gaming,124.25,2026-07-16 19:18:00,0
T104245,U10239,M1041,utilities,12.17,2026-07-16 20:03:31,0
T103119,U10024,M1047,fashion,9.06,2026-07-16 20:46:23,0
T100895,U10162,M1013,utilities,17.79,2026-07-16 20:59:57,0
T102168,U10265,M1009,grocery,26.01,2026-07-16 21:05:20,0
T101913,U10270,M1009,grocery,108.39,2026-07-16 21:12:08,0
T104441,U10086,M1020,gambling,24.94,2026-07-16 21:39:07,0
T101226,U10108,M1020,gambling,127.79,2026-07-16 23:08:00,0
T104986,U10185,M1019,crypto,26.63,2026-07-16 23:08:46,0
T107524,U10168,M1052,gaming,34.98,2026-07-16 23:44:25,0
T102076,U10034,M1006,grocery,60.59,2026-07-16 23:56:54,0
T101028,U10114,M1050,utilities,22.82,2026-07-17 00:12:32,1
T104973,U10092,M1042,utilities,16.26,2026-07-17 01:31:14,0
T101223,U10196,M1001,utilities,204.18,2026-07-17 01:36:24,0
T103598,U10271,M1058,utilities,20.4,2026-07-17 01:36:24,0
T104565,U10245,M1051,electronics,59.56,2026-07-17 01:50:50,0
T106754,U10258,M1055,grocery,18.81,2026-07-17 02:02:45,0
T102634,U10098,M1036,fashion,37.04,2026-07-17 02:26:42,0
T107015,U10071,M1000,grocery,69.24,2026-07-17 03:16:04,0
T103068,U10146,M1010,gambling,252.84,2026-07-17 04:12:49,0
T101276,U10140,M1055,grocery,13.98,2026-07-17 05:16:14,0
T106156,U10088,M1056,gambling,59.49,2026-07-17 05:22:41,0
T105060,U10140,M1014,utilities,45.83,2026-07-17 05:49:26,0
T105600,U10191,M1057,electronics,28.01,2026-07-17 05:53:48,0
T103941,U10006,M1017,electronics,40.78,2026-07-17 06:21:14,0
T107541,U10027,M1029,crypto,86.29,2026-07-17 06:28:52,0
T102821,U10170,M1022,electronics,22.72,2026-07-17 06:44:37,0
T104428,U10108,M1013,utilities,35.72,2026-07-17 07:31:10,0
T107502,U10257,M1036,fashion,31.03,2026-07-17 09:28:16,0
T105973,U10201,M1008,travel,16.5,2026-07-17 10:01:37,0
T105945,U10194,M1031,travel,127.96,2026-07-17 10:30:50,0
T100376,U10099,M1004,crypto,23.37,2026-07-17 11:28:44,0
T107614,U10169,M1042,utilities,103.71,2026-07-17 12:07:19,0
T102382,U10163,M1009,grocery,44.59,2026-07-17 12:07:57,0
T105716,U10292,M1031,travel,89.57,2026-07-17 12:48:11,0
T102888,U10177,M1023,pharmacy,12.68,2026-07-17 12:49:25,0
T106473,U10290,M1015,utilities,15.25,2026-07-17 12:49:50,0
T102248,U10155,M1049,utilities,59.27,2026-07-17 13:01:40,0
T107847,U10273,M1016,gambling,19.49,2026-07-17 13:21:13,0
T101816,U10243,M1024,utilities,81.73,2026-07-17 13:41:29,0
T101771,U10018,M1050,utilities,81.49,2026-07-17 14:08:11,0
T106831,U10085,M1055,grocery,17.93,2026-07-17 14:30:08,0
T104343,U10240,M1001,utilities,8.43,2026-07-17 14:50:10,0
T107327,U10079,M1015,utilities,6.86,2026-07-17 15:19:01,0
T107095,U10033,M1027,fashion,29.55,2026-07-17 15:27:30,0
T107956,U10158,M1004,crypto,17.79,2026-07-17 15:47:17,0
T104213,U10100,M1029,crypto,66.1,2026-07-17 16:11:21,0
T100257,U10255,M1025,restaurant,30.02,2026-07-17 16:12:12,0
T107560,U10051,M1044,grocery,14.27,2026-07-17 16:18:20,0
T101452,U10012,M1038,travel,42.14,2026-07-17 16:21:41,0
T104991,U10288,M1053,crypto,48.95,2026-07-17 16:34:17,0
T103797,U10152,M1046,crypto,11.99,2026-07-17 17:13:31,0
T105426,U10141,M1027,fashion,80.01,2026-07-17 17:29:15,0
T106162,U10281,M1027,fashion,20.53,2026-07-17 17:54:41,0
T100556,U10293,M1021,gaming,218.97,2026-07-17 17:58:42,0
T104880,U10123,M1049,utilities,33.37,2026-07-17 18:16:35,0
T102743,U10251,M1034,fashion,35.98,2026-07-17 18:39:43,0
T103853,U10095,M1056,gambling,49.33,2026-07-17 18:44:25,0
T101483,U10072,M1025,restaurant,58.97,2026-07-17 18:57:47,0
T104837,U10196,M1003,crypto,172.26,2026-07-17 19:35:27,0
T103269,U10017,M1043,gaming,91.09,2026-07-17 19:40:54,0
T106260,U10132,M1035,grocery,220.74,2026-07-17 20:29:55,0
T106323,U10122,M1006,grocery,20.73,2026-07-17 20:31:48,0
T100048,U10288,M1045,pharmacy,34.93,2026-07-17 20:59:35,0
T104052,U10092,M1048,restaurant,13.72,2026-07-17 21:03:11,0
T105339,U10102,M1009,grocery,36.34,2026-07-17 22:50:31,0
T105482,U10062,M1002,restaurant,46.85,2026-07-17 23:00:55,0
T104811,U10106,M1004,crypto,77.63,2026-07-17 23:09:09,0
T100123,U10253,M1003,crypto,45.64,2026-07-17 23:42:14,0
T107140,U10115,M1010,gambling,14.69,2026-07-18 00:10:54,0
T103886,U10114,M1017,electronics,37.45,2026-07-18 01:04:04,0
T106075,U10016,M1001,utilities,55.37,2026-07-18 01:05:44,0
T100265,U10204,M1027,fashion,21.24,2026-07-18 01:24:01,0
T104004,U10030,M1031,travel,25.19,2026-07-18 01:33:40,0
T105209,U10073,M1004,crypto,42.77,2026-07-18 02:36:47,0
T102321,U10118,M1058,utilities,68.84,2026-07-18 04:02:00,0
T104717,U10123,M1036,fashion,13.97,2026-07-18 04:42:43,0
T103401,U10169,M1017,electronics,130.51,2026-07-18 05:04:32,0
T103837,U10249,M1001,utilities,43.93,2026-07-18 05:06:42,0
T102911,U10213,M1057,electronics,9.48,2026-07-18 06:35:22,0
T103369,U10097,M1046,crypto,40.66,2026-07-18 06:57:55,0
T102408,U10191,M1033,gambling,34.41,2026-07-18 07:06:10,0
T100762,U10071,M1043,gaming,61.55,2026-07-18 07:31:00,0
T105907,U10205,M1049,utilities,22.88,2026-07-18 08:12:14,0
T101020,U10182,M1004,crypto,189.87,2026-07-18 08:31:31,0
T103794,U10211,M1000,grocery,40.41,2026-07-18 09:21:55,0
T106890,U10098,M1052,gaming,15.4,2026-07-18 09:41:53,0
T105810,U10172,M1021,gaming,39.59,2026-07-18 10:15:18,0
T102608,U10276,M1034,fashion,29.07,2026-07-18 11:27:53,0
T101985,U10122,M1042,utilities,15.96,2026-07-18 12:07:59,0
T105519,U10271,M1024,utilities,26.87,2026-07-18 13:05:58,0
T104174,U10076,M1042,utilities,3.52,2026-07-18 13:40:53,0
T100742,U10150,M1028,gambling,87.89,2026-07-18 14:01:36,0
T102930,U10280,M1032,grocery,65.3,2026-07-18 14:10:55,0
T105281,U10295,M1003,crypto,57.46,2026-07-18 14:21:21,1
T107207,U10074,M1035,grocery,12.37,2026-07-18 15:49:29,0
T105225,U10081,M1033,gambling,64.15,2026-07-18 15:53:22,0
T101024,U10030,M1059,restaurant,13.76,2026-07-18 15:56:31,0
T103353,U10248,M1028,gambling,73.4,2026-07-18 16:32:07,0
T100616,U10141,M1047,fashion,72.05,2026-07-18 17:00:31,0
T102613,U10020,M1018,fashion,62.67,2026-07-18 17:04:04,0
T105428,U10113,M1019,crypto,18.26,2026-07-18 17:07:06,0
T106059,U10113,M1029,crypto,63.14,2026-07-18 18:18:20,0
T106946,U10259,M1023,pharmacy,9.16,2026-07-18 18:23:24,0
T101588,U10242,M1012,utilities,39.7,2026-07-18 19:05:45,0
T103083,U10218,M1021,gaming,114.2,2026-07-18 19:17:52,1
T107360,U10178,M1033,gambling,44.05,2026-07-18 19:40:51,0
T107504,U10142,M1011,pharmacy,18.14,2026-07-18 20:02:00,0
T101418,U10177,M1026,crypto,42.67,2026-07-18 20:02:42,0
T107061,U10198,M1042,utilities,36.08,2026-07-18 20:19:14,0
T107431,U10093,M1017,electronics,36.67,2026-07-18 21:34:23,0
T101731,U10001,M1012,utilities,30.16,2026-07-18 22:14:24,0
T105575,U10268,M1054,crypto,19.05,2026-07-18 22:53:40,0
T105232,U10123,M1006,grocery,71.52,2026-07-18 23:01:52,0
T102149,U10060,M1003,crypto,104.36,2026-07-18 23:12:25,0
T101107,U10294,M1051,electronics,41.19,2026-07-18 23:45:17,0
T106688,U10174,M1006,grocery,14.19,2026-07-18 23:47:03,0
T104383,U10021,M1008,travel,49.34,2026-07-18 23:58:03,0
T100221,U10188,M1053,crypto,37.23,2026-07-19 00:25:54,0
T105538,U10075,M1010,gambling,23.46,2026-07-19 00:55:24,0
T104576,U10211,M1027,fashion,52.68,2026-07-19 01:25:37,0
T104177,U10049,M1013,utilities,35.11,2026-07-19 01:51:42,0
T100519,U10268,M1013,utilities,9.66,2026-07-19 01:56:26,0
T100051,U10284,M1059,restaurant,40.5,2026-07-19 02:15:27,0
T105179,U10203,M1026,crypto,48.89,2026-07-19 03:10:56,0
T101098,U10063,M1036,fashion,22.65,2026-07-19 03:21:08,0
T107929,U10290,M1051,electronics,149.92,2026-07-19 03:25:40,0
T106575,U10234,M1050,utilities,46.07,2026-07-19 03:34:11,0
T103331,U10285,M1021,gaming,11.41,2026-07-19 03:34:19,0
T103096,U10270,M1045,pharmacy,73.27,2026-07-19 03:41:48,0
T102568,U10020,M1038,travel,52.55,2026-07-19 04:13:32,0
T106741,U10231,M1010,gambling,17.01,2026-07-19 04:18:01,0
T100079,U10040,M1017,electronics,18.18,2026-07-19 04:21:29,0
T101045,U10170,M1048,restaurant,26.68,2026-07-19 04:29:09,0
T105902,U10094,M1006,grocery,68.91,2026-07-19 05:56:29,0
T105005,U10261,M1054,crypto,33.82,2026-07-19 06:13:21,0
T100199,U10291,M1034,fashion,31.09,2026-07-19 06:27:23,0
T106593,U10056,M1015,utilities,25.28,2026-07-19 06:28:16,0
T104980,U10170,M1006,grocery,15.76,2026-07-19 06:44:51,0
T107563,U10068,M1039,restaurant,62.0,2026-07-19 06:46:34,0
T104090,U10267,M1051,electronics,19.95,2026-07-19 06:48:51,0
T101246,U10112,M1040,electronics,11.12,2026-07-19 07:27:08,0
T106817,U10091,M1047,fashion,55.48,2026-07-19 08:26:06,0
T101129,U10091,M1037,fashion,152.38,2026-07-19 08:28:24,0
T103501,U10068,M1008,travel,63.6,2026-07-19 09:19:06,0
T102971,U10079,M1059,restaurant,19.4,2026-07-19 09:29:18,0
T106555,U10178,M1023,pharmacy,19.35,2026-07-19 09:55:36,0
T104723,U10294,M1045,pharmacy,41.15,2026-07-19 10:18:33,0
T101992,U10068,M1037,fashion,23.05,2026-07-19 10:49:53,0
T104750,U10236,M1052,gaming,26.5,2026-07-19 11:46:53,0
T104930,U10071,M1046,crypto,92.28,2026-07-19 12:05:01,0
T105651,U10049,M1020,gambling,33.6,2026-07-19 12:07:49,0
T101903,U10261,M1015,utilities,32.26,2026-07-19 12:20:43,0
T107435,U10117,M1026,crypto,62.39,2026-07-19 12:40:05,0
T106108,U10011,M1055,grocery,31.06,2026-07-19 12:45:39,0
T107974,U10228,M1021,gaming,88.43,2026-07-19 13:19:10,0
T105156,U10133,M1032,grocery,25.57,2026-07-19 13:22:22,0
T101526,U10222,M1045,pharmacy,167.46,2026-07-19 13:55:05,0
T100981,U10188,M1059,restaurant,27.29,2026-07-19 14:02:25,0
T103079,U10261,M1052,gaming,67.45,2026-07-19 14:30:18,1
T105020,U10151,M1020,gambling,79.69,2026-07-19 14:42:25,0
T106669,U10104,M1037,fashion,16.47,2026-07-19 15:17:27,0
T102557,U10156,M1055,grocery,44.24,2026-07-19 15:26:40,0
T104769,U10263,M1004,crypto,10.39,2026-07-19 15:29:37,0
T105411,U10031,M1011,pharmacy,33.43,2026-07-19 15:56:42,1
T100227,U10152,M1000,grocery,32.55,2026-07-19 16:17:43,0
T102381,U10176,M1034,fashion,6.95,2026-07-19 16:32:13,0
T107979,U10198,M1019,crypto,61.27,2026-07-19 16:54:12,0
T101019,U10294,M1053,crypto,56.51,2026-07-19 17:14:32,0
T102987,U10247,M1009,grocery,27.75,2026-07-19 17:22:55,0
T105880,U10095,M1040,electronics,33.71,2026-07-19 17:23:35,0
T100032,U10159,M1046,crypto,283.3,2026-07-19 17:36:05,0
T100929,U10165,M1020,gambling,33.53,2026-07-19 18:22:11,0
T105892,U10287,M1022,electronics,6.71,2026-07-19 19:57:42,0
T100619,U10120,M1054,crypto,91.47,2026-07-19 20:41:25,1
T104412,U10160,M1048,restaurant,75.24,2026-07-19 20:43:17,0
T104398,U10282,M1036,fashion,277.8,2026-07-19 20:56:23,1
T107766,U10267,M1016,gambling,74.1,2026-07-19 22:01:28,0
T103077,U10080,M1017,electronics,134.02,2026-07-19 22:04:58,0
T107393,U10249,M1047,fashion,37.72,2026-07-19 22:08:52,0
T100840,U10111,M1053,crypto,53.19,2026-07-19 22:15:16,0
T106219,U10188,M1047,fashion,89.59,2026-07-19 22:54:56,0
T102012,U10202,M1055,grocery,107.64,2026-07-19 23:48:48,0
T106931,U10024,M1034,fashion,27.48,2026-07-19 23:59:09,0
T102314,U10084,M1009,grocery,51.04,2026-07-20 00:02:39,0
T101194,U10118,M1046,crypto,542.03,2026-07-20 00:23:57,0
T103567,U10039,M1028,gambling,68.2,2026-07-20 00:25:42,0
T107564,U10203,M1044,grocery,257.32,2026-07-20 00:28:20,0
T104185,U10021,M1014,utilities,45.99,2026-07-20 00:38:13,0
T103194,U10243,M1043,gaming,131.15,2026-07-20 00:59:12,0
T107047,U10036,M1053,crypto,14.99,2026-07-20 01:03:33,0
T104437,U10020,M1000,grocery,91.35,2026-07-20 02:02:04,1
T106137,U10137,M1049,utilities,100.23,2026-07-20 02:07:09,0
T105297,U10191,M1008,travel,42.98,2026-07-20 02:10:25,0
T107200,U10293,M1054,crypto,53.91,2026-07-20 02:16:49,0
T100368,U10279,M1009,grocery,118.28,2026-07-20 02:58:00,0
T106657,U10153,M1013,utilities,45.94,2026-07-20 03:56:38,0
T103873,U10288,M1046,crypto,114.54,2026-07-20 04:44:34,0
T102801,U10024,M1039,restaurant,18.94,2026-07-20 05:05:31,0
T102029,U10193,M1041,utilities,33.56,2026-07-20 05:19:54,0
T105732,U10219,M1032,grocery,8.57,2026-07-20 06:11:31,0
T100690,U10107,M1011,pharmacy,94.92,2026-07-20 06:12:18,0
T107726,U10272,M1020,gambling,24.88,2026-07-20 06:12:26,0
T105226,U10217,M1044,grocery,87.92,2026-07-20 06:20:16,0
T106411,U10089,M1005,fashion,34.88,2026-07-20 06:25:10,0
T107632,U10279,M1030,crypto,108.75,2026-07-20 06:27:16,0
T101150,U10269,M1036,fashion,33.55,2026-07-20 06:37:24,0
T106289,U10217,M1042,utilities,58.6,2026-07-20 06:55:21,0
T103024,U10268,M1053,crypto,20.66,2026-07-20 07:10:04,0
T101949,U10121,M1034,fashion,19.34,2026-07-20 07:12:44,0
T104839,U10002,M1017,electronics,71.15,2026-07-20 07:17:47,0
T101648,U10150,M1023,pharmacy,154.14,2026-07-20 07:28:36,0
T104608,U10274,M1027,fashion,32.78,2026-07-20 07:45:23,0
T100046,U10256,M1042,utilities,14.78,2026-07-20 07:59:11,0
T102872,U10258,M1000,grocery,38.65,2026-07-20 08:12:02,0
T104607,U10002,M1041,utilities,39.33,2026-07-20 08:43:55,0
T105800,U10108,M1021,gaming,223.15,2026-07-20 08:52:00,0
T105321,U10141,M1029,crypto,32.18,2026-07-20 08:58:11,0
T105487,U10075,M1024,utilities,193.7,2026-07-20 10:03:40,0
T106086,U10060,M1042,utilities,52.43,2026-07-20 10:06:37,0
T104601,U10128,M1005,fashion,7.75,2026-07-20 10:07:47,0
T103608,U10251,M1057,electronics,31.6,2026-07-20 10:12:23,0
T102806,U10052,M1034,fashion,88.56,2026-07-20 10:35:36,0
T100103,U10132,M1037,fashion,67.14,2026-07-20 10:40:04,0
T107304,U10145,M1045,pharmacy,30.8,2026-07-20 10:42:07,0
T106552,U10047,M1014,utilities,14.07,2026-07-20 11:06:24,0
T102439,U10113,M1036,fashion,63.73,2026-07-20 11:09:31,0
T101230,U10057,M1001,utilities,89.0,2026-07-20 11:34:23,0
T100381,U10133,M1026,crypto,15.16,2026-07-20 11:43:20,0
T102984,U10001,M1005,fashion,30.52,2026-07-20 11:52:03,0
T102450,U10038,M1058,utilities,103.76,2026-07-20 11:55:24,0
T107404,U10249,M1009,grocery,71.97,2026-07-20 12:36:46,0
T105009,U10173,M1036,fashion,44.86,2026-07-20 12:59:05,0
T103201,U10181,M1048,restaurant,8.22,2026-07-20 13:18:06,0
T100702,U10208,M1020,gambling,22.94,2026-07-20 13:26:22,0
T100991,U10043,M1005,fashion,27.24,2026-07-20 14:02:39,0
T100654,U10017,M1027,fashion,16.98,2026-07-20 14:11:22,0
T100457,U10187,M1047,fashion,61.72,2026-07-20 14:48:56,0
T103474,U10298,M1059,restaurant,168.72,2026-07-20 15:06:51,0
T104987,U10284,M1005,fashion,42.46,2026-07-20 15:08:36,0
T105733,U10012,M1049,utilities,9.01,2026-07-20 15:16:58,0
T100403,U10170,M1055,grocery,42.23,2026-07-20 15:37:28,0
T101633,U10000,M1036,fashion,118.75,2026-07-20 16:07:21,0
T102944,U10172,M1051,electronics,72.88,2026-07-20 16:25:14,0
T106284,U10193,M1057,electronics,45.66,2026-07-20 17:06:56,0
T107226,U10297,M1009,grocery,70.85,2026-07-20 17:12:06,0
T107119,U10198,M1053,crypto,16.64,2026-07-20 17:40:34,0
T101348,U10162,M1039,restaurant,18.99,2026-07-20 17:47:15,0
T101715,U10187,M1029,crypto,24.33,2026-07-20 17:50:10,0
T103462,U10090,M1027,fashion,14.36,2026-07-20 17:55:11,0
T106646,U10022,M1036,fashion,25.9,2026-07-20 18:30:25,0
T101111,U10284,M1018,fashion,80.05,2026-07-20 18:34:08,0
T103370,U10088,M1052,gaming,85.7,2026-07-20 19:07:41,1
T102597,U10026,M1006,grocery,34.6,2026-07-20 20:06:44,0
T107389,U10295,M1010,gambling,71.18,2026-07-20 21:58:41,0
T107410,U10076,M1029,crypto,58.41,2026-07-20 22:23:20,0
T102262,U10126,M1045,pharmacy,20.18,2026-07-20 22:25:31,0
T107211,U10273,M1019,crypto,113.3,2026-07-20 22:25:45,0
T102215,U10073,M1059,restaurant,53.46,2026-07-20 22:44:07,0
T107094,U10234,M1004,crypto,6.0,2026-07-20 22:52:49,0
T102628,U10121,M1047,fashion,23.74,2026-07-20 23:19:17,0
T100447,U10180,M1042,utilities,22.09,2026-07-21 00:35:20,0
T105018,U10034,M1021,gaming,21.03,2026-07-21 00:57:38,0
T103665,U10079,M1031,travel,5.43,2026-07-21 01:05:12,0
T101980,U10130,M1015,utilities,17.02,2026-07-21 01:05:27,0
T100182,U10040,M1058,utilities,25.37,2026-07-21 01:08:25,0
T107630,U10191,M1023,pharmacy,21.02,2026-07-21 01:12:18,0
T100209,U10036,M1004,crypto,32.55,2026-07-21 02:17:48,0
T102375,U10140,M1059,restaurant,27.4,2026-07-21 02:47:27,0
T103355,U10222,M1040,electronics,97.93,2026-07-21 02:52:20,0
T106870,U10110,M1031,travel,108.61,2026-07-21 02:54:17,0
T100191,U10101,M1047,fashion,6.4,2026-07-21 03:03:26,0
T105888,U10145,M1041,utilities,1806.11,2026-07-21 03:10:16,0
T102605,U10010,M1058,utilities,89.71,2026-07-21 03:23:13,0
T100623,U10274,M1055,grocery,35.09,2026-07-21 03:25:59,0
T105036,U10284,M1016,gambling,96.23,2026-07-21 03:36:45,0
T105302,U10118,M1026,crypto,50.55,2026-07-21 03:45:29,0
T100315,U10078,M1041,utilities,162.31,2026-07-21 04:01:44,0
T102372,U10257,M1056,gambling,91.69,2026-07-21 04:03:52,0
T106270,U10054,M1056,gambling,8.62,2026-07-21 04:36:10,0
T106820,U10269,M1028,gambling,54.98,2026-07-21 04:54:40,0
T107844,U10232,M1021,gaming,51.9,2026-07-21 05:16:57,0
T104513,U10272,M1003,crypto,73.25,2026-07-21 05:53:57,0
T104074,U10120,M1000,grocery,43.84,2026-07-21 06:40:10,0
T103390,U10279,M1030,crypto,146.88,2026-07-21 06:46:48,0
T100430,U10119,M1041,utilities,659.4,2026-07-21 07:21:15,0
T102422,U10070,M1004,crypto,34.06,2026-07-21 08:02:53,0
T107344,U10227,M1038,travel,39.9,2026-07-21 08:55:28,0
T106328,U10067,M1057,electronics,10.48,2026-07-21 08:58:05,0
T103955,U10049,M1042,utilities,27.58,2026-07-21 09:04:36,0
T107535,U10119,M1030,crypto,54.5,2026-07-21 09:08:09,0
T102528,U10282,M1047,fashion,64.22,2026-07-21 09:30:33,0
T105439,U10177,M1000,grocery,11.59,2026-07-21 09:43:20,0
T106430,U10263,M1015,utilities,17.08,2026-07-21 10:14:53,0
T103087,U10089,M1005,fashion,79.53,2026-07-21 10:40:33,0
T103251,U10132,M1017,electronics,72.42,2026-07-21 11:05:00,0
T106054,U10274,M1005,fashion,25.93,2026-07-21 11:19:41,0
T103164,U10285,M1029,crypto,22.75,2026-07-21 11:31:16,0
T103624,U10207,M1052,gaming,56.12,2026-07-21 12:34:10,0
T101942,U10186,M1022,electronics,69.06,2026-07-21 12:37:07,0
T100226,U10041,M1049,utilities,14.89,2026-07-21 13:35:55,0
T100254,U10036,M1046,crypto,49.23,2026-07-21 14:28:54,0
T105152,U10022,M1051,electronics,25.44,2026-07-21 15:31:44,0
T103286,U10064,M1017,electronics,9.12,2026-07-21 15:46:53,0
T102893,U10237,M1047,fashion,15.95,2026-07-21 16:50:29,0
T107623,U10004,M1039,restaurant,48.76,2026-07-21 17:08:12,0
T107114,U10286,M1010,gambling,56.89,2026-07-21 17:18:36,0
T100356,U10250,M1007,restaurant,78.62,2026-07-21 17:19:03,0
T107300,U10282,M1052,gaming,57.74,2026-07-21 17:28:04,0
T103044,U10199,M1058,utilities,40.03,2026-07-21 18:41:29,0
T102288,U10248,M1059,restaurant,21.58,2026-07-21 18:50:43,0
T102189,U10232,M1036,fashion,54.04,2026-07-21 18:58:11,0
T102919,U10043,M1033,gambling,44.7,2026-07-21 19:24:58,0
T102482,U10001,M1020,gambling,80.26,2026-07-21 20:03:21,0
T101881,U10295,M1046,crypto,66.35,2026-07-21 20:40:35,0
T106087,U10271,M1021,gaming,24.38,2026-07-21 20:47:50,0
T100002,U10276,M1047,fashion,81.65,2026-07-21 20:50:02,0
T102195,U10108,M1049,utilities,187.21,2026-07-21 21:01:18,0
T101999,U10150,M1028,gambling,83.29,2026-07-21 21:04:31,0
T107989,U10251,M1000,grocery,8.04,2026-07-21 21:43:14,0
T107592,U10102,M1049,utilities,60.75,2026-07-21 21:46:59,0
T106678,U10065,M1048,restaurant,15.42,2026-07-21 21:48:41,0
T106337,U10273,M1048,restaurant,45.01,2026-07-21 22:34:23,0
T107224,U10136,M1028,gambling,67.73,2026-07-21 22:35:35,0
T103296,U10211,M1009,grocery,23.89,2026-07-21 22:57:27,0
T101068,U10234,M1058,utilities,40.66,2026-07-22 00:00:12,0
T104380,U10003,M1015,utilities,134.68,2026-07-22 00:17:20,0
T104782,U10196,M1028,gambling,120.72,2026-07-22 00:35:55,0
T106571,U10084,M1055,grocery,41.29,2026-07-22 00:39:21,0
T104210,U10190,M1053,crypto,13.31,2026-07-22 01:25:28,0
T103073,U10210,M1006,grocery,36.69,2026-07-22 01:58:45,0
T102035,U10043,M1016,gambling,113.23,2026-07-22 02:13:04,0
T102926,U10232,M1016,gambling,24.56,2026-07-22 02:43:16,0
T102067,U10066,M1053,crypto,127.4,2026-07-22 02:59:55,0
T107962,U10164,M1001,utilities,22.58,2026-07-22 03:54:06,0
T104593,U10211,M1026,crypto,26.94,2026-07-22 04:14:45,0
T100485,U10031,M1057,electronics,14.0,2026-07-22 04:24:39,0
T106008,U10200,M1021,gaming,14.94,2026-07-22 04:24:56,0
T107387,U10098,M1018,fashion,18.56,2026-07-22 04:38:33,0
T101971,U10225,M1039,restaurant,54.29,2026-07-22 04:54:15,0
T104571,U10272,M1006,grocery,23.47,2026-07-22 05:20:48,0
T101752,U10052,M1007,restaurant,17.83,2026-07-22 05:30:10,0
T107682,U10209,M1052,gaming,21.14,2026-07-22 06:19:21,0
T106242,U10109,M1014,utilities,206.76,2026-07-22 06:56:37,0
T107561,U10020,M1058,utilities,46.72,2026-07-22 07:29:12,0
T102946,U10049,M1000,grocery,29.22,2026-07-22 07:46:02,0
T101409,U10017,M1050,utilities,359.45,2026-07-22 08:34:51,0
T105778,U10170,M1002,restaurant,28.06,2026-07-22 08:38:38,0
T107522,U10295,M1012,utilities,122.96,2026-07-22 08:45:58,0
T100669,U10124,M1034,fashion,51.89,2026-07-22 09:10:59,0
T105348,U10095,M1046,crypto,69.45,2026-07-22 09:11:42,0
T106347,U10192,M1008,travel,53.46,2026-07-22 10:08:00,0
T107860,U10210,M1024,utilities,12.19,2026-07-22 10:14:14,0
T105558,U10281,M1054,crypto,91.25,2026-07-22 10:34:34,0
T103627,U10203,M1045,pharmacy,71.08,2026-07-22 10:36:26,0
T101523,U10167,M1010,gambling,9.86,2026-07-22 10:47:32,0
T107194,U10297,M1025,restaurant,39.96,2026-07-22 10:52:37,0
T105264,U10252,M1025,restaurant,44.11,2026-07-22 11:03:14,0
T104585,U10002,M1046,crypto,24.18,2026-07-22 11:05:57,0
T106016,U10296,M1007,restaurant,26.0,2026-07-22 11:34:20,0
T105798,U10067,M1021,gaming,51.52,2026-07-22 11:48:14,0
T100264,U10231,M1055,grocery,67.7,2026-07-22 12:04:49,0
T102326,U10175,M1002,restaurant,30.93,2026-07-22 12:11:18,0
T102169,U10103,M1037,fashion,9.01,2026-07-22 12:57:26,0
T101527,U10229,M1011,pharmacy,11.39,2026-07-22 14:26:19,0
T101417,U10213,M1008,travel,23.03,2026-07-22 14:27:34,0
T102606,U10217,M1059,restaurant,119.64,2026-07-22 14:37:34,0
T105326,U10153,M1000,grocery,19.63,2026-07-22 14:48:14,0
T102791,U10079,M1004,crypto,26.65,2026-07-22 15:37:03,0
T103359,U10015,M1010,gambling,84.12,2026-07-22 16:26:52,0
T104322,U10011,M1020,gambling,40.39,2026-07-22 16:33:09,0
T102729,U10269,M1027,fashion,28.36,2026-07-22 16:40:43,0
T102765,U10024,M1002,restaurant,20.74,2026-07-22 16:45:48,0
T101804,U10220,M1011,pharmacy,38.49,2026-07-22 16:56:52,0
T104795,U10150,M1032,grocery,98.53,2026-07-22 17:10:02,0
T102813,U10184,M1045,pharmacy,54.62,2026-07-22 18:01:14,0
T107193,U10046,M1007,restaurant,30.15,2026-07-22 18:07:07,0
T102392,U10283,M1020,gambling,59.49,2026-07-22 18:20:26,0
T101508,U10156,M1001,utilities,58.96,2026-07-22 18:52:35,0
T100979,U10015,M1005,fashion,36.51,2026-07-22 19:28:03,0
T103777,U10100,M1047,fashion,29.84,2026-07-22 20:09:50,0
T103685,U10270,M1018,fashion,122.15,2026-07-22 20:14:29,0
T107283,U10002,M1015,utilities,46.06,2026-07-22 20:31:00,0
T100914,U10037,M1007,restaurant,47.49,2026-07-22 20:44:09,0
T105021,U10017,M1059,restaurant,85.01,2026-07-22 20:45:11,0
T100680,U10092,M1027,fashion,25.72,2026-07-22 20:50:52,0
T103339,U10211,M1015,utilities,17.06,2026-07-22 21:27:24,0
T105614,U10186,M1001,utilities,28.33,2026-07-22 21:34:51,0
T101087,U10115,M1045,pharmacy,25.84,2026-07-22 21:36:08,0
T105072,U10295,M1031,travel,15.29,2026-07-22 22:25:27,0
T100418,U10061,M1001,utilities,86.2,2026-07-22 22:38:39,0
T105842,U10274,M1049,utilities,34.74,2026-07-22 22:59:10,0
T104259,U10220,M1016,gambling,110.28,2026-07-22 23:14:15,0
T103771,U10279,M1051,electronics,58.53,2026-07-23 00:02:23,0
T100248,U10203,M1044,grocery,69.08,2026-07-23 00:50:59,0
T104828,U10179,M1003,crypto,13.17,2026-07-23 00:51:57,0
T103521,U10057,M1003,crypto,19.33,2026-07-23 01:11:25,0
T105056,U10041,M1039,restaurant,19.46,2026-07-23 01:19:25,0
T107863,U10027,M1015,utilities,136.09,2026-07-23 01:34:24,0
T106465,U10070,M1049,utilities,95.09,2026-07-23 02:43:34,1
T107452,U10106,M1005,fashion,52.85,2026-07-23 02:44:59,0
T100005,U10221,M1022,electronics,105.6,2026-07-23 02:48:37,0
T107938,U10215,M1030,crypto,32.26,2026-07-23 03:58:55,0
T103682,U10107,M1056,gambling,51.5,2026-07-23 05:12:05,0
T101876,U10159,M1027,fashion,72.99,2026-07-23 06:00:50,0
T101988,U10055,M1055,grocery,26.44,2026-07-23 06:17:11,0
T104835,U10024,M1056,gambling,12.59,2026-07-23 06:21:33,1
T104940,U10234,M1006,grocery,88.73,2026-07-23 07:40:57,0
T100150,U10162,M1049,utilities,49.69,2026-07-23 07:59:15,0
T100262,U10088,M1015,utilities,126.44,2026-07-23 08:10:53,0
T102846,U10121,M1010,gambling,44.13,2026-07-23 08:15:19,0
T103476,U10285,M1004,crypto,17.29,2026-07-23 08:18:52,0
T102553,U10108,M1023,pharmacy,79.45,2026-07-23 09:17:20,0
T101830,U10027,M1053,crypto,153.54,2026-07-23 09:20:09,0
T106481,U10062,M1039,restaurant,37.31,2026-07-23 09:27:42,0
T102635,U10121,M1037,fashion,24.15,2026-07-23 09:42:30,0
T102595,U10159,M1009,grocery,141.67,2026-07-23 10:01:18,0
T101114,U10009,M1057,electronics,8.91,2026-07-23 10:21:54,0
T105743,U10244,M1059,restaurant,77.17,2026-07-23 10:39:28,0
T100993,U10122,M1021,gaming,21.87,2026-07-23 11:05:44,0
T103978,U10273,M1008,travel,12.46,2026-07-23 11:10:32,0
T107779,U10144,M1034,fashion,21.68,2026-07-23 11:12:58,0
T106934,U10206,M1025,restaurant,5.92,2026-07-23 11:26:57,0
T106919,U10163,M1010,gambling,153.04,2026-07-23 12:01:12,0
T105022,U10077,M1038,travel,284.43,2026-07-23 12:15:34,0
T105961,U10292,M1000,grocery,45.04,2026-07-23 12:38:38,0
T102403,U10237,M1031,travel,208.4,2026-07-23 13:27:46,0
T107893,U10244,M1031,travel,55.21,2026-07-23 14:02:58,0
T105136,U10038,M1039,restaurant,53.48,2026-07-23 14:45:07,0
T105741,U10095,M1021,gaming,40.92,2026-07-23 14:50:04,0
T107982,U10232,M1054,crypto,70.83,2026-07-23 14:57:50,0
T104799,U10052,M1056,gambling,17.42,2026-07-23 15:12:59,0
T101097,U10283,M1034,fashion,14.11,2026-07-23 15:57:49,0
T107418,U10154,M1011,pharmacy,119.58,2026-07-23 16:10:47,0
T101475,U10110,M1033,gambling,83.54,2026-07-23 16:25:39,0
T100085,U10215,M1014,utilities,6.22,2026-07-23 16:33:59,0
T105572,U10138,M1059,restaurant,30.51,2026-07-23 17:49:46,0
T105758,U10054,M1047,fashion,9.6,2026-07-23 18:10:27,0
T105183,U10083,M1019,crypto,61.96,2026-07-23 18:20:39,0
T100000,U10122,M1035,grocery,23.22,2026-07-23 18:38:20,0
T100429,U10155,M1012,utilities,43.06,2026-07-23 18:47:16,0
T100301,U10234,M1008,travel,91.47,2026-07-23 19:15:26,0
T101266,U10031,M1015,utilities,74.12,2026-07-23 20:02:08,0
T104016,U10138,M1013,utilities,141.57,2026-07-23 20:03:47,0
T106640,U10093,M1055,grocery,45.86,2026-07-23 20:06:32,0
T101308,U10046,M1031,travel,147.47,2026-07-23 20:34:40,0
T104396,U10289,M1044,grocery,32.29,2026-07-23 21:16:29,0
T105437,U10268,M1031,travel,8.7,2026-07-23 21:28:56,0
T105128,U10166,M1004,crypto,25.46,2026-07-23 22:14:53,0
T106458,U10279,M1048,restaurant,110.44,2026-07-23 22:32:52,0
T101389,U10296,M1020,gambling,3.16,2026-07-23 22:45:59,0
T102220,U10218,M1035,grocery,334.52,2026-07-23 22:51:07,0
T103304,U10020,M1027,fashion,50.5,2026-07-23 23:10:15,0
T101015,U10100,M1049,utilities,31.17,2026-07-23 23:15:32,0
T105883,U10002,M1054,crypto,42.5,2026-07-23 23:26:35,0
T103221,U10187,M1039,restaurant,42.21,2026-07-23 23:32:26,0
T104125,U10254,M1027,fashion,23.2,2026-07-23 23:45:24,0
T103053,U10190,M1009,grocery,8.75,2026-07-24 00:00:22,0
T101964,U10012,M1026,crypto,927.1,2026-07-24 00:10:19,1
T107162,U10198,M1026,crypto,37.36,2026-07-24 01:12:39,0
T100925,U10249,M1055,grocery,36.72,2026-07-24 01:21:56,0
T100144,U10172,M1011,pharmacy,12.41,2026-07-24 02:00:03,0
T105414,U10181,M1049,utilities,23.28,2026-07-24 02:02:22,0
T101197,U10014,M1043,gaming,85.1,2026-07-24 02:31:09,1
T106944,U10070,M1055,grocery,38.97,2026-07-24 02:55:00,0
T107186,U10128,M1008,travel,12.72,2026-07-24 04:01:12,0
T107931,U10210,M1053,crypto,28.31,2026-07-24 04:01:52,0
T103271,U10156,M1033,gambling,42.09,2026-07-24 04:06:21,0
T101925,U10265,M1010,gambling,24.82,2026-07-24 05:09:31,0
T105202,U10032,M1028,gambling,26.2,2026-07-24 05:22:09,0
T106631,U10193,M1028,gambling,25.42,2026-07-24 05:34:20,0
T104692,U10244,M1026,crypto,124.33,2026-07-24 05:34:45,0
T101629,U10138,M1035,grocery,17.69,2026-07-24 05:43:59,0
T102278,U10241,M1022,electronics,32.75,2026-07-24 05:48:55,0
T102991,U10042,M1017,electronics,20.86,2026-07-24 05:55:08,0
T105894,U10163,M1037,fashion,15.38,2026-07-24 06:03:11,0
T102228,U10254,M1055,grocery,17.93,2026-07-24 06:45:23,0
T102199,U10203,M1038,travel,76.57,2026-07-24 06:47:32,0
T102145,U10050,M1057,electronics,66.13,2026-07-24 07:19:32,0
T103566,U10057,M1011,pharmacy,36.99,2026-07-24 07:31:49,0
T105565,U10198,M1028,gambling,20.58,2026-07-24 08:14:55,0
T105067,U10203,M1042,utilities,103.89,2026-07-24 08:27:18,0
T103433,U10131,M1015,utilities,23.08,2026-07-24 08:44:38,0
T103368,U10261,M1052,gaming,48.19,2026-07-24 08:45:45,0
T103392,U10238,M1033,gambling,77.24,2026-07-24 09:02:54,0
T104134,U10247,M1030,crypto,13.87,2026-07-24 09:02:59,0
T103437,U10296,M1044,grocery,7.63,2026-07-24 09:15:48,0
T105573,U10246,M1036,fashion,25.64,2026-07-24 09:37:55,0
T104678,U10157,M1021,gaming,16.27,2026-07-24 10:16:56,0
T100912,U10006,M1053,crypto,28.5,2026-07-24 10:20:16,0
T102123,U10198,M1019,crypto,41.7,2026-07-24 10:23:00,0
T107232,U10073,M1037,fashion,65.74,2026-07-24 10:39:27,0
T106791,U10186,M1034,fashion,70.83,2026-07-24 11:51:46,0
T103216,U10011,M1041,utilities,27.28,2026-07-24 12:00:47,0
T101291,U10040,M1057,electronics,25.07,2026-07-24 12:13:13,0
T102937,U10181,M1006,grocery,48.55,2026-07-24 12:13:35,0
T103533,U10235,M1029,crypto,88.24,2026-07-24 13:06:48,0
T102317,U10222,M1004,crypto,35.99,2026-07-24 13:30:25,0
T102668,U10014,M1045,pharmacy,21.21,2026-07-24 13:58:30,0
T101161,U10216,M1056,gambling,15.42,2026-07-24 14:55:40,0
T107920,U10119,M1016,gambling,26.57,2026-07-24 15:21:40,0
T104629,U10109,M1050,utilities,41.51,2026-07-24 15:47:49,0
T102831,U10124,M1051,electronics,193.71,2026-07-24 16:41:57,0
T103525,U10011,M1001,utilities,39.18,2026-07-24 16:50:20,0
T107038,U10198,M1042,utilities,13.96,2026-07-24 16:51:30,0
T101647,U10119,M1054,crypto,37.5,2026-07-24 16:53:06,0
T103580,U10154,M1057,electronics,47.71,2026-07-24 18:08:41,0
T101066,U10210,M1037,fashion,57.31,2026-07-24 18:14:57,0
T103180,U10055,M1045,pharmacy,28.92,2026-07-24 18:43:31,0
T104112,U10138,M1001,utilities,20.34,2026-07-24 18:49:43,0
T106169,U10057,M1025,restaurant,27.85,2026-07-24 19:24:12,0
T104335,U10290,M1045,pharmacy,68.86,2026-07-24 19:38:07,0
T100076,U10099,M1009,grocery,29.72,2026-07-24 19:57:13,0
T104981,U10198,M1057,electronics,18.28,2026-07-24 20:00:35,0
T105214,U10000,M1031,travel,33.09,2026-07-24 20:18:24,0
T104548,U10079,M1054,crypto,9.83,2026-07-24 20:28:42,0
T107572,U10174,M1016,gambling,4.14,2026-07-24 20:54:24,0
T100222,U10242,M1039,restaurant,24.09,2026-07-24 20:55:29,0
T102739,U10191,M1037,fashion,25.8,2026-07-24 20:57:24,0
T100304,U10203,M1029,crypto,53.37,2026-07-24 21:19:43,0
T106006,U10247,M1025,restaurant,33.14,2026-07-24 22:58:40,0
T100100,U10222,M1012,utilities,125.72,2026-07-24 23:03:29,0
T101261,U10053,M1002,restaurant,52.46,2026-07-24 23:04:17,0
T104557,U10006,M1038,travel,18.23,2026-07-24 23:08:13,0
T105490,U10247,M1027,fashion,26.5,2026-07-25 01:14:31,0
T101201,U10117,M1032,grocery,29.03,2026-07-25 01:30:44,0
T107210,U10020,M1054,crypto,29.13,2026-07-25 01:57:48,0
T106354,U10071,M1009,grocery,80.93,2026-07-25 03:03:34,0
T106069,U10276,M1053,crypto,27.35,2026-07-25 03:27:37,0
T107443,U10259,M1028,gambling,18.99,2026-07-25 03:56:43,0
T107874,U10075,M1038,travel,34.42,2026-07-25 04:20:15,0
T105291,U10064,M1012,utilities,12.32,2026-07-25 04:37:29,0
T101551,U10120,M1049,utilities,119.41,2026-07-25 04:39:27,0
T103716,U10224,M1011,pharmacy,15.01,2026-07-25 04:46:30,0
T106576,U10247,M1034,fashion,26.94,2026-07-25 04:47:45,0
T105012,U10114,M1055,grocery,38.0,2026-07-25 04:56:09,0
T104952,U10045,M1024,utilities,87.4,2026-07-25 05:04:27,0
T100697,U10278,M1043,gaming,28.96,2026-07-25 05:07:48,0
T103020,U10196,M1057,electronics,498.06,2026-07-25 05:10:29,0
T104464,U10079,M1050,utilities,59.18,2026-07-25 05:12:30,0
T101003,U10191,M1018,fashion,58.04,2026-07-25 05:40:58,0
T102505,U10222,M1036,fashion,127.15,2026-07-25 06:06:03,0
T105747,U10131,M1036,fashion,23.87,2026-07-25 06:22:16,0
T103276,U10197,M1000,grocery,89.78,2026-07-25 06:26:23,0
T100923,U10144,M1023,pharmacy,12.08,2026-07-25 06:29:26,0
T101557,U10065,M1010,gambling,30.1,2026-07-25 06:32:27,0
T106507,U10040,M1057,electronics,7.1,2026-07-25 06:35:06,0
T101239,U10236,M1052,gaming,18.38,2026-07-25 06:35:19,0
T106504,U10091,M1036,fashion,15.71,2026-07-25 07:59:12,0
T107143,U10105,M1041,utilities,20.34,2026-07-25 08:57:00,0
T100321,U10167,M1049,utilities,37.27,2026-07-25 09:07:02,0
T106910,U10179,M1018,fashion,38.72,2026-07-25 09:43:27,0
T100918,U10180,M1013,utilities,45.57,2026-07-25 09:58:38,0
T100295,U10263,M1035,grocery,7.44,2026-07-25 10:10:43,0
T106098,U10143,M1057,electronics,19.1,2026-07-25 11:19:04,0
T104061,U10105,M1029,crypto,13.91,2026-07-25 11:19:55,0
T102306,U10156,M1038,travel,134.6,2026-07-25 11:40:16,0
T107897,U10020,M1011,pharmacy,59.01,2026-07-25 11:40:28,0
T100720,U10112,M1048,restaurant,19.87,2026-07-25 12:49:14,0
T101812,U10016,M1030,crypto,176.1,2026-07-25 12:51:56,0
T105427,U10168,M1050,utilities,39.93,2026-07-25 12:59:15,0
T106804,U10114,M1012,utilities,22.31,2026-07-25 13:00:55,0
T100070,U10197,M1023,pharmacy,108.3,2026-07-25 13:32:43,0
T104848,U10234,M1050,utilities,22.75,2026-07-25 13:51:51,0
T105361,U10018,M1047,fashion,44.74,2026-07-25 13:58:20,0
T106224,U10053,M1026,crypto,15.51,2026-07-25 13:59:05,0
T107985,U10042,M1052,gaming,11.47,2026-07-25 15:00:04,0
T107216,U10108,M1044,grocery,130.75,2026-07-25 15:16:58,0
T107415,U10088,M1005,fashion,91.46,2026-07-25 15:56:45,0
T100477,U10044,M1025,restaurant,87.62,2026-07-25 16:12:21,0
T105570,U10169,M1050,utilities,37.47,2026-07-25 16:22:37,0
T107394,U10256,M1030,crypto,55.44,2026-07-25 17:01:35,1
T102174,U10288,M1050,utilities,37.4,2026-07-25 17:05:19,0
T101109,U10215,M1023,pharmacy,6.95,2026-07-25 17:47:01,0
T103131,U10262,M1044,grocery,84.65,2026-07-25 17:55:20,0
T101438,U10050,M1041,utilities,39.31,2026-07-25 17:57:27,0
T105568,U10171,M1044,grocery,116.0,2026-07-25 18:00:07,0
T103235,U10075,M1021,gaming,18.74,2026-07-25 18:02:59,0
T102951,U10233,M1022,electronics,5.98,2026-07-25 19:12:27,0
T100149,U10086,M1018,fashion,32.74,2026-07-25 19:39:27,0
T101655,U10034,M1019,crypto,39.59,2026-07-25 19:50:23,0
T107720,U10175,M1042,utilities,26.35,2026-07-25 19:56:55,0
T107790,U10133,M1004,crypto,25.84,2026-07-25 20:09:42,0
T101608,U10035,M1010,gambling,109.02,2026-07-25 20:12:55,0
T106085,U10234,M1056,gambling,58.63,2026-07-25 20:33:46,0
T107458,U10220,M1002,restaurant,29.05,2026-07-25 20:50:31,0
T101211,U10204,M1026,crypto,17.89,2026-07-25 22:00:19,0
T103628,U10201,M1045,pharmacy,36.82,2026-07-25 22:12:53,0
T107640,U10227,M1020,gambling,37.77,2026-07-25 22:32:03,0
T106979,U10138,M1000,grocery,12.83,2026-07-25 22:56:00,0
T104218,U10263,M1017,electronics,13.99,2026-07-25 23:04:53,0
T104307,U10038,M1033,gambling,55.75,2026-07-25 23:15:23,0
T104118,U10045,M1040,electronics,68.93,2026-07-25 23:25:36,0
T107683,U10088,M1058,utilities,77.22,2026-07-26 00:22:38,0
T102303,U10183,M1042,utilities,51.54,2026-07-26 00:27:54,0
T100841,U10094,M1048,restaurant,40.8,2026-07-26 00:31:59,0
T101583,U10281,M1042,utilities,63.17,2026-07-26 01:09:03,0
T104500,U10233,M1045,pharmacy,279.12,2026-07-26 01:14:31,0
T104856,U10183,M1051,electronics,36.44,2026-07-26 01:16:56,0
T106288,U10241,M1024,utilities,47.83,2026-07-26 02:38:03,0
T104671,U10251,M1035,grocery,9.8,2026-07-26 02:49:26,0
T101496,U10292,M1028,gambling,49.82,2026-07-26 03:15:27,0
T106496,U10217,M1035,grocery,39.34,2026-07-26 03:38:48,0
T105190,U10035,M1051,electronics,59.33,2026-07-26 03:52:45,0
T103957,U10147,M1015,utilities,23.04,2026-07-26 05:41:46,0
T106933,U10019,M1052,gaming,42.52,2026-07-26 06:10:49,0
T105125,U10277,M1006,grocery,85.54,2026-07-26 06:18:14,0
T105738,U10211,M1021,gaming,25.86,2026-07-26 07:01:17,0
T101601,U10281,M1024,utilities,32.59,2026-07-26 07:47:14,0
T104064,U10044,M1041,utilities,31.37,2026-07-26 07:59:53,0
T106029,U10297,M1031,travel,41.68,2026-07-26 08:17:15,0
T106753,U10279,M1010,gambling,76.32,2026-07-26 08:45:00,0
T104951,U10234,M1032,grocery,63.67,2026-07-26 09:04:12,1
T104813,U10158,M1052,gaming,10.15,2026-07-26 09:09:25,0
T105547,U10265,M1050,utilities,26.98,2026-07-26 09:15:23,0
T105108,U10258,M1014,utilities,25.77,2026-07-26 10:29:50,0
T106766,U10231,M1025,restaurant,45.35,2026-07-26 10:42:54,0
T107287,U10038,M1016,gambling,32.85,2026-07-26 11:49:43,0
T106903,U10159,M1039,restaurant,199.47,2026-07-26 11:56:47,0
T107738,U10259,M1029,crypto,35.79,2026-07-26 11:57:47,0
T105616,U10169,M1016,gambling,27.69,2026-07-26 13:53:19,0
T101507,U10254,M1041,utilities,9.46,2026-07-26 13:54:11,0
T100985,U10290,M1055,grocery,142.12,2026-07-26 14:15:50,0
T102847,U10164,M1044,grocery,32.63,2026-07-26 14:38:21,0
T105780,U10181,M1014,utilities,11.07,2026-07-26 15:02:22,0
T107901,U10154,M1031,travel,28.03,2026-07-26 15:27:15,0
T106756,U10178,M1031,travel,16.18,2026-07-26 15:28:57,0
T102566,U10172,M1023,pharmacy,41.59,2026-07-26 15:48:03,0
T102701,U10114,M1006,grocery,6.79,2026-07-26 16:07:49,0
T101117,U10225,M1049,utilities,36.91,2026-07-26 16:17:54,0
T107130,U10036,M1049,utilities,27.73,2026-07-26 16:41:35,0
T106132,U10089,M1033,gambling,11.89,2026-07-26 16:50:35,0
T105850,U10164,M1002,restaurant,15.04,2026-07-26 17:01:40,0
T103519,U10199,M1046,crypto,26.19,2026-07-26 17:34:08,0
T101056,U10132,M1008,travel,85.78,2026-07-26 17:52:29,0
T103623,U10104,M1034,fashion,8.68,2026-07-26 17:56:16,0
T105436,U10143,M1000,grocery,18.95,2026-07-26 18:11:21,0
T105364,U10086,M1019,crypto,21.4,2026-07-26 18:15:17,0
T107980,U10084,M1024,utilities,41.82,2026-07-26 18:26:27,0
T104533,U10198,M1004,crypto,25.26,2026-07-26 18:29:42,0
T106839,U10072,M1044,grocery,21.08,2026-07-26 18:35:16,0
T101838,U10182,M1010,gambling,34.76,2026-07-26 18:41:17,0
T104438,U10138,M1037,fashion,38.9,2026-07-26 18:48:05,0
T106668,U10226,M1007,restaurant,21.26,2026-07-26 19:10:10,0
T106876,U10143,M1053,crypto,12.97,2026-07-26 20:14:15,0
T103204,U10276,M1044,grocery,34.72,2026-07-26 20:41:37,0
T103834,U10175,M1006,grocery,35.59,2026-07-26 21:38:05,0
T103348,U10123,M1011,pharmacy,66.98,2026-07-26 22:06:04,0
T107248,U10034,M1007,restaurant,75.57,2026-07-26 22:23:07,0
T101781,U10244,M1018,fashion,70.01,2026-07-26 23:25:05,0
T104788,U10195,M1014,utilities,29.68,2026-07-26 23:46:59,0
T103781,U10124,M1035,grocery,60.59,2026-07-26 23:51:27,0
T104208,U10052,M1010,gambling,18.29,2026-07-27 00:20:30,0
T104067,U10195,M1024,utilities,41.22,2026-07-27 00:21:25,1
T103295,U10186,M1013,utilities,22.87,2026-07-27 00:27:50,0
T104971,U10138,M1029,crypto,53.91,2026-07-27 01:08:26,0
T103102,U10185,M1047,fashion,44.36,2026-07-27 01:59:32,0
T101243,U10037,M1020,gambling,6.4,2026-07-27 03:39:10,0
T104627,U10066,M1009,grocery,18.94,2026-07-27 03:50:52,0
T106780,U10040,M1013,utilities,88.28,2026-07-27 04:08:56,0
T105185,U10005,M1044,grocery,91.25,2026-07-27 04:46:46,0
T104093,U10017,M1004,crypto,38.24,2026-07-27 04:54:59,0
T102845,U10264,M1022,electronics,44.69,2026-07-27 05:23:36,0
T104254,U10220,M1028,gambling,49.9,2026-07-27 05:50:06,0
T101847,U10009,M1058,utilities,30.08,2026-07-27 06:24:10,0
T103814,U10294,M1050,utilities,29.76,2026-07-27 07:50:21,0
T100037,U10242,M1026,crypto,21.09,2026-07-27 08:41:50,0
T103056,U10096,M1013,utilities,140.7,2026-07-27 08:55:51,0
T106506,U10243,M1019,crypto,221.76,2026-07-27 09:11:17,0
T103379,U10123,M1050,utilities,24.37,2026-07-27 09:29:23,0
T107275,U10193,M1044,grocery,18.38,2026-07-27 10:09:43,0
T102757,U10091,M1003,crypto,38.48,2026-07-27 10:24:34,0
T101587,U10295,M1019,crypto,48.79,2026-07-27 10:35:35,1
T101292,U10044,M1009,grocery,18.35,2026-07-27 10:42:53,0
T105383,U10283,M1047,fashion,75.45,2026-07-27 11:28:13,0
T101863,U10069,M1015,utilities,19.38,2026-07-27 11:41:01,0
T103482,U10145,M1047,fashion,36.0,2026-07-27 11:47:06,0
T106229,U10260,M1009,grocery,30.02,2026-07-27 11:53:22,0
T101077,U10205,M1023,pharmacy,21.33,2026-07-27 12:12:25,0
T103972,U10054,M1014,utilities,24.51,2026-07-27 14:01:21,0
T103306,U10034,M1004,crypto,66.81,2026-07-27 14:15:39,0
T102865,U10204,M1032,grocery,32.59,2026-07-27 14:22:53,0
T104199,U10094,M1004,crypto,37.4,2026-07-27 14:31:07,0
T102208,U10109,M1028,gambling,160.04,2026-07-27 14:40:44,0
T103522,U10159,M1042,utilities,25.85,2026-07-27 14:54:13,0
T106320,U10224,M1035,grocery,38.07,2026-07-27 15:02:22,0
T101321,U10094,M1013,utilities,44.02,2026-07-27 15:03:07,0
T101926,U10046,M1016,gambling,21.52,2026-07-27 15:17:55,0
T103859,U10151,M1012,utilities,9.8,2026-07-27 15:54:05,0
T105432,U10258,M1056,gambling,26.76,2026-07-27 16:17:56,0
T101172,U10003,M1038,travel,37.28,2026-07-27 16:19:45,0
T100964,U10056,M1038,travel,76.16,2026-07-27 16:33:02,0
T106650,U10086,M1005,fashion,53.58,2026-07-27 16:33:04,0
T106800,U10054,M1053,crypto,13.46,2026-07-27 16:35:43,0
T103869,U10198,M1031,travel,84.45,2026-07-27 16:44:25,0
T101118,U10246,M1020,gambling,10.91,2026-07-27 16:47:31,0
T101668,U10088,M1050,utilities,205.55,2026-07-27 16:55:33,0
T101593,U10008,M1049,utilities,17.84,2026-07-27 17:37:45,0
T103454,U10065,M1045,pharmacy,19.76,2026-07-27 18:33:48,0
T105873,U10294,M1037,fashion,117.73,2026-07-27 18:37:59,0
T107013,U10076,M1016,gambling,27.41,2026-07-27 18:52:06,0
T102754,U10222,M1019,crypto,76.39,2026-07-27 19:12:26,0
T102952,U10122,M1022,electronics,22.58,2026-07-27 19:42:45,0
T103550,U10219,M1055,grocery,20.29,2026-07-27 20:13:19,0
T104749,U10224,M1044,grocery,39.98,2026-07-27 20:22:56,0
T100664,U10179,M1013,utilities,63.47,2026-07-27 20:31:01,0
T104529,U10198,M1021,gaming,52.78,2026-07-27 20:37:44,0
T107883,U10157,M1021,gaming,22.59,2026-07-27 20:50:49,0
T103167,U10126,M1021,gaming,47.23,2026-07-27 21:27:21,0
T101086,U10126,M1055,grocery,82.46,2026-07-27 21:49:35,0
T100730,U10026,M1028,gambling,79.75,2026-07-27 21:49:38,0
T102434,U10130,M1037,fashion,16.61,2026-07-27 22:52:32,0
T103885,U10193,M1038,travel,30.4,2026-07-27 23:03:49,0
T106105,U10260,M1047,fashion,71.44,2026-07-27 23:47:46,0
T105889,U10133,M1057,electronics,34.84,2026-07-28 00:27:43,0
T102118,U10017,M1053,crypto,18.62,2026-07-28 01:00:05,0
T102652,U10275,M1017,electronics,10.79,2026-07-28 01:29:25,0
T107188,U10145,M1004,crypto,64.16,2026-07-28 01:36:52,0
T106362,U10030,M1016,gambling,4.76,2026-07-28 02:20:25,0
T107336,U10056,M1036,fashion,36.43,2026-07-28 02:29:42,0
T107809,U10170,M1009,grocery,101.85,2026-07-28 02:47:47,0
T106268,U10252,M1026,crypto,60.71,2026-07-28 03:01:08,0
T103135,U10004,M1041,utilities,41.02,2026-07-28 03:03:23,0
T105415,U10174,M1057,electronics,16.68,2026-07-28 03:33:21,0
T102551,U10080,M1037,fashion,55.27,2026-07-28 04:04:50,0
T103036,U10156,M1034,fashion,81.49,2026-07-28 04:10:29,0
T107991,U10215,M1001,utilities,19.95,2026-07-28 04:48:35,0
T102579,U10151,M1002,restaurant,46.79,2026-07-28 05:08:19,0
T105486,U10086,M1038,travel,69.97,2026-07-28 05:36:39,0
T106662,U10138,M1029,crypto,26.38,2026-07-28 05:41:41,0
T104193,U10181,M1009,grocery,6.04,2026-07-28 05:57:17,0
T104552,U10183,M1038,travel,37.93,2026-07-28 06:17:43,0
T104359,U10296,M1023,pharmacy,38.45,2026-07-28 06:55:33,0
T106062,U10060,M1056,gambling,19.03,2026-07-28 07:51:27,0
T107756,U10148,M1018,fashion,16.77,2026-07-28 08:04:35,0
T106590,U10268,M1055,grocery,13.36,2026-07-28 08:11:08,0
T105491,U10094,M1011,pharmacy,67.1,2026-07-28 08:12:45,0
T103549,U10231,M1048,restaurant,38.78,2026-07-28 08:19:36,0
T107617,U10190,M1030,crypto,63.78,2026-07-28 09:01:17,0
T107133,U10070,M1018,fashion,654.65,2026-07-28 09:16:19,0
T107198,U10232,M1028,gambling,23.49,2026-07-28 10:24:26,0
T100035,U10124,M1016,gambling,20.77,2026-07-28 10:29:22,0
T105561,U10008,M1001,utilities,21.05,2026-07-28 10:57:36,0
T100288,U10171,M1000,grocery,55.08,2026-07-28 12:10:25,0
T106100,U10140,M1024,utilities,58.42,2026-07-28 12:17:03,0
T105753,U10220,M1006,grocery,31.99,2026-07-28 12:27:51,0
T100061,U10074,M1055,grocery,12.48,2026-07-28 12:28:03,0
T106945,U10256,M1041,utilities,80.95,2026-07-28 12:41:57,0
T107571,U10161,M1058,utilities,57.25,2026-07-28 13:23:49,0
T102346,U10041,M1010,gambling,64.0,2026-07-28 13:27:38,0
T102280,U10066,M1058,utilities,34.72,2026-07-28 13:38:39,0
T103098,U10289,M1020,gambling,8.92,2026-07-28 13:57:57,0
T107001,U10138,M1027,fashion,74.15,2026-07-28 14:06:14,0
T107416,U10277,M1053,crypto,44.64,2026-07-28 14:59:03,0
T105685,U10206,M1056,gambling,16.19,2026-07-28 16:09:07,0
T102787,U10235,M1020,gambling,34.92,2026-07-28 16:30:17,0
T103381,U10152,M1042,utilities,64.98,2026-07-28 16:58:35,0
T107517,U10114,M1019,crypto,35.99,2026-07-28 17:21:34,0
T101404,U10139,M1044,grocery,48.77,2026-07-28 17:30:35,0
T101498,U10028,M1056,gambling,13.35,2026-07-28 17:38:27,0
T102879,U10267,M1038,travel,39.21,2026-07-28 18:01:08,0
T105970,U10044,M1002,restaurant,18.35,2026-07-28 18:10:12,0
T101252,U10129,M1006,grocery,21.5,2026-07-28 18:14:46,0
T103920,U10142,M1019,crypto,19.6,2026-07-28 18:15:40,0
T105454,U10131,M1036,fashion,46.89,2026-07-28 18:47:43,0
T104465,U10064,M1034,fashion,11.77,2026-07-28 19:02:11,0
T100397,U10255,M1003,crypto,21.8,2026-07-28 19:58:09,0
T106603,U10042,M1011,pharmacy,12.9,2026-07-28 19:59:32,0
T100284,U10085,M1047,fashion,89.7,2026-07-28 20:11:16,0
T105665,U10082,M1010,gambling,37.05,2026-07-28 21:08:38,0
T103817,U10115,M1043,gaming,19.84,2026-07-28 21:12:20,0
T106702,U10245,M1015,utilities,29.21,2026-07-28 21:25:04,0
T107639,U10234,M1009,grocery,131.42,2026-07-28 23:30:03,0
T100118,U10048,M1010,gambling,92.84,2026-07-28 23:36:42,0
T105559,U10143,M1015,utilities,25.03,2026-07-28 23:48:17,0
T102243,U10059,M1049,utilities,29.45,2026-07-29 00:33:07,0
T106028,U10299,M1043,gaming,25.48,2026-07-29 00:33:12,0
T105423,U10196,M1058,utilities,120.2,2026-07-29 00:38:51,0
T105033,U10202,M1056,gambling,40.26,2026-07-29 00:45:24,0
T102720,U10249,M1033,gambling,5.5,2026-07-29 01:29:08,0
T100342,U10151,M1026,crypto,36.74,2026-07-29 01:57:48,0
T101646,U10276,M1031,travel,14.97,2026-07-29 02:11:38,0
T106398,U10048,M1035,grocery,56.37,2026-07-29 02:36:16,0
T106635,U10143,M1026,crypto,11.75,2026-07-29 03:08:34,0
T107754,U10092,M1019,crypto,25.4,2026-07-29 03:53:01,0
T101821,U10115,M1006,grocery,29.22,2026-07-29 04:07:15,0
T107767,U10062,M1035,grocery,53.12,2026-07-29 05:11:22,0
T100999,U10209,M1029,crypto,14.33,2026-07-29 06:42:49,0
T101298,U10088,M1014,utilities,34.87,2026-07-29 06:43:10,0
T107664,U10257,M1014,utilities,24.18,2026-07-29 07:02:50,0
T107470,U10145,M1039,restaurant,41.34,2026-07-29 08:28:27,0
T103778,U10253,M1049,utilities,38.26,2026-07-29 08:57:32,0
T101846,U10081,M1032,grocery,41.93,2026-07-29 09:07:16,0
T104262,U10105,M1028,gambling,58.1,2026-07-29 09:10:29,0
T100942,U10152,M1022,electronics,206.3,2026-07-29 09:14:42,0
T103789,U10086,M1022,electronics,155.61,2026-07-29 10:20:44,0
T103731,U10069,M1042,utilities,11.81,2026-07-29 10:43:52,0
T103984,U10183,M1048,restaurant,37.01,2026-07-29 11:49:28,0
T106918,U10194,M1007,restaurant,28.15,2026-07-29 12:02:06,0
T101585,U10048,M1026,crypto,112.65,2026-07-29 12:32:40,0
T103688,U10125,M1055,grocery,73.45,2026-07-29 12:36:15,0
T103944,U10255,M1050,utilities,31.21,2026-07-29 12:41:15,0
T103804,U10255,M1032,grocery,16.9,2026-07-29 13:07:22,0
T102021,U10253,M1036,fashion,15.86,2026-07-29 13:11:58,0
T102763,U10209,M1057,electronics,14.56,2026-07-29 13:33:33,0
T104191,U10291,M1007,restaurant,16.78,2026-07-29 13:45:39,0
T107007,U10264,M1059,restaurant,23.71,2026-07-29 13:51:29,0
T101473,U10234,M1037,fashion,50.23,2026-07-29 14:11:41,0
T104133,U10258,M1009,grocery,12.74,2026-07-29 14:45:29,0
T106120,U10084,M1035,grocery,14.83,2026-07-29 16:00:38,0
T104560,U10092,M1014,utilities,58.96,2026-07-29 16:21:40,0
T106955,U10294,M1038,travel,102.2,2026-07-29 16:51:45,0
T105950,U10066,M1042,utilities,49.51,2026-07-29 17:31:59,0
T101792,U10251,M1055,grocery,6.27,2026-07-29 17:36:16,0
T104476,U10219,M1055,grocery,19.48,2026-07-29 18:35:47,0
T100873,U10003,M1030,crypto,17.8,2026-07-29 18:58:29,0
T102645,U10292,M1029,crypto,43.55,2026-07-29 19:06:21,0
T106264,U10149,M1022,electronics,107.8,2026-07-29 19:13:29,0
T105431,U10152,M1053,crypto,6.1,2026-07-29 19:21:58,0
T100475,U10264,M1044,grocery,61.12,2026-07-29 19:46:35,0
T100514,U10065,M1004,crypto,25.87,2026-07-29 20:23:01,0
T102555,U10254,M1054,crypto,48.21,2026-07-29 20:38:54,0
T106626,U10051,M1014,utilities,34.1,2026-07-29 21:00:44,0
T102851,U10279,M1047,fashion,1961.26,2026-07-29 21:03:40,0
T105393,U10248,M1017,electronics,36.69,2026-07-29 21:34:22,0
T104780,U10050,M1051,electronics,40.53,2026-07-29 22:06:53,0
T104113,U10263,M1054,crypto,6.04,2026-07-29 22:08:35,0
T103831,U10148,M1035,grocery,12.54,2026-07-29 22:19:49,0
T103764,U10178,M1027,fashion,11.45,2026-07-29 22:36:50,0
T104950,U10130,M1024,utilities,10.45,2026-07-29 22:54:29,0
T104734,U10174,M1002,restaurant,96.51,2026-07-29 23:18:06,0
T102715,U10070,M1028,gambling,8.82,2026-07-29 23:20:56,0
T105844,U10179,M1017,electronics,55.38,2026-07-29 23:45:47,0
T105990,U10251,M1037,fashion,25.97,2026-07-29 23:52:06,0
T107270,U10267,M1056,gambling,24.75,2026-07-30 00:44:01,0
T103950,U10263,M1040,electronics,5.5,2026-07-30 01:54:35,0
T101502,U10110,M1042,utilities,22.86,2026-07-30 02:59:18,0
T104659,U10144,M1057,electronics,27.94,2026-07-30 03:29:13,0
T102142,U10158,M1019,crypto,9.44,2026-07-30 03:39:45,0
T102265,U10127,M1018,fashion,49.21,2026-07-30 04:30:57,0
T106306,U10267,M1011,pharmacy,16.34,2026-07-30 05:02:51,0
T100025,U10200,M1007,restaurant,2.97,2026-07-30 05:28:05,0
T105285,U10186,M1020,gambling,42.91,2026-07-30 05:29:47,0
T101619,U10161,M1057,electronics,100.01,2026-07-30 05:53:34,0
T100777,U10262,M1013,utilities,11.67,2026-07-30 05:55:38,0
T107032,U10236,M1016,gambling,23.14,2026-07-30 05:57:05,0
T103801,U10127,M1014,utilities,29.07,2026-07-30 06:10:57,0
T100554,U10149,M1048,restaurant,60.77,2026-07-30 06:27:41,0
T102768,U10129,M1005,fashion,11.16,2026-07-30 06:40:21,0
T100607,U10004,M1028,gambling,28.77,2026-07-30 07:04:31,0
T105149,U10238,M1006,grocery,63.66,2026-07-30 08:42:57,0
T101316,U10158,M1004,crypto,8.58,2026-07-30 09:59:07,0
T107548,U10011,M1026,crypto,32.46,2026-07-30 10:12:42,0
T104308,U10085,M1029,crypto,44.39,2026-07-30 10:34:13,0
T100110,U10088,M1041,utilities,90.84,2026-07-30 10:43:48,0
T100767,U10200,M1032,grocery,5.76,2026-07-30 10:58:47,0
T100171,U10109,M1029,crypto,130.04,2026-07-30 11:21:13,0
T106474,U10248,M1040,electronics,50.13,2026-07-30 12:34:44,0
T102867,U10246,M1009,grocery,18.61,2026-07-30 12:52:12,0
T101663,U10184,M1023,pharmacy,34.12,2026-07-30 13:12:29,0
T101516,U10210,M1011,pharmacy,44.57,2026-07-30 13:44:37,0
T105637,U10242,M1052,gaming,36.67,2026-07-30 14:11:27,0
T101406,U10017,M1001,utilities,14.31,2026-07-30 14:22:17,0
T105417,U10002,M1032,grocery,20.9,2026-07-30 15:06:44,0
T105062,U10192,M1032,grocery,11.09,2026-07-30 18:00:26,0
